[2025-12-12 14:01:11] Arquivo de metadata salvo. {
    "table": "clientes"
}
[2025-12-12 14:01:11] Arquivo de metadata salvo. {
    "table": "task_comments"
}
[2025-12-12 14:01:11] Arquivo de metadata salvo. {
    "table": "tasks"
}
[2025-12-12 14:01:11] Arquivo de metadata salvo. {
    "table": "veiculos"
}
[2025-12-12 19:49:13] Arquivo de metadata deletado {
    "file": "C:\\xampp\\htdocs\\Gustavo\\skyline2\\app\\metadata\/clientes.json"
}
[2025-12-12 19:49:13] Arquivo de metadata deletado {
    "file": "C:\\xampp\\htdocs\\Gustavo\\skyline2\\app\\metadata\/task_comments.json"
}
[2025-12-12 19:49:13] Arquivo de metadata deletado {
    "file": "C:\\xampp\\htdocs\\Gustavo\\skyline2\\app\\metadata\/tasks.json"
}
[2025-12-12 19:49:13] Arquivo de metadata deletado {
    "file": "C:\\xampp\\htdocs\\Gustavo\\skyline2\\app\\metadata\/veiculos.json"
}
[2025-12-12 19:49:13] Arquivo de metadata salvo. {
    "table": "clientes"
}
[2025-12-12 19:49:13] Arquivo de metadata salvo. {
    "table": "task_comments"
}
[2025-12-12 19:49:13] Arquivo de metadata salvo. {
    "table": "tasks"
}
[2025-12-12 19:49:13] Arquivo de metadata salvo. {
    "table": "veiculos"
}
[2025-12-12 19:52:59] Pasta criada {
    "path": "C:\\xampp\\htdocs\\Gustavo\\skyline2\\app\/modules\/clientes"
}
[2025-12-12 19:52:59] Pasta criada {
    "path": "C:\\xampp\\htdocs\\Gustavo\\skyline2\\app\/modules\/clientes\/views"
}
[2025-12-12 19:52:59] Pasta criada {
    "path": "C:\\xampp\\htdocs\\Gustavo\\skyline2\\app\/modules\/clientes\/js"
}
[2025-12-12 19:52:59] Pasta criada {
    "path": "C:\\xampp\\htdocs\\Gustavo\\skyline2\\app\/modules\/clientes\/css"
}
[2025-12-12 19:52:59] View criada {
    "view": "C:\\xampp\\htdocs\\Gustavo\\skyline2\\app\/modules\/clientes\/views\/index.php"
}
[2025-12-12 19:52:59] View criada {
    "view": "C:\\xampp\\htdocs\\Gustavo\\skyline2\\app\/modules\/clientes\/views\/edit.php"
}
[2025-12-12 19:52:59] View criada {
    "view": "C:\\xampp\\htdocs\\Gustavo\\skyline2\\app\/modules\/clientes\/views\/detail.php"
}
[2025-12-12 19:52:59] JS criado {
    "file": "C:\\xampp\\htdocs\\Gustavo\\skyline2\\app\/modules\/clientes\/js\/clientes.js"
}
[2025-12-12 19:52:59] CSS criado {
    "file": "C:\\xampp\\htdocs\\Gustavo\\skyline2\\app\/modules\/clientes\/css\/clientes.css"
}
[2025-12-12 19:52:59] Módulo gerado {
    "module": "clientes"
}
[2025-12-12 19:52:59] Pasta criada {
    "path": "C:\\xampp\\htdocs\\Gustavo\\skyline2\\app\/modules\/task_comments"
}
[2025-12-12 19:52:59] Pasta criada {
    "path": "C:\\xampp\\htdocs\\Gustavo\\skyline2\\app\/modules\/task_comments\/views"
}
[2025-12-12 19:52:59] Pasta criada {
    "path": "C:\\xampp\\htdocs\\Gustavo\\skyline2\\app\/modules\/task_comments\/js"
}
[2025-12-12 19:52:59] Pasta criada {
    "path": "C:\\xampp\\htdocs\\Gustavo\\skyline2\\app\/modules\/task_comments\/css"
}
[2025-12-12 19:52:59] View criada {
    "view": "C:\\xampp\\htdocs\\Gustavo\\skyline2\\app\/modules\/task_comments\/views\/index.php"
}
[2025-12-12 19:52:59] View criada {
    "view": "C:\\xampp\\htdocs\\Gustavo\\skyline2\\app\/modules\/task_comments\/views\/edit.php"
}
[2025-12-12 19:52:59] View criada {
    "view": "C:\\xampp\\htdocs\\Gustavo\\skyline2\\app\/modules\/task_comments\/views\/detail.php"
}
[2025-12-12 19:52:59] JS criado {
    "file": "C:\\xampp\\htdocs\\Gustavo\\skyline2\\app\/modules\/task_comments\/js\/task_comments.js"
}
[2025-12-12 19:52:59] CSS criado {
    "file": "C:\\xampp\\htdocs\\Gustavo\\skyline2\\app\/modules\/task_comments\/css\/task_comments.css"
}
[2025-12-12 19:52:59] Módulo gerado {
    "module": "task_comments"
}
[2025-12-12 19:52:59] Pasta criada {
    "path": "C:\\xampp\\htdocs\\Gustavo\\skyline2\\app\/modules\/tasks"
}
[2025-12-12 19:52:59] Pasta criada {
    "path": "C:\\xampp\\htdocs\\Gustavo\\skyline2\\app\/modules\/tasks\/views"
}
[2025-12-12 19:52:59] Pasta criada {
    "path": "C:\\xampp\\htdocs\\Gustavo\\skyline2\\app\/modules\/tasks\/js"
}
[2025-12-12 19:52:59] Pasta criada {
    "path": "C:\\xampp\\htdocs\\Gustavo\\skyline2\\app\/modules\/tasks\/css"
}
[2025-12-12 19:52:59] View criada {
    "view": "C:\\xampp\\htdocs\\Gustavo\\skyline2\\app\/modules\/tasks\/views\/index.php"
}
[2025-12-12 19:52:59] View criada {
    "view": "C:\\xampp\\htdocs\\Gustavo\\skyline2\\app\/modules\/tasks\/views\/edit.php"
}
[2025-12-12 19:52:59] View criada {
    "view": "C:\\xampp\\htdocs\\Gustavo\\skyline2\\app\/modules\/tasks\/views\/detail.php"
}
[2025-12-12 19:52:59] JS criado {
    "file": "C:\\xampp\\htdocs\\Gustavo\\skyline2\\app\/modules\/tasks\/js\/tasks.js"
}
[2025-12-12 19:52:59] CSS criado {
    "file": "C:\\xampp\\htdocs\\Gustavo\\skyline2\\app\/modules\/tasks\/css\/tasks.css"
}
[2025-12-12 19:52:59] Módulo gerado {
    "module": "tasks"
}
[2025-12-12 19:52:59] Pasta criada {
    "path": "C:\\xampp\\htdocs\\Gustavo\\skyline2\\app\/modules\/veiculos"
}
[2025-12-12 19:52:59] Pasta criada {
    "path": "C:\\xampp\\htdocs\\Gustavo\\skyline2\\app\/modules\/veiculos\/views"
}
[2025-12-12 19:52:59] Pasta criada {
    "path": "C:\\xampp\\htdocs\\Gustavo\\skyline2\\app\/modules\/veiculos\/js"
}
[2025-12-12 19:52:59] Pasta criada {
    "path": "C:\\xampp\\htdocs\\Gustavo\\skyline2\\app\/modules\/veiculos\/css"
}
[2025-12-12 19:52:59] View criada {
    "view": "C:\\xampp\\htdocs\\Gustavo\\skyline2\\app\/modules\/veiculos\/views\/index.php"
}
[2025-12-12 19:52:59] View criada {
    "view": "C:\\xampp\\htdocs\\Gustavo\\skyline2\\app\/modules\/veiculos\/views\/edit.php"
}
[2025-12-12 19:52:59] View criada {
    "view": "C:\\xampp\\htdocs\\Gustavo\\skyline2\\app\/modules\/veiculos\/views\/detail.php"
}
[2025-12-12 19:52:59] JS criado {
    "file": "C:\\xampp\\htdocs\\Gustavo\\skyline2\\app\/modules\/veiculos\/js\/veiculos.js"
}
[2025-12-12 19:52:59] CSS criado {
    "file": "C:\\xampp\\htdocs\\Gustavo\\skyline2\\app\/modules\/veiculos\/css\/veiculos.css"
}
[2025-12-12 19:52:59] Módulo gerado {
    "module": "veiculos"
}
[2025-12-13 00:28:58] Arquivo de metadata deletado {
    "file": "C:\\xampp\\htdocs\\skyline2\\app\\metadata\/clientes.json"
}
[2025-12-13 00:28:58] Arquivo de metadata deletado {
    "file": "C:\\xampp\\htdocs\\skyline2\\app\\metadata\/task_comments.json"
}
[2025-12-13 00:28:58] Arquivo de metadata deletado {
    "file": "C:\\xampp\\htdocs\\skyline2\\app\\metadata\/tasks.json"
}
[2025-12-13 00:28:58] Arquivo de metadata deletado {
    "file": "C:\\xampp\\htdocs\\skyline2\\app\\metadata\/veiculos.json"
}
[2025-12-13 00:28:58] Arquivo de metadata salvo. {
    "table": "clientes"
}
[2025-12-13 00:28:58] Arquivo de metadata salvo. {
    "table": "itens_servico"
}
[2025-12-13 00:28:58] Arquivo de metadata salvo. {
    "table": "servicos"
}
[2025-12-13 00:28:58] Arquivo de metadata salvo. {
    "table": "veiculos"
}
[2025-12-13 00:29:00] Módulo gerado {
    "module": "clientes"
}
[2025-12-13 00:29:00] Pasta criada {
    "path": "C:\\xampp\\htdocs\\skyline2\\app\/modules\/itens_servico"
}
[2025-12-13 00:29:00] Pasta criada {
    "path": "C:\\xampp\\htdocs\\skyline2\\app\/modules\/itens_servico\/views"
}
[2025-12-13 00:29:00] Pasta criada {
    "path": "C:\\xampp\\htdocs\\skyline2\\app\/modules\/itens_servico\/js"
}
[2025-12-13 00:29:00] Pasta criada {
    "path": "C:\\xampp\\htdocs\\skyline2\\app\/modules\/itens_servico\/css"
}
[2025-12-13 00:29:00] View criado {
    "file": "C:\\xampp\\htdocs\\skyline2\\app\/modules\/itens_servico\/views\/index.php"
}
[2025-12-13 00:29:00] View criado {
    "file": "C:\\xampp\\htdocs\\skyline2\\app\/modules\/itens_servico\/views\/edit.php"
}
[2025-12-13 00:29:00] View criado {
    "file": "C:\\xampp\\htdocs\\skyline2\\app\/modules\/itens_servico\/views\/detail.php"
}
[2025-12-13 00:29:00] JS criado {
    "file": "C:\\xampp\\htdocs\\skyline2\\app\/modules\/itens_servico\/js\/itens_servico.js"
}
[2025-12-13 00:29:00] CSS criado {
    "file": "C:\\xampp\\htdocs\\skyline2\\app\/modules\/itens_servico\/css\/itens_servico.css"
}
[2025-12-13 00:29:00] Módulo gerado {
    "module": "itens_servico"
}
[2025-12-13 00:29:00] Pasta criada {
    "path": "C:\\xampp\\htdocs\\skyline2\\app\/modules\/servicos"
}
[2025-12-13 00:29:00] Pasta criada {
    "path": "C:\\xampp\\htdocs\\skyline2\\app\/modules\/servicos\/views"
}
[2025-12-13 00:29:00] Pasta criada {
    "path": "C:\\xampp\\htdocs\\skyline2\\app\/modules\/servicos\/js"
}
[2025-12-13 00:29:00] Pasta criada {
    "path": "C:\\xampp\\htdocs\\skyline2\\app\/modules\/servicos\/css"
}
[2025-12-13 00:29:00] View criado {
    "file": "C:\\xampp\\htdocs\\skyline2\\app\/modules\/servicos\/views\/index.php"
}
[2025-12-13 00:29:00] View criado {
    "file": "C:\\xampp\\htdocs\\skyline2\\app\/modules\/servicos\/views\/edit.php"
}
[2025-12-13 00:29:00] View criado {
    "file": "C:\\xampp\\htdocs\\skyline2\\app\/modules\/servicos\/views\/detail.php"
}
[2025-12-13 00:29:00] JS criado {
    "file": "C:\\xampp\\htdocs\\skyline2\\app\/modules\/servicos\/js\/servicos.js"
}
[2025-12-13 00:29:00] CSS criado {
    "file": "C:\\xampp\\htdocs\\skyline2\\app\/modules\/servicos\/css\/servicos.css"
}
[2025-12-13 00:29:00] Módulo gerado {
    "module": "servicos"
}
[2025-12-13 00:29:00] Módulo gerado {
    "module": "veiculos"
}
[2025-12-13 00:29:30] Arquivo de metadata deletado {
    "file": "C:\\xampp\\htdocs\\skyline2\\app\\metadata\/clientes.json"
}
[2025-12-13 00:29:30] Arquivo de metadata deletado {
    "file": "C:\\xampp\\htdocs\\skyline2\\app\\metadata\/itens_servico.json"
}
[2025-12-13 00:29:30] Arquivo de metadata deletado {
    "file": "C:\\xampp\\htdocs\\skyline2\\app\\metadata\/servicos.json"
}
[2025-12-13 00:29:30] Arquivo de metadata deletado {
    "file": "C:\\xampp\\htdocs\\skyline2\\app\\metadata\/veiculos.json"
}
[2025-12-13 00:29:30] Arquivo de metadata salvo. {
    "table": "clientes"
}
[2025-12-13 00:29:30] Arquivo de metadata salvo. {
    "table": "itens_servico"
}
[2025-12-13 00:29:30] Arquivo de metadata salvo. {
    "table": "servicos"
}
[2025-12-13 00:29:30] Arquivo de metadata salvo. {
    "table": "veiculos"
}
[2025-12-13 00:29:32] Módulo gerado {
    "module": "clientes"
}
[2025-12-13 00:29:32] Módulo gerado {
    "module": "itens_servico"
}
[2025-12-13 00:29:32] Módulo gerado {
    "module": "servicos"
}
[2025-12-13 00:29:32] Módulo gerado {
    "module": "veiculos"
}
[2025-12-13 01:36:39] Arquivo de metadata deletado {
    "file": "C:\\xampp\\htdocs\\skyline2\\metadata\/clientes.json"
}
[2025-12-13 01:36:39] Arquivo de metadata deletado {
    "file": "C:\\xampp\\htdocs\\skyline2\\metadata\/itens_servico.json"
}
[2025-12-13 01:36:39] Arquivo de metadata deletado {
    "file": "C:\\xampp\\htdocs\\skyline2\\metadata\/servicos.json"
}
[2025-12-13 01:36:39] Arquivo de metadata deletado {
    "file": "C:\\xampp\\htdocs\\skyline2\\metadata\/veiculos.json"
}
[2025-12-13 01:36:39] Arquivo de metadata salvo. {
    "table": "clientes"
}
[2025-12-13 01:36:39] Arquivo de metadata salvo. {
    "table": "itens_servico"
}
[2025-12-13 01:36:39] Arquivo de metadata salvo. {
    "table": "servicos"
}
[2025-12-13 01:36:39] Arquivo de metadata salvo. {
    "table": "veiculos"
}
[2025-12-13 15:46:54] Arquivo de metadata deletado {
    "file": "C:\\xampp\\htdocs\\skyline2\\metadata\/clientes.json"
}
[2025-12-13 15:46:54] Arquivo de metadata deletado {
    "file": "C:\\xampp\\htdocs\\skyline2\\metadata\/itens_servico.json"
}
[2025-12-13 15:46:54] Arquivo de metadata deletado {
    "file": "C:\\xampp\\htdocs\\skyline2\\metadata\/servicos.json"
}
[2025-12-13 15:46:54] Arquivo de metadata deletado {
    "file": "C:\\xampp\\htdocs\\skyline2\\metadata\/veiculos.json"
}
[2025-12-13 15:46:54] Arquivo de metadata salvo. {
    "table": "clientes"
}
[2025-12-13 15:46:54] Arquivo de metadata salvo. {
    "table": "itens_servico"
}
[2025-12-13 15:46:54] Arquivo de metadata salvo. {
    "table": "servicos"
}
[2025-12-13 15:46:54] Arquivo de metadata salvo. {
    "table": "veiculos"
}
[2025-12-13 16:26:43] Pasta criada {
    "path": "C:\\xampp\\htdocs\\skyline2\/modules\/clientes"
}
[2025-12-13 16:26:43] Pasta criada {
    "path": "C:\\xampp\\htdocs\\skyline2\/modules\/clientes\/views"
}
[2025-12-13 16:26:43] Pasta criada {
    "path": "C:\\xampp\\htdocs\\skyline2\/modules\/clientes\/js"
}
[2025-12-13 16:26:43] Pasta criada {
    "path": "C:\\xampp\\htdocs\\skyline2\/modules\/clientes\/css"
}
[2025-12-13 16:26:43] View criado {
    "file": "C:\\xampp\\htdocs\\skyline2\/modules\/clientes\/views\/edit.php"
}
[2025-12-13 16:26:43] View criado {
    "file": "C:\\xampp\\htdocs\\skyline2\/modules\/clientes\/views\/detail.php"
}
[2025-12-13 16:26:43] Router criado {
    "file": "C:\\xampp\\htdocs\\skyline2\/modules\/clientes\/router.php"
}
[2025-12-13 16:26:43] Index View criado {
    "file": "C:\\xampp\\htdocs\\skyline2\/modules\/clientes\/views\/index.php"
}
[2025-12-13 16:26:43] JS criado {
    "file": "C:\\xampp\\htdocs\\skyline2\/modules\/clientes\/js\/clientes.js"
}
[2025-12-13 16:26:43] CSS criado {
    "file": "C:\\xampp\\htdocs\\skyline2\/modules\/clientes\/css\/clientes.css"
}
[2025-12-13 16:26:43] Módulo gerado {
    "module": "clientes"
}
[2025-12-13 16:26:43] Pasta criada {
    "path": "C:\\xampp\\htdocs\\skyline2\/modules\/itens_servico"
}
[2025-12-13 16:26:43] Pasta criada {
    "path": "C:\\xampp\\htdocs\\skyline2\/modules\/itens_servico\/views"
}
[2025-12-13 16:26:43] Pasta criada {
    "path": "C:\\xampp\\htdocs\\skyline2\/modules\/itens_servico\/js"
}
[2025-12-13 16:26:43] Pasta criada {
    "path": "C:\\xampp\\htdocs\\skyline2\/modules\/itens_servico\/css"
}
[2025-12-13 16:26:43] View criado {
    "file": "C:\\xampp\\htdocs\\skyline2\/modules\/itens_servico\/views\/edit.php"
}
[2025-12-13 16:26:43] View criado {
    "file": "C:\\xampp\\htdocs\\skyline2\/modules\/itens_servico\/views\/detail.php"
}
[2025-12-13 16:26:43] Router criado {
    "file": "C:\\xampp\\htdocs\\skyline2\/modules\/itens_servico\/router.php"
}
[2025-12-13 16:26:43] Index View criado {
    "file": "C:\\xampp\\htdocs\\skyline2\/modules\/itens_servico\/views\/index.php"
}
[2025-12-13 16:26:43] JS criado {
    "file": "C:\\xampp\\htdocs\\skyline2\/modules\/itens_servico\/js\/itens_servico.js"
}
[2025-12-13 16:26:43] CSS criado {
    "file": "C:\\xampp\\htdocs\\skyline2\/modules\/itens_servico\/css\/itens_servico.css"
}
[2025-12-13 16:26:43] Módulo gerado {
    "module": "itens_servico"
}
[2025-12-13 16:26:43] Pasta criada {
    "path": "C:\\xampp\\htdocs\\skyline2\/modules\/servicos"
}
[2025-12-13 16:26:43] Pasta criada {
    "path": "C:\\xampp\\htdocs\\skyline2\/modules\/servicos\/views"
}
[2025-12-13 16:26:43] Pasta criada {
    "path": "C:\\xampp\\htdocs\\skyline2\/modules\/servicos\/js"
}
[2025-12-13 16:26:43] Pasta criada {
    "path": "C:\\xampp\\htdocs\\skyline2\/modules\/servicos\/css"
}
[2025-12-13 16:26:43] View criado {
    "file": "C:\\xampp\\htdocs\\skyline2\/modules\/servicos\/views\/edit.php"
}
[2025-12-13 16:26:43] View criado {
    "file": "C:\\xampp\\htdocs\\skyline2\/modules\/servicos\/views\/detail.php"
}
[2025-12-13 16:26:43] Router criado {
    "file": "C:\\xampp\\htdocs\\skyline2\/modules\/servicos\/router.php"
}
[2025-12-13 16:26:43] Index View criado {
    "file": "C:\\xampp\\htdocs\\skyline2\/modules\/servicos\/views\/index.php"
}
[2025-12-13 16:26:43] JS criado {
    "file": "C:\\xampp\\htdocs\\skyline2\/modules\/servicos\/js\/servicos.js"
}
[2025-12-13 16:26:43] CSS criado {
    "file": "C:\\xampp\\htdocs\\skyline2\/modules\/servicos\/css\/servicos.css"
}
[2025-12-13 16:26:43] Módulo gerado {
    "module": "servicos"
}
[2025-12-13 16:26:43] Pasta criada {
    "path": "C:\\xampp\\htdocs\\skyline2\/modules\/veiculos"
}
[2025-12-13 16:26:43] Pasta criada {
    "path": "C:\\xampp\\htdocs\\skyline2\/modules\/veiculos\/views"
}
[2025-12-13 16:26:43] Pasta criada {
    "path": "C:\\xampp\\htdocs\\skyline2\/modules\/veiculos\/js"
}
[2025-12-13 16:26:43] Pasta criada {
    "path": "C:\\xampp\\htdocs\\skyline2\/modules\/veiculos\/css"
}
[2025-12-13 16:26:43] View criado {
    "file": "C:\\xampp\\htdocs\\skyline2\/modules\/veiculos\/views\/edit.php"
}
[2025-12-13 16:26:43] View criado {
    "file": "C:\\xampp\\htdocs\\skyline2\/modules\/veiculos\/views\/detail.php"
}
[2025-12-13 16:26:43] Router criado {
    "file": "C:\\xampp\\htdocs\\skyline2\/modules\/veiculos\/router.php"
}
[2025-12-13 16:26:43] Index View criado {
    "file": "C:\\xampp\\htdocs\\skyline2\/modules\/veiculos\/views\/index.php"
}
[2025-12-13 16:26:43] JS criado {
    "file": "C:\\xampp\\htdocs\\skyline2\/modules\/veiculos\/js\/veiculos.js"
}
[2025-12-13 16:26:43] CSS criado {
    "file": "C:\\xampp\\htdocs\\skyline2\/modules\/veiculos\/css\/veiculos.css"
}
[2025-12-13 16:26:43] Módulo gerado {
    "module": "veiculos"
}
[2025-12-13 16:27:00] Pasta criada {
    "path": "C:\\xampp\\htdocs\\skyline2\/modules\/clientes"
}
[2025-12-13 16:27:00] Pasta criada {
    "path": "C:\\xampp\\htdocs\\skyline2\/modules\/clientes\/views"
}
[2025-12-13 16:27:00] Pasta criada {
    "path": "C:\\xampp\\htdocs\\skyline2\/modules\/clientes\/js"
}
[2025-12-13 16:27:00] Pasta criada {
    "path": "C:\\xampp\\htdocs\\skyline2\/modules\/clientes\/css"
}
[2025-12-13 16:27:00] View criado {
    "file": "C:\\xampp\\htdocs\\skyline2\/modules\/clientes\/views\/edit.php"
}
[2025-12-13 16:27:00] View criado {
    "file": "C:\\xampp\\htdocs\\skyline2\/modules\/clientes\/views\/detail.php"
}
[2025-12-13 16:27:00] Router criado {
    "file": "C:\\xampp\\htdocs\\skyline2\/modules\/clientes\/router.php"
}
[2025-12-13 16:27:00] Index View criado {
    "file": "C:\\xampp\\htdocs\\skyline2\/modules\/clientes\/views\/index.php"
}
[2025-12-13 16:27:00] JS criado {
    "file": "C:\\xampp\\htdocs\\skyline2\/modules\/clientes\/js\/clientes.js"
}
[2025-12-13 16:27:00] CSS criado {
    "file": "C:\\xampp\\htdocs\\skyline2\/modules\/clientes\/css\/clientes.css"
}
[2025-12-13 16:27:00] Módulo gerado {
    "module": "clientes"
}
[2025-12-13 16:27:00] Pasta criada {
    "path": "C:\\xampp\\htdocs\\skyline2\/modules\/itens_servico"
}
[2025-12-13 16:27:00] Pasta criada {
    "path": "C:\\xampp\\htdocs\\skyline2\/modules\/itens_servico\/views"
}
[2025-12-13 16:27:00] Pasta criada {
    "path": "C:\\xampp\\htdocs\\skyline2\/modules\/itens_servico\/js"
}
[2025-12-13 16:27:00] Pasta criada {
    "path": "C:\\xampp\\htdocs\\skyline2\/modules\/itens_servico\/css"
}
[2025-12-13 16:27:00] View criado {
    "file": "C:\\xampp\\htdocs\\skyline2\/modules\/itens_servico\/views\/edit.php"
}
[2025-12-13 16:27:00] View criado {
    "file": "C:\\xampp\\htdocs\\skyline2\/modules\/itens_servico\/views\/detail.php"
}
[2025-12-13 16:27:00] Router criado {
    "file": "C:\\xampp\\htdocs\\skyline2\/modules\/itens_servico\/router.php"
}
[2025-12-13 16:27:00] Index View criado {
    "file": "C:\\xampp\\htdocs\\skyline2\/modules\/itens_servico\/views\/index.php"
}
[2025-12-13 16:27:00] JS criado {
    "file": "C:\\xampp\\htdocs\\skyline2\/modules\/itens_servico\/js\/itens_servico.js"
}
[2025-12-13 16:27:00] CSS criado {
    "file": "C:\\xampp\\htdocs\\skyline2\/modules\/itens_servico\/css\/itens_servico.css"
}
[2025-12-13 16:27:00] Módulo gerado {
    "module": "itens_servico"
}
[2025-12-13 16:27:00] Pasta criada {
    "path": "C:\\xampp\\htdocs\\skyline2\/modules\/servicos"
}
[2025-12-13 16:27:00] Pasta criada {
    "path": "C:\\xampp\\htdocs\\skyline2\/modules\/servicos\/views"
}
[2025-12-13 16:27:00] Pasta criada {
    "path": "C:\\xampp\\htdocs\\skyline2\/modules\/servicos\/js"
}
[2025-12-13 16:27:00] Pasta criada {
    "path": "C:\\xampp\\htdocs\\skyline2\/modules\/servicos\/css"
}
[2025-12-13 16:27:00] View criado {
    "file": "C:\\xampp\\htdocs\\skyline2\/modules\/servicos\/views\/edit.php"
}
[2025-12-13 16:27:00] View criado {
    "file": "C:\\xampp\\htdocs\\skyline2\/modules\/servicos\/views\/detail.php"
}
[2025-12-13 16:27:00] Router criado {
    "file": "C:\\xampp\\htdocs\\skyline2\/modules\/servicos\/router.php"
}
[2025-12-13 16:27:00] Index View criado {
    "file": "C:\\xampp\\htdocs\\skyline2\/modules\/servicos\/views\/index.php"
}
[2025-12-13 16:27:00] JS criado {
    "file": "C:\\xampp\\htdocs\\skyline2\/modules\/servicos\/js\/servicos.js"
}
[2025-12-13 16:27:00] CSS criado {
    "file": "C:\\xampp\\htdocs\\skyline2\/modules\/servicos\/css\/servicos.css"
}
[2025-12-13 16:27:00] Módulo gerado {
    "module": "servicos"
}
[2025-12-13 16:27:00] Pasta criada {
    "path": "C:\\xampp\\htdocs\\skyline2\/modules\/veiculos"
}
[2025-12-13 16:27:00] Pasta criada {
    "path": "C:\\xampp\\htdocs\\skyline2\/modules\/veiculos\/views"
}
[2025-12-13 16:27:00] Pasta criada {
    "path": "C:\\xampp\\htdocs\\skyline2\/modules\/veiculos\/js"
}
[2025-12-13 16:27:00] Pasta criada {
    "path": "C:\\xampp\\htdocs\\skyline2\/modules\/veiculos\/css"
}
[2025-12-13 16:27:00] View criado {
    "file": "C:\\xampp\\htdocs\\skyline2\/modules\/veiculos\/views\/edit.php"
}
[2025-12-13 16:27:00] View criado {
    "file": "C:\\xampp\\htdocs\\skyline2\/modules\/veiculos\/views\/detail.php"
}
[2025-12-13 16:27:00] Router criado {
    "file": "C:\\xampp\\htdocs\\skyline2\/modules\/veiculos\/router.php"
}
[2025-12-13 16:27:00] Index View criado {
    "file": "C:\\xampp\\htdocs\\skyline2\/modules\/veiculos\/views\/index.php"
}
[2025-12-13 16:27:00] JS criado {
    "file": "C:\\xampp\\htdocs\\skyline2\/modules\/veiculos\/js\/veiculos.js"
}
[2025-12-13 16:27:00] CSS criado {
    "file": "C:\\xampp\\htdocs\\skyline2\/modules\/veiculos\/css\/veiculos.css"
}
[2025-12-13 16:27:00] Módulo gerado {
    "module": "veiculos"
}
[2025-12-13 16:28:31] Pasta criada {
    "path": "C:\\xampp\\htdocs\\skyline2\/modules\/clientes"
}
[2025-12-13 16:28:31] Pasta criada {
    "path": "C:\\xampp\\htdocs\\skyline2\/modules\/clientes\/views"
}
[2025-12-13 16:28:31] Pasta criada {
    "path": "C:\\xampp\\htdocs\\skyline2\/modules\/clientes\/js"
}
[2025-12-13 16:28:31] Pasta criada {
    "path": "C:\\xampp\\htdocs\\skyline2\/modules\/clientes\/css"
}
[2025-12-13 16:28:31] View criado {
    "file": "C:\\xampp\\htdocs\\skyline2\/modules\/clientes\/views\/edit.php"
}
[2025-12-13 16:28:31] View criado {
    "file": "C:\\xampp\\htdocs\\skyline2\/modules\/clientes\/views\/detail.php"
}
[2025-12-13 16:28:31] Router criado {
    "file": "C:\\xampp\\htdocs\\skyline2\/modules\/clientes\/router.php"
}
[2025-12-13 16:28:31] Index View criado {
    "file": "C:\\xampp\\htdocs\\skyline2\/modules\/clientes\/views\/index.php"
}
[2025-12-13 16:28:31] JS criado {
    "file": "C:\\xampp\\htdocs\\skyline2\/modules\/clientes\/js\/clientes.js"
}
[2025-12-13 16:28:31] CSS criado {
    "file": "C:\\xampp\\htdocs\\skyline2\/modules\/clientes\/css\/clientes.css"
}
[2025-12-13 16:28:31] Módulo gerado {
    "module": "clientes"
}
[2025-12-13 16:28:31] Pasta criada {
    "path": "C:\\xampp\\htdocs\\skyline2\/modules\/itens_servico"
}
[2025-12-13 16:28:31] Pasta criada {
    "path": "C:\\xampp\\htdocs\\skyline2\/modules\/itens_servico\/views"
}
[2025-12-13 16:28:31] Pasta criada {
    "path": "C:\\xampp\\htdocs\\skyline2\/modules\/itens_servico\/js"
}
[2025-12-13 16:28:31] Pasta criada {
    "path": "C:\\xampp\\htdocs\\skyline2\/modules\/itens_servico\/css"
}
[2025-12-13 16:28:31] View criado {
    "file": "C:\\xampp\\htdocs\\skyline2\/modules\/itens_servico\/views\/edit.php"
}
[2025-12-13 16:28:31] View criado {
    "file": "C:\\xampp\\htdocs\\skyline2\/modules\/itens_servico\/views\/detail.php"
}
[2025-12-13 16:28:31] Router criado {
    "file": "C:\\xampp\\htdocs\\skyline2\/modules\/itens_servico\/router.php"
}
[2025-12-13 16:28:31] Index View criado {
    "file": "C:\\xampp\\htdocs\\skyline2\/modules\/itens_servico\/views\/index.php"
}
[2025-12-13 16:28:31] JS criado {
    "file": "C:\\xampp\\htdocs\\skyline2\/modules\/itens_servico\/js\/itens_servico.js"
}
[2025-12-13 16:28:31] CSS criado {
    "file": "C:\\xampp\\htdocs\\skyline2\/modules\/itens_servico\/css\/itens_servico.css"
}
[2025-12-13 16:28:31] Módulo gerado {
    "module": "itens_servico"
}
[2025-12-13 16:28:31] Pasta criada {
    "path": "C:\\xampp\\htdocs\\skyline2\/modules\/servicos"
}
[2025-12-13 16:28:31] Pasta criada {
    "path": "C:\\xampp\\htdocs\\skyline2\/modules\/servicos\/views"
}
[2025-12-13 16:28:31] Pasta criada {
    "path": "C:\\xampp\\htdocs\\skyline2\/modules\/servicos\/js"
}
[2025-12-13 16:28:31] Pasta criada {
    "path": "C:\\xampp\\htdocs\\skyline2\/modules\/servicos\/css"
}
[2025-12-13 16:28:31] View criado {
    "file": "C:\\xampp\\htdocs\\skyline2\/modules\/servicos\/views\/edit.php"
}
[2025-12-13 16:28:31] View criado {
    "file": "C:\\xampp\\htdocs\\skyline2\/modules\/servicos\/views\/detail.php"
}
[2025-12-13 16:28:31] Router criado {
    "file": "C:\\xampp\\htdocs\\skyline2\/modules\/servicos\/router.php"
}
[2025-12-13 16:28:31] Index View criado {
    "file": "C:\\xampp\\htdocs\\skyline2\/modules\/servicos\/views\/index.php"
}
[2025-12-13 16:28:31] JS criado {
    "file": "C:\\xampp\\htdocs\\skyline2\/modules\/servicos\/js\/servicos.js"
}
[2025-12-13 16:28:31] CSS criado {
    "file": "C:\\xampp\\htdocs\\skyline2\/modules\/servicos\/css\/servicos.css"
}
[2025-12-13 16:28:31] Módulo gerado {
    "module": "servicos"
}
[2025-12-13 16:28:31] Pasta criada {
    "path": "C:\\xampp\\htdocs\\skyline2\/modules\/veiculos"
}
[2025-12-13 16:28:31] Pasta criada {
    "path": "C:\\xampp\\htdocs\\skyline2\/modules\/veiculos\/views"
}
[2025-12-13 16:28:31] Pasta criada {
    "path": "C:\\xampp\\htdocs\\skyline2\/modules\/veiculos\/js"
}
[2025-12-13 16:28:31] Pasta criada {
    "path": "C:\\xampp\\htdocs\\skyline2\/modules\/veiculos\/css"
}
[2025-12-13 16:28:31] View criado {
    "file": "C:\\xampp\\htdocs\\skyline2\/modules\/veiculos\/views\/edit.php"
}
[2025-12-13 16:28:31] View criado {
    "file": "C:\\xampp\\htdocs\\skyline2\/modules\/veiculos\/views\/detail.php"
}
[2025-12-13 16:28:31] Router criado {
    "file": "C:\\xampp\\htdocs\\skyline2\/modules\/veiculos\/router.php"
}
[2025-12-13 16:28:31] Index View criado {
    "file": "C:\\xampp\\htdocs\\skyline2\/modules\/veiculos\/views\/index.php"
}
[2025-12-13 16:28:31] JS criado {
    "file": "C:\\xampp\\htdocs\\skyline2\/modules\/veiculos\/js\/veiculos.js"
}
[2025-12-13 16:28:31] CSS criado {
    "file": "C:\\xampp\\htdocs\\skyline2\/modules\/veiculos\/css\/veiculos.css"
}
[2025-12-13 16:28:31] Módulo gerado {
    "module": "veiculos"
}
[2025-12-13 16:38:08] Pasta criada {
    "path": "C:\\xampp\\htdocs\\skyline2\/modules\/clientes"
}
[2025-12-13 16:38:08] Pasta criada {
    "path": "C:\\xampp\\htdocs\\skyline2\/modules\/clientes\/views"
}
[2025-12-13 16:38:08] Pasta criada {
    "path": "C:\\xampp\\htdocs\\skyline2\/modules\/clientes\/js"
}
[2025-12-13 16:38:08] Pasta criada {
    "path": "C:\\xampp\\htdocs\\skyline2\/modules\/clientes\/css"
}
[2025-12-13 16:38:08] View criado {
    "file": "C:\\xampp\\htdocs\\skyline2\/modules\/clientes\/views\/edit.php"
}
[2025-12-13 16:38:08] View criado {
    "file": "C:\\xampp\\htdocs\\skyline2\/modules\/clientes\/views\/detail.php"
}
[2025-12-13 16:38:08] Router criado {
    "file": "C:\\xampp\\htdocs\\skyline2\/modules\/clientes\/router.php"
}
[2025-12-13 16:38:08] Index View criado {
    "file": "C:\\xampp\\htdocs\\skyline2\/modules\/clientes\/views\/index.php"
}
[2025-12-13 16:38:08] JS criado {
    "file": "C:\\xampp\\htdocs\\skyline2\/modules\/clientes\/js\/clientes.js"
}
[2025-12-13 16:38:08] CSS criado {
    "file": "C:\\xampp\\htdocs\\skyline2\/modules\/clientes\/css\/clientes.css"
}
[2025-12-13 16:38:08] Módulo gerado {
    "module": "clientes"
}
[2025-12-13 16:38:08] Pasta criada {
    "path": "C:\\xampp\\htdocs\\skyline2\/modules\/itens_servico"
}
[2025-12-13 16:38:08] Pasta criada {
    "path": "C:\\xampp\\htdocs\\skyline2\/modules\/itens_servico\/views"
}
[2025-12-13 16:38:08] Pasta criada {
    "path": "C:\\xampp\\htdocs\\skyline2\/modules\/itens_servico\/js"
}
[2025-12-13 16:38:08] Pasta criada {
    "path": "C:\\xampp\\htdocs\\skyline2\/modules\/itens_servico\/css"
}
[2025-12-13 16:38:08] View criado {
    "file": "C:\\xampp\\htdocs\\skyline2\/modules\/itens_servico\/views\/edit.php"
}
[2025-12-13 16:38:08] View criado {
    "file": "C:\\xampp\\htdocs\\skyline2\/modules\/itens_servico\/views\/detail.php"
}
[2025-12-13 16:38:08] Router criado {
    "file": "C:\\xampp\\htdocs\\skyline2\/modules\/itens_servico\/router.php"
}
[2025-12-13 16:38:08] Index View criado {
    "file": "C:\\xampp\\htdocs\\skyline2\/modules\/itens_servico\/views\/index.php"
}
[2025-12-13 16:38:08] JS criado {
    "file": "C:\\xampp\\htdocs\\skyline2\/modules\/itens_servico\/js\/itens_servico.js"
}
[2025-12-13 16:38:08] CSS criado {
    "file": "C:\\xampp\\htdocs\\skyline2\/modules\/itens_servico\/css\/itens_servico.css"
}
[2025-12-13 16:38:08] Módulo gerado {
    "module": "itens_servico"
}
[2025-12-13 16:38:08] Pasta criada {
    "path": "C:\\xampp\\htdocs\\skyline2\/modules\/servicos"
}
[2025-12-13 16:38:08] Pasta criada {
    "path": "C:\\xampp\\htdocs\\skyline2\/modules\/servicos\/views"
}
[2025-12-13 16:38:08] Pasta criada {
    "path": "C:\\xampp\\htdocs\\skyline2\/modules\/servicos\/js"
}
[2025-12-13 16:38:08] Pasta criada {
    "path": "C:\\xampp\\htdocs\\skyline2\/modules\/servicos\/css"
}
[2025-12-13 16:38:08] View criado {
    "file": "C:\\xampp\\htdocs\\skyline2\/modules\/servicos\/views\/edit.php"
}
[2025-12-13 16:38:08] View criado {
    "file": "C:\\xampp\\htdocs\\skyline2\/modules\/servicos\/views\/detail.php"
}
[2025-12-13 16:38:08] Router criado {
    "file": "C:\\xampp\\htdocs\\skyline2\/modules\/servicos\/router.php"
}
[2025-12-13 16:38:08] Index View criado {
    "file": "C:\\xampp\\htdocs\\skyline2\/modules\/servicos\/views\/index.php"
}
[2025-12-13 16:38:08] JS criado {
    "file": "C:\\xampp\\htdocs\\skyline2\/modules\/servicos\/js\/servicos.js"
}
[2025-12-13 16:38:08] CSS criado {
    "file": "C:\\xampp\\htdocs\\skyline2\/modules\/servicos\/css\/servicos.css"
}
[2025-12-13 16:38:08] Módulo gerado {
    "module": "servicos"
}
[2025-12-13 16:38:08] Pasta criada {
    "path": "C:\\xampp\\htdocs\\skyline2\/modules\/veiculos"
}
[2025-12-13 16:38:08] Pasta criada {
    "path": "C:\\xampp\\htdocs\\skyline2\/modules\/veiculos\/views"
}
[2025-12-13 16:38:08] Pasta criada {
    "path": "C:\\xampp\\htdocs\\skyline2\/modules\/veiculos\/js"
}
[2025-12-13 16:38:08] Pasta criada {
    "path": "C:\\xampp\\htdocs\\skyline2\/modules\/veiculos\/css"
}
[2025-12-13 16:38:08] View criado {
    "file": "C:\\xampp\\htdocs\\skyline2\/modules\/veiculos\/views\/edit.php"
}
[2025-12-13 16:38:08] View criado {
    "file": "C:\\xampp\\htdocs\\skyline2\/modules\/veiculos\/views\/detail.php"
}
[2025-12-13 16:38:08] Router criado {
    "file": "C:\\xampp\\htdocs\\skyline2\/modules\/veiculos\/router.php"
}
[2025-12-13 16:38:08] Index View criado {
    "file": "C:\\xampp\\htdocs\\skyline2\/modules\/veiculos\/views\/index.php"
}
[2025-12-13 16:38:08] JS criado {
    "file": "C:\\xampp\\htdocs\\skyline2\/modules\/veiculos\/js\/veiculos.js"
}
[2025-12-13 16:38:08] CSS criado {
    "file": "C:\\xampp\\htdocs\\skyline2\/modules\/veiculos\/css\/veiculos.css"
}
[2025-12-13 16:38:08] Módulo gerado {
    "module": "veiculos"
}
[2025-12-13 16:42:24] Pasta criada {
    "path": "C:\\xampp\\htdocs\\skyline2\/modules\/clientes"
}
[2025-12-13 16:42:24] Pasta criada {
    "path": "C:\\xampp\\htdocs\\skyline2\/modules\/clientes\/views"
}
[2025-12-13 16:42:24] Pasta criada {
    "path": "C:\\xampp\\htdocs\\skyline2\/modules\/clientes\/js"
}
[2025-12-13 16:42:24] Pasta criada {
    "path": "C:\\xampp\\htdocs\\skyline2\/modules\/clientes\/css"
}
[2025-12-13 16:42:24] View criado {
    "file": "C:\\xampp\\htdocs\\skyline2\/modules\/clientes\/views\/edit.php"
}
[2025-12-13 16:42:24] View criado {
    "file": "C:\\xampp\\htdocs\\skyline2\/modules\/clientes\/views\/detail.php"
}
[2025-12-13 16:42:24] Router criado {
    "file": "C:\\xampp\\htdocs\\skyline2\/modules\/clientes\/router.php"
}
[2025-12-13 16:42:24] Index View criado {
    "file": "C:\\xampp\\htdocs\\skyline2\/modules\/clientes\/views\/index.php"
}
[2025-12-13 16:42:24] JS criado {
    "file": "C:\\xampp\\htdocs\\skyline2\/modules\/clientes\/js\/clientes.js"
}
[2025-12-13 16:42:24] CSS criado {
    "file": "C:\\xampp\\htdocs\\skyline2\/modules\/clientes\/css\/clientes.css"
}
[2025-12-13 16:42:24] Módulo gerado {
    "module": "clientes"
}
[2025-12-13 16:42:24] Pasta criada {
    "path": "C:\\xampp\\htdocs\\skyline2\/modules\/itens_servico"
}
[2025-12-13 16:42:24] Pasta criada {
    "path": "C:\\xampp\\htdocs\\skyline2\/modules\/itens_servico\/views"
}
[2025-12-13 16:42:24] Pasta criada {
    "path": "C:\\xampp\\htdocs\\skyline2\/modules\/itens_servico\/js"
}
[2025-12-13 16:42:24] Pasta criada {
    "path": "C:\\xampp\\htdocs\\skyline2\/modules\/itens_servico\/css"
}
[2025-12-13 16:42:24] View criado {
    "file": "C:\\xampp\\htdocs\\skyline2\/modules\/itens_servico\/views\/edit.php"
}
[2025-12-13 16:42:24] View criado {
    "file": "C:\\xampp\\htdocs\\skyline2\/modules\/itens_servico\/views\/detail.php"
}
[2025-12-13 16:42:24] Router criado {
    "file": "C:\\xampp\\htdocs\\skyline2\/modules\/itens_servico\/router.php"
}
[2025-12-13 16:42:24] Index View criado {
    "file": "C:\\xampp\\htdocs\\skyline2\/modules\/itens_servico\/views\/index.php"
}
[2025-12-13 16:42:24] JS criado {
    "file": "C:\\xampp\\htdocs\\skyline2\/modules\/itens_servico\/js\/itens_servico.js"
}
[2025-12-13 16:42:24] CSS criado {
    "file": "C:\\xampp\\htdocs\\skyline2\/modules\/itens_servico\/css\/itens_servico.css"
}
[2025-12-13 16:42:24] Módulo gerado {
    "module": "itens_servico"
}
[2025-12-13 16:42:24] Pasta criada {
    "path": "C:\\xampp\\htdocs\\skyline2\/modules\/servicos"
}
[2025-12-13 16:42:24] Pasta criada {
    "path": "C:\\xampp\\htdocs\\skyline2\/modules\/servicos\/views"
}
[2025-12-13 16:42:24] Pasta criada {
    "path": "C:\\xampp\\htdocs\\skyline2\/modules\/servicos\/js"
}
[2025-12-13 16:42:24] Pasta criada {
    "path": "C:\\xampp\\htdocs\\skyline2\/modules\/servicos\/css"
}
[2025-12-13 16:42:24] View criado {
    "file": "C:\\xampp\\htdocs\\skyline2\/modules\/servicos\/views\/edit.php"
}
[2025-12-13 16:42:24] View criado {
    "file": "C:\\xampp\\htdocs\\skyline2\/modules\/servicos\/views\/detail.php"
}
[2025-12-13 16:42:24] Router criado {
    "file": "C:\\xampp\\htdocs\\skyline2\/modules\/servicos\/router.php"
}
[2025-12-13 16:42:24] Index View criado {
    "file": "C:\\xampp\\htdocs\\skyline2\/modules\/servicos\/views\/index.php"
}
[2025-12-13 16:42:24] JS criado {
    "file": "C:\\xampp\\htdocs\\skyline2\/modules\/servicos\/js\/servicos.js"
}
[2025-12-13 16:42:24] CSS criado {
    "file": "C:\\xampp\\htdocs\\skyline2\/modules\/servicos\/css\/servicos.css"
}
[2025-12-13 16:42:24] Módulo gerado {
    "module": "servicos"
}
[2025-12-13 16:42:24] Pasta criada {
    "path": "C:\\xampp\\htdocs\\skyline2\/modules\/veiculos"
}
[2025-12-13 16:42:24] Pasta criada {
    "path": "C:\\xampp\\htdocs\\skyline2\/modules\/veiculos\/views"
}
[2025-12-13 16:42:24] Pasta criada {
    "path": "C:\\xampp\\htdocs\\skyline2\/modules\/veiculos\/js"
}
[2025-12-13 16:42:24] Pasta criada {
    "path": "C:\\xampp\\htdocs\\skyline2\/modules\/veiculos\/css"
}
[2025-12-13 16:42:24] View criado {
    "file": "C:\\xampp\\htdocs\\skyline2\/modules\/veiculos\/views\/edit.php"
}
[2025-12-13 16:42:24] View criado {
    "file": "C:\\xampp\\htdocs\\skyline2\/modules\/veiculos\/views\/detail.php"
}
[2025-12-13 16:42:24] Router criado {
    "file": "C:\\xampp\\htdocs\\skyline2\/modules\/veiculos\/router.php"
}
[2025-12-13 16:42:24] Index View criado {
    "file": "C:\\xampp\\htdocs\\skyline2\/modules\/veiculos\/views\/index.php"
}
[2025-12-13 16:42:24] JS criado {
    "file": "C:\\xampp\\htdocs\\skyline2\/modules\/veiculos\/js\/veiculos.js"
}
[2025-12-13 16:42:24] CSS criado {
    "file": "C:\\xampp\\htdocs\\skyline2\/modules\/veiculos\/css\/veiculos.css"
}
[2025-12-13 16:42:24] Módulo gerado {
    "module": "veiculos"
}
[2025-12-13 18:00:11] Arquivo de metadata deletado {
    "file": "C:\\xampp\\htdocs\\skyline2\\metadata\/clientes.json"
}
[2025-12-13 18:00:11] Arquivo de metadata deletado {
    "file": "C:\\xampp\\htdocs\\skyline2\\metadata\/itens_servico.json"
}
[2025-12-13 18:00:11] Arquivo de metadata deletado {
    "file": "C:\\xampp\\htdocs\\skyline2\\metadata\/servicos.json"
}
[2025-12-13 18:00:11] Arquivo de metadata deletado {
    "file": "C:\\xampp\\htdocs\\skyline2\\metadata\/veiculos.json"
}
[2025-12-13 18:00:11] Arquivo de metadata salvo. {
    "table": "clientes"
}
[2025-12-13 18:00:11] Arquivo de metadata salvo. {
    "table": "itens_servico"
}
[2025-12-13 18:00:12] Arquivo de metadata salvo. {
    "table": "servicos"
}
[2025-12-13 18:00:12] Arquivo de metadata salvo. {
    "table": "veiculos"
}
[2025-12-13 18:12:21] Tentando atualizar registro {
    "modulo": "veiculos",
    "data": {
        "cliente_id": "12",
        "placa": "teste",
        "modelo": "efunciona",
        "cor": "t",
        "combustivel": "t",
        "ano": "1950"
    }
}
[2025-12-13 18:12:21] UPDATE executado {
    "modulo": "veiculos",
    "id": null,
    "sql": "UPDATE veiculos SET cliente_id = \"12\", placa = \"teste\", modelo = \"efunciona\", cor = \"t\", combustivel = \"t\", ano = \"1950\" WHERE id = ?",
    "valores": {
        "id": null,
        "cliente_id": "12",
        "placa": "teste",
        "modelo": "efunciona",
        "cor": "t",
        "combustivel": "t",
        "ano": "1950"
    }
}
[2025-12-13 18:14:59] Tentando atualizar registro {
    "modulo": "veiculos",
    "data": {
        "cliente_id": "12",
        "placa": "rudolfo",
        "modelo": "efunciona",
        "cor": "t",
        "combustivel": "t",
        "ano": "1950"
    }
}
[2025-12-13 18:14:59] UPDATE executado {
    "modulo": "veiculos",
    "id": null,
    "sql": "UPDATE veiculos SET cliente_id = \"12\", placa = \"rudolfo\", modelo = \"efunciona\", cor = \"t\", combustivel = \"t\", ano = \"1950\" WHERE id = ?",
    "valores": {
        "id": null,
        "cliente_id": "12",
        "placa": "rudolfo",
        "modelo": "efunciona",
        "cor": "t",
        "combustivel": "t",
        "ano": "1950"
    }
}
[2025-12-13 18:17:33] Tentando atualizar registro {
    "modulo": "veiculos",
    "data": {
        "cliente_id": "12",
        "placa": "rudolfo",
        "modelo": "a",
        "cor": "t",
        "combustivel": "t",
        "ano": "1950"
    }
}
[2025-12-13 18:17:33] UPDATE executado {
    "modulo": "veiculos",
    "id": null,
    "sql": "UPDATE veiculos SET cliente_id = \"12\", placa = \"rudolfo\", modelo = \"a\", cor = \"t\", combustivel = \"t\", ano = \"1950\" WHERE id = ?",
    "valores": {
        "id": null,
        "cliente_id": "12",
        "placa": "rudolfo",
        "modelo": "a",
        "cor": "t",
        "combustivel": "t",
        "ano": "1950"
    }
}
[2025-12-13 18:18:11] Tentando inserir registro {
    "modulo": "veiculos",
    "data": {
        "cliente_id": "",
        "placa": "teste",
        "modelo": "teste",
        "cor": "teste",
        "combustivel": "teste",
        "ano": "1950"
    }
}
[2025-12-13 18:33:15] Tentando inserir registro {
    "modulo": "veiculos",
    "data": {
        "cliente_id": "",
        "placa": "naotarepetido",
        "modelo": "teste",
        "cor": "teste",
        "combustivel": "teste",
        "ano": "1985"
    }
}
[2025-12-13 18:34:16] Tentando inserir registro {
    "modulo": "veiculos",
    "data": {
        "cliente_id": "7",
        "placa": "naotarepetido",
        "modelo": "teste",
        "cor": "teste",
        "combustivel": "teste",
        "ano": "1950"
    }
}
[2025-12-13 18:34:16] Registro inserido com sucesso {
    "modulo": "veiculos",
    "id": "33",
    "values": [
        "7",
        "naotarepetido",
        "teste",
        "teste",
        "teste",
        "1950"
    ]
}
[2025-12-13 18:37:23] Tentando inserir registro {
    "modulo": "veiculos",
    "data": {
        "cliente_id": "7",
        "placa": "teste3",
        "modelo": "teste",
        "cor": "teste",
        "combustivel": "teste",
        "ano": "teste"
    }
}
[2025-12-13 18:37:23] Registro inserido com sucesso {
    "modulo": "veiculos",
    "id": "34",
    "values": [
        "7",
        "teste3",
        "teste",
        "teste",
        "teste",
        "teste"
    ]
}
[2025-12-13 18:38:00] Tentando inserir registro {
    "modulo": "veiculos",
    "data": {
        "cliente_id": "7",
        "placa": "teste3",
        "modelo": "teste",
        "cor": "teste",
        "combustivel": "teste",
        "ano": "teste"
    }
}
[2025-12-13 18:38:14] Tentando inserir registro {
    "modulo": "veiculos",
    "data": {
        "cliente_id": "7",
        "placa": "teste3",
        "modelo": "teste",
        "cor": "teste",
        "combustivel": "teste",
        "ano": "teste"
    }
}
[2025-12-13 18:42:23] Tentando atualizar registro {
    "modulo": "veiculos",
    "data": {
        "cliente_id": "12",
        "placa": "tamoai",
        "modelo": "efunciona",
        "cor": "t",
        "combustivel": "t",
        "ano": "1950"
    }
}
[2025-12-13 18:47:25] Tentando atualizar registro {
    "modulo": "veiculos",
    "data": {
        "id": "16",
        "cliente_id": "12",
        "placa": "naotarepetidoem",
        "modelo": "efunciona",
        "cor": "t",
        "combustivel": "t",
        "ano": "1950"
    }
}
[2025-12-13 18:49:15] Tentando atualizar registro {
    "modulo": "veiculos",
    "data": {
        "id": "16",
        "cliente_id": "12",
        "placa": "editado",
        "modelo": "efunciona",
        "cor": "t",
        "combustivel": "t",
        "ano": "1950"
    }
}
[2025-12-13 18:49:15] UPDATE executado {
    "modulo": "veiculos",
    "id": "16",
    "sql": "UPDATE veiculos SET cliente_id = \"12\", placa = \"editado\", modelo = \"efunciona\", cor = \"t\", combustivel = \"t\", ano = \"1950\" WHERE id = ?",
    "valores": {
        "id": "16",
        "cliente_id": "12",
        "placa": "editado",
        "modelo": "efunciona",
        "cor": "t",
        "combustivel": "t",
        "ano": "1950"
    }
}
[2025-12-13 19:10:04] Tentando atualizar registro {
    "modulo": "veiculos",
    "data": {
        "id": "27",
        "cliente_id": "15",
        "placa": "teste",
        "modelo": "teste",
        "cor": "teste",
        "combustivel": "teste1",
        "ano": "1950"
    }
}
[2025-12-13 19:10:04] UPDATE executado {
    "modulo": "veiculos",
    "id": "27",
    "sql": "UPDATE veiculos SET cliente_id = \"15\", placa = \"teste\", modelo = \"teste\", cor = \"teste\", combustivel = \"teste1\", ano = \"1950\" WHERE id = ?",
    "valores": {
        "id": "27",
        "cliente_id": "15",
        "placa": "teste",
        "modelo": "teste",
        "cor": "teste",
        "combustivel": "teste1",
        "ano": "1950"
    }
}
[2025-12-13 19:22:46] Pasta criada {
    "path": "C:\\xampp\\htdocs\\skyline2\/modules\/clientes"
}
[2025-12-13 19:22:46] Pasta criada {
    "path": "C:\\xampp\\htdocs\\skyline2\/modules\/clientes\/views"
}
[2025-12-13 19:22:46] Pasta criada {
    "path": "C:\\xampp\\htdocs\\skyline2\/modules\/clientes\/js"
}
[2025-12-13 19:22:46] Pasta criada {
    "path": "C:\\xampp\\htdocs\\skyline2\/modules\/clientes\/css"
}
[2025-12-13 19:22:46] View criado {
    "file": "C:\\xampp\\htdocs\\skyline2\/modules\/clientes\/views\/edit.php"
}
[2025-12-13 19:22:46] View criado {
    "file": "C:\\xampp\\htdocs\\skyline2\/modules\/clientes\/views\/detail.php"
}
[2025-12-13 19:22:46] Router criado {
    "file": "C:\\xampp\\htdocs\\skyline2\/modules\/clientes\/router.php"
}
[2025-12-13 19:22:46] Index View criado {
    "file": "C:\\xampp\\htdocs\\skyline2\/modules\/clientes\/views\/index.php"
}
[2025-12-13 19:22:46] JS criado {
    "file": "C:\\xampp\\htdocs\\skyline2\/modules\/clientes\/js\/clientes.js"
}
[2025-12-13 19:22:46] CSS criado {
    "file": "C:\\xampp\\htdocs\\skyline2\/modules\/clientes\/css\/clientes.css"
}
[2025-12-13 19:22:46] Módulo gerado {
    "module": "clientes"
}
[2025-12-13 19:22:46] Pasta criada {
    "path": "C:\\xampp\\htdocs\\skyline2\/modules\/itens_servico"
}
[2025-12-13 19:22:46] Pasta criada {
    "path": "C:\\xampp\\htdocs\\skyline2\/modules\/itens_servico\/views"
}
[2025-12-13 19:22:46] Pasta criada {
    "path": "C:\\xampp\\htdocs\\skyline2\/modules\/itens_servico\/js"
}
[2025-12-13 19:22:46] Pasta criada {
    "path": "C:\\xampp\\htdocs\\skyline2\/modules\/itens_servico\/css"
}
[2025-12-13 19:22:46] View criado {
    "file": "C:\\xampp\\htdocs\\skyline2\/modules\/itens_servico\/views\/edit.php"
}
[2025-12-13 19:22:46] View criado {
    "file": "C:\\xampp\\htdocs\\skyline2\/modules\/itens_servico\/views\/detail.php"
}
[2025-12-13 19:22:46] Router criado {
    "file": "C:\\xampp\\htdocs\\skyline2\/modules\/itens_servico\/router.php"
}
[2025-12-13 19:22:46] Index View criado {
    "file": "C:\\xampp\\htdocs\\skyline2\/modules\/itens_servico\/views\/index.php"
}
[2025-12-13 19:22:46] JS criado {
    "file": "C:\\xampp\\htdocs\\skyline2\/modules\/itens_servico\/js\/itens_servico.js"
}
[2025-12-13 19:22:46] CSS criado {
    "file": "C:\\xampp\\htdocs\\skyline2\/modules\/itens_servico\/css\/itens_servico.css"
}
[2025-12-13 19:22:46] Módulo gerado {
    "module": "itens_servico"
}
[2025-12-13 19:22:46] Pasta criada {
    "path": "C:\\xampp\\htdocs\\skyline2\/modules\/servicos"
}
[2025-12-13 19:22:46] Pasta criada {
    "path": "C:\\xampp\\htdocs\\skyline2\/modules\/servicos\/views"
}
[2025-12-13 19:22:46] Pasta criada {
    "path": "C:\\xampp\\htdocs\\skyline2\/modules\/servicos\/js"
}
[2025-12-13 19:22:46] Pasta criada {
    "path": "C:\\xampp\\htdocs\\skyline2\/modules\/servicos\/css"
}
[2025-12-13 19:22:46] View criado {
    "file": "C:\\xampp\\htdocs\\skyline2\/modules\/servicos\/views\/edit.php"
}
[2025-12-13 19:22:46] View criado {
    "file": "C:\\xampp\\htdocs\\skyline2\/modules\/servicos\/views\/detail.php"
}
[2025-12-13 19:22:46] Router criado {
    "file": "C:\\xampp\\htdocs\\skyline2\/modules\/servicos\/router.php"
}
[2025-12-13 19:22:46] Index View criado {
    "file": "C:\\xampp\\htdocs\\skyline2\/modules\/servicos\/views\/index.php"
}
[2025-12-13 19:22:46] JS criado {
    "file": "C:\\xampp\\htdocs\\skyline2\/modules\/servicos\/js\/servicos.js"
}
[2025-12-13 19:22:46] CSS criado {
    "file": "C:\\xampp\\htdocs\\skyline2\/modules\/servicos\/css\/servicos.css"
}
[2025-12-13 19:22:46] Módulo gerado {
    "module": "servicos"
}
[2025-12-13 19:22:46] Pasta criada {
    "path": "C:\\xampp\\htdocs\\skyline2\/modules\/veiculos"
}
[2025-12-13 19:22:46] Pasta criada {
    "path": "C:\\xampp\\htdocs\\skyline2\/modules\/veiculos\/views"
}
[2025-12-13 19:22:46] Pasta criada {
    "path": "C:\\xampp\\htdocs\\skyline2\/modules\/veiculos\/js"
}
[2025-12-13 19:22:46] Pasta criada {
    "path": "C:\\xampp\\htdocs\\skyline2\/modules\/veiculos\/css"
}
[2025-12-13 19:22:46] View criado {
    "file": "C:\\xampp\\htdocs\\skyline2\/modules\/veiculos\/views\/edit.php"
}
[2025-12-13 19:22:46] View criado {
    "file": "C:\\xampp\\htdocs\\skyline2\/modules\/veiculos\/views\/detail.php"
}
[2025-12-13 19:22:46] Router criado {
    "file": "C:\\xampp\\htdocs\\skyline2\/modules\/veiculos\/router.php"
}
[2025-12-13 19:22:46] Index View criado {
    "file": "C:\\xampp\\htdocs\\skyline2\/modules\/veiculos\/views\/index.php"
}
[2025-12-13 19:22:46] JS criado {
    "file": "C:\\xampp\\htdocs\\skyline2\/modules\/veiculos\/js\/veiculos.js"
}
[2025-12-13 19:22:46] CSS criado {
    "file": "C:\\xampp\\htdocs\\skyline2\/modules\/veiculos\/css\/veiculos.css"
}
[2025-12-13 19:22:46] Módulo gerado {
    "module": "veiculos"
}
[2025-12-13 19:38:49] Pasta criada {
    "path": "C:\\xampp\\htdocs\\skyline2\/modules\/clientes"
}
[2025-12-13 19:38:49] Pasta criada {
    "path": "C:\\xampp\\htdocs\\skyline2\/modules\/clientes\/views"
}
[2025-12-13 19:38:49] Pasta criada {
    "path": "C:\\xampp\\htdocs\\skyline2\/modules\/clientes\/js"
}
[2025-12-13 19:38:49] Pasta criada {
    "path": "C:\\xampp\\htdocs\\skyline2\/modules\/clientes\/css"
}
[2025-12-13 19:38:49] View criado {
    "file": "C:\\xampp\\htdocs\\skyline2\/modules\/clientes\/views\/edit.php"
}
[2025-12-13 19:38:49] View criado {
    "file": "C:\\xampp\\htdocs\\skyline2\/modules\/clientes\/views\/detail.php"
}
[2025-12-13 19:38:49] Router criado {
    "file": "C:\\xampp\\htdocs\\skyline2\/modules\/clientes\/router.php"
}
[2025-12-13 19:38:49] Index View criado {
    "file": "C:\\xampp\\htdocs\\skyline2\/modules\/clientes\/views\/index.php"
}
[2025-12-13 19:38:49] JS criado {
    "file": "C:\\xampp\\htdocs\\skyline2\/modules\/clientes\/js\/clientes.js"
}
[2025-12-13 19:38:49] CSS criado {
    "file": "C:\\xampp\\htdocs\\skyline2\/modules\/clientes\/css\/clientes.css"
}
[2025-12-13 19:38:49] Módulo gerado {
    "module": "clientes"
}
[2025-12-13 19:38:49] Pasta criada {
    "path": "C:\\xampp\\htdocs\\skyline2\/modules\/itens_servico"
}
[2025-12-13 19:38:49] Pasta criada {
    "path": "C:\\xampp\\htdocs\\skyline2\/modules\/itens_servico\/views"
}
[2025-12-13 19:38:49] Pasta criada {
    "path": "C:\\xampp\\htdocs\\skyline2\/modules\/itens_servico\/js"
}
[2025-12-13 19:38:49] Pasta criada {
    "path": "C:\\xampp\\htdocs\\skyline2\/modules\/itens_servico\/css"
}
[2025-12-13 19:38:49] View criado {
    "file": "C:\\xampp\\htdocs\\skyline2\/modules\/itens_servico\/views\/edit.php"
}
[2025-12-13 19:38:49] View criado {
    "file": "C:\\xampp\\htdocs\\skyline2\/modules\/itens_servico\/views\/detail.php"
}
[2025-12-13 19:38:49] Router criado {
    "file": "C:\\xampp\\htdocs\\skyline2\/modules\/itens_servico\/router.php"
}
[2025-12-13 19:38:49] Index View criado {
    "file": "C:\\xampp\\htdocs\\skyline2\/modules\/itens_servico\/views\/index.php"
}
[2025-12-13 19:38:49] JS criado {
    "file": "C:\\xampp\\htdocs\\skyline2\/modules\/itens_servico\/js\/itens_servico.js"
}
[2025-12-13 19:38:49] CSS criado {
    "file": "C:\\xampp\\htdocs\\skyline2\/modules\/itens_servico\/css\/itens_servico.css"
}
[2025-12-13 19:38:49] Módulo gerado {
    "module": "itens_servico"
}
[2025-12-13 19:38:49] Pasta criada {
    "path": "C:\\xampp\\htdocs\\skyline2\/modules\/servicos"
}
[2025-12-13 19:38:49] Pasta criada {
    "path": "C:\\xampp\\htdocs\\skyline2\/modules\/servicos\/views"
}
[2025-12-13 19:38:49] Pasta criada {
    "path": "C:\\xampp\\htdocs\\skyline2\/modules\/servicos\/js"
}
[2025-12-13 19:38:49] Pasta criada {
    "path": "C:\\xampp\\htdocs\\skyline2\/modules\/servicos\/css"
}
[2025-12-13 19:38:49] View criado {
    "file": "C:\\xampp\\htdocs\\skyline2\/modules\/servicos\/views\/edit.php"
}
[2025-12-13 19:38:49] View criado {
    "file": "C:\\xampp\\htdocs\\skyline2\/modules\/servicos\/views\/detail.php"
}
[2025-12-13 19:38:49] Router criado {
    "file": "C:\\xampp\\htdocs\\skyline2\/modules\/servicos\/router.php"
}
[2025-12-13 19:38:49] Index View criado {
    "file": "C:\\xampp\\htdocs\\skyline2\/modules\/servicos\/views\/index.php"
}
[2025-12-13 19:38:49] JS criado {
    "file": "C:\\xampp\\htdocs\\skyline2\/modules\/servicos\/js\/servicos.js"
}
[2025-12-13 19:38:49] CSS criado {
    "file": "C:\\xampp\\htdocs\\skyline2\/modules\/servicos\/css\/servicos.css"
}
[2025-12-13 19:38:49] Módulo gerado {
    "module": "servicos"
}
[2025-12-13 19:38:49] Pasta criada {
    "path": "C:\\xampp\\htdocs\\skyline2\/modules\/veiculos"
}
[2025-12-13 19:38:49] Pasta criada {
    "path": "C:\\xampp\\htdocs\\skyline2\/modules\/veiculos\/views"
}
[2025-12-13 19:38:49] Pasta criada {
    "path": "C:\\xampp\\htdocs\\skyline2\/modules\/veiculos\/js"
}
[2025-12-13 19:38:49] Pasta criada {
    "path": "C:\\xampp\\htdocs\\skyline2\/modules\/veiculos\/css"
}
[2025-12-13 19:38:49] View criado {
    "file": "C:\\xampp\\htdocs\\skyline2\/modules\/veiculos\/views\/edit.php"
}
[2025-12-13 19:38:49] View criado {
    "file": "C:\\xampp\\htdocs\\skyline2\/modules\/veiculos\/views\/detail.php"
}
[2025-12-13 19:38:49] Router criado {
    "file": "C:\\xampp\\htdocs\\skyline2\/modules\/veiculos\/router.php"
}
[2025-12-13 19:38:49] Index View criado {
    "file": "C:\\xampp\\htdocs\\skyline2\/modules\/veiculos\/views\/index.php"
}
[2025-12-13 19:38:49] JS criado {
    "file": "C:\\xampp\\htdocs\\skyline2\/modules\/veiculos\/js\/veiculos.js"
}
[2025-12-13 19:38:49] CSS criado {
    "file": "C:\\xampp\\htdocs\\skyline2\/modules\/veiculos\/css\/veiculos.css"
}
[2025-12-13 19:38:49] Módulo gerado {
    "module": "veiculos"
}
[2025-12-13 19:39:11] Tentando atualizar registro {
    "modulo": "clientes",
    "data": {
        "id": "7",
        "nome": "NATAAAAAAAAL",
        "telefone": "ta editando",
        "endereco": "ofdasse",
        "bairro": "funcionaaa",
        "cidade": "f",
        "cpf_cnpj": "f"
    }
}
[2025-12-13 19:39:11] UPDATE executado {
    "modulo": "clientes",
    "id": "7",
    "sql": "UPDATE clientes SET nome = \"NATAAAAAAAAL\", telefone = \"ta editando\", endereco = \"ofdasse\", bairro = \"funcionaaa\", cidade = \"f\", cpf_cnpj = \"f\" WHERE id = ?",
    "valores": {
        "id": "7",
        "nome": "NATAAAAAAAAL",
        "telefone": "ta editando",
        "endereco": "ofdasse",
        "bairro": "funcionaaa",
        "cidade": "f",
        "cpf_cnpj": "f"
    }
}
[2025-12-13 19:40:54] Pasta criada {
    "path": "C:\\xampp\\htdocs\\skyline2\/modules\/clientes"
}
[2025-12-13 19:40:54] Pasta criada {
    "path": "C:\\xampp\\htdocs\\skyline2\/modules\/clientes\/views"
}
[2025-12-13 19:40:54] Pasta criada {
    "path": "C:\\xampp\\htdocs\\skyline2\/modules\/clientes\/js"
}
[2025-12-13 19:40:54] Pasta criada {
    "path": "C:\\xampp\\htdocs\\skyline2\/modules\/clientes\/css"
}
[2025-12-13 19:40:54] View criado {
    "file": "C:\\xampp\\htdocs\\skyline2\/modules\/clientes\/views\/edit.php"
}
[2025-12-13 19:40:54] View criado {
    "file": "C:\\xampp\\htdocs\\skyline2\/modules\/clientes\/views\/detail.php"
}
[2025-12-13 19:40:54] Router criado {
    "file": "C:\\xampp\\htdocs\\skyline2\/modules\/clientes\/router.php"
}
[2025-12-13 19:40:54] Index View criado {
    "file": "C:\\xampp\\htdocs\\skyline2\/modules\/clientes\/views\/index.php"
}
[2025-12-13 19:40:54] JS criado {
    "file": "C:\\xampp\\htdocs\\skyline2\/modules\/clientes\/js\/clientes.js"
}
[2025-12-13 19:40:54] CSS criado {
    "file": "C:\\xampp\\htdocs\\skyline2\/modules\/clientes\/css\/clientes.css"
}
[2025-12-13 19:40:54] Módulo gerado {
    "module": "clientes"
}
[2025-12-13 19:40:54] Pasta criada {
    "path": "C:\\xampp\\htdocs\\skyline2\/modules\/itens_servico"
}
[2025-12-13 19:40:54] Pasta criada {
    "path": "C:\\xampp\\htdocs\\skyline2\/modules\/itens_servico\/views"
}
[2025-12-13 19:40:54] Pasta criada {
    "path": "C:\\xampp\\htdocs\\skyline2\/modules\/itens_servico\/js"
}
[2025-12-13 19:40:54] Pasta criada {
    "path": "C:\\xampp\\htdocs\\skyline2\/modules\/itens_servico\/css"
}
[2025-12-13 19:40:54] View criado {
    "file": "C:\\xampp\\htdocs\\skyline2\/modules\/itens_servico\/views\/edit.php"
}
[2025-12-13 19:40:54] View criado {
    "file": "C:\\xampp\\htdocs\\skyline2\/modules\/itens_servico\/views\/detail.php"
}
[2025-12-13 19:40:54] Router criado {
    "file": "C:\\xampp\\htdocs\\skyline2\/modules\/itens_servico\/router.php"
}
[2025-12-13 19:40:54] Index View criado {
    "file": "C:\\xampp\\htdocs\\skyline2\/modules\/itens_servico\/views\/index.php"
}
[2025-12-13 19:40:54] JS criado {
    "file": "C:\\xampp\\htdocs\\skyline2\/modules\/itens_servico\/js\/itens_servico.js"
}
[2025-12-13 19:40:54] CSS criado {
    "file": "C:\\xampp\\htdocs\\skyline2\/modules\/itens_servico\/css\/itens_servico.css"
}
[2025-12-13 19:40:54] Módulo gerado {
    "module": "itens_servico"
}
[2025-12-13 19:40:54] Pasta criada {
    "path": "C:\\xampp\\htdocs\\skyline2\/modules\/servicos"
}
[2025-12-13 19:40:54] Pasta criada {
    "path": "C:\\xampp\\htdocs\\skyline2\/modules\/servicos\/views"
}
[2025-12-13 19:40:54] Pasta criada {
    "path": "C:\\xampp\\htdocs\\skyline2\/modules\/servicos\/js"
}
[2025-12-13 19:40:54] Pasta criada {
    "path": "C:\\xampp\\htdocs\\skyline2\/modules\/servicos\/css"
}
[2025-12-13 19:40:54] View criado {
    "file": "C:\\xampp\\htdocs\\skyline2\/modules\/servicos\/views\/edit.php"
}
[2025-12-13 19:40:54] View criado {
    "file": "C:\\xampp\\htdocs\\skyline2\/modules\/servicos\/views\/detail.php"
}
[2025-12-13 19:40:54] Router criado {
    "file": "C:\\xampp\\htdocs\\skyline2\/modules\/servicos\/router.php"
}
[2025-12-13 19:40:54] Index View criado {
    "file": "C:\\xampp\\htdocs\\skyline2\/modules\/servicos\/views\/index.php"
}
[2025-12-13 19:40:54] JS criado {
    "file": "C:\\xampp\\htdocs\\skyline2\/modules\/servicos\/js\/servicos.js"
}
[2025-12-13 19:40:54] CSS criado {
    "file": "C:\\xampp\\htdocs\\skyline2\/modules\/servicos\/css\/servicos.css"
}
[2025-12-13 19:40:54] Módulo gerado {
    "module": "servicos"
}
[2025-12-13 19:40:54] Pasta criada {
    "path": "C:\\xampp\\htdocs\\skyline2\/modules\/veiculos"
}
[2025-12-13 19:40:54] Pasta criada {
    "path": "C:\\xampp\\htdocs\\skyline2\/modules\/veiculos\/views"
}
[2025-12-13 19:40:54] Pasta criada {
    "path": "C:\\xampp\\htdocs\\skyline2\/modules\/veiculos\/js"
}
[2025-12-13 19:40:54] Pasta criada {
    "path": "C:\\xampp\\htdocs\\skyline2\/modules\/veiculos\/css"
}
[2025-12-13 19:40:54] View criado {
    "file": "C:\\xampp\\htdocs\\skyline2\/modules\/veiculos\/views\/edit.php"
}
[2025-12-13 19:40:54] View criado {
    "file": "C:\\xampp\\htdocs\\skyline2\/modules\/veiculos\/views\/detail.php"
}
[2025-12-13 19:40:54] Router criado {
    "file": "C:\\xampp\\htdocs\\skyline2\/modules\/veiculos\/router.php"
}
[2025-12-13 19:40:54] Index View criado {
    "file": "C:\\xampp\\htdocs\\skyline2\/modules\/veiculos\/views\/index.php"
}
[2025-12-13 19:40:54] JS criado {
    "file": "C:\\xampp\\htdocs\\skyline2\/modules\/veiculos\/js\/veiculos.js"
}
[2025-12-13 19:40:54] CSS criado {
    "file": "C:\\xampp\\htdocs\\skyline2\/modules\/veiculos\/css\/veiculos.css"
}
[2025-12-13 19:40:54] Módulo gerado {
    "module": "veiculos"
}
[2025-12-13 19:44:03] Pasta criada {
    "path": "C:\\xampp\\htdocs\\skyline2\/modules\/clientes"
}
[2025-12-13 19:44:03] Pasta criada {
    "path": "C:\\xampp\\htdocs\\skyline2\/modules\/clientes\/views"
}
[2025-12-13 19:44:03] Pasta criada {
    "path": "C:\\xampp\\htdocs\\skyline2\/modules\/clientes\/js"
}
[2025-12-13 19:44:03] Pasta criada {
    "path": "C:\\xampp\\htdocs\\skyline2\/modules\/clientes\/css"
}
[2025-12-13 19:44:03] View criado {
    "file": "C:\\xampp\\htdocs\\skyline2\/modules\/clientes\/views\/edit.php"
}
[2025-12-13 19:44:03] View criado {
    "file": "C:\\xampp\\htdocs\\skyline2\/modules\/clientes\/views\/detail.php"
}
[2025-12-13 19:44:03] Router criado {
    "file": "C:\\xampp\\htdocs\\skyline2\/modules\/clientes\/router.php"
}
[2025-12-13 19:44:03] Index View criado {
    "file": "C:\\xampp\\htdocs\\skyline2\/modules\/clientes\/views\/index.php"
}
[2025-12-13 19:44:03] JS criado {
    "file": "C:\\xampp\\htdocs\\skyline2\/modules\/clientes\/js\/clientes.js"
}
[2025-12-13 19:44:03] CSS criado {
    "file": "C:\\xampp\\htdocs\\skyline2\/modules\/clientes\/css\/clientes.css"
}
[2025-12-13 19:44:03] Módulo gerado {
    "module": "clientes"
}
[2025-12-13 19:44:03] Pasta criada {
    "path": "C:\\xampp\\htdocs\\skyline2\/modules\/itens_servico"
}
[2025-12-13 19:44:03] Pasta criada {
    "path": "C:\\xampp\\htdocs\\skyline2\/modules\/itens_servico\/views"
}
[2025-12-13 19:44:03] Pasta criada {
    "path": "C:\\xampp\\htdocs\\skyline2\/modules\/itens_servico\/js"
}
[2025-12-13 19:44:03] Pasta criada {
    "path": "C:\\xampp\\htdocs\\skyline2\/modules\/itens_servico\/css"
}
[2025-12-13 19:44:03] View criado {
    "file": "C:\\xampp\\htdocs\\skyline2\/modules\/itens_servico\/views\/edit.php"
}
[2025-12-13 19:44:03] View criado {
    "file": "C:\\xampp\\htdocs\\skyline2\/modules\/itens_servico\/views\/detail.php"
}
[2025-12-13 19:44:03] Router criado {
    "file": "C:\\xampp\\htdocs\\skyline2\/modules\/itens_servico\/router.php"
}
[2025-12-13 19:44:03] Index View criado {
    "file": "C:\\xampp\\htdocs\\skyline2\/modules\/itens_servico\/views\/index.php"
}
[2025-12-13 19:44:03] JS criado {
    "file": "C:\\xampp\\htdocs\\skyline2\/modules\/itens_servico\/js\/itens_servico.js"
}
[2025-12-13 19:44:03] CSS criado {
    "file": "C:\\xampp\\htdocs\\skyline2\/modules\/itens_servico\/css\/itens_servico.css"
}
[2025-12-13 19:44:03] Módulo gerado {
    "module": "itens_servico"
}
[2025-12-13 19:44:03] Pasta criada {
    "path": "C:\\xampp\\htdocs\\skyline2\/modules\/servicos"
}
[2025-12-13 19:44:03] Pasta criada {
    "path": "C:\\xampp\\htdocs\\skyline2\/modules\/servicos\/views"
}
[2025-12-13 19:44:03] Pasta criada {
    "path": "C:\\xampp\\htdocs\\skyline2\/modules\/servicos\/js"
}
[2025-12-13 19:44:03] Pasta criada {
    "path": "C:\\xampp\\htdocs\\skyline2\/modules\/servicos\/css"
}
[2025-12-13 19:44:03] View criado {
    "file": "C:\\xampp\\htdocs\\skyline2\/modules\/servicos\/views\/edit.php"
}
[2025-12-13 19:44:03] View criado {
    "file": "C:\\xampp\\htdocs\\skyline2\/modules\/servicos\/views\/detail.php"
}
[2025-12-13 19:44:03] Router criado {
    "file": "C:\\xampp\\htdocs\\skyline2\/modules\/servicos\/router.php"
}
[2025-12-13 19:44:03] Index View criado {
    "file": "C:\\xampp\\htdocs\\skyline2\/modules\/servicos\/views\/index.php"
}
[2025-12-13 19:44:03] JS criado {
    "file": "C:\\xampp\\htdocs\\skyline2\/modules\/servicos\/js\/servicos.js"
}
[2025-12-13 19:44:03] CSS criado {
    "file": "C:\\xampp\\htdocs\\skyline2\/modules\/servicos\/css\/servicos.css"
}
[2025-12-13 19:44:03] Módulo gerado {
    "module": "servicos"
}
[2025-12-13 19:44:03] Pasta criada {
    "path": "C:\\xampp\\htdocs\\skyline2\/modules\/veiculos"
}
[2025-12-13 19:44:03] Pasta criada {
    "path": "C:\\xampp\\htdocs\\skyline2\/modules\/veiculos\/views"
}
[2025-12-13 19:44:03] Pasta criada {
    "path": "C:\\xampp\\htdocs\\skyline2\/modules\/veiculos\/js"
}
[2025-12-13 19:44:03] Pasta criada {
    "path": "C:\\xampp\\htdocs\\skyline2\/modules\/veiculos\/css"
}
[2025-12-13 19:44:03] View criado {
    "file": "C:\\xampp\\htdocs\\skyline2\/modules\/veiculos\/views\/edit.php"
}
[2025-12-13 19:44:03] View criado {
    "file": "C:\\xampp\\htdocs\\skyline2\/modules\/veiculos\/views\/detail.php"
}
[2025-12-13 19:44:03] Router criado {
    "file": "C:\\xampp\\htdocs\\skyline2\/modules\/veiculos\/router.php"
}
[2025-12-13 19:44:03] Index View criado {
    "file": "C:\\xampp\\htdocs\\skyline2\/modules\/veiculos\/views\/index.php"
}
[2025-12-13 19:44:03] JS criado {
    "file": "C:\\xampp\\htdocs\\skyline2\/modules\/veiculos\/js\/veiculos.js"
}
[2025-12-13 19:44:03] CSS criado {
    "file": "C:\\xampp\\htdocs\\skyline2\/modules\/veiculos\/css\/veiculos.css"
}
[2025-12-13 19:44:03] Módulo gerado {
    "module": "veiculos"
}
[2025-12-16 13:34:12] Arquivo de metadata deletado {
    "file": "C:\\xampp\\htdocs\\Gustavo\\skyline2\\metadata\/clientes.json"
}
[2025-12-16 13:34:12] Arquivo de metadata deletado {
    "file": "C:\\xampp\\htdocs\\Gustavo\\skyline2\\metadata\/itens_servico.json"
}
[2025-12-16 13:34:12] Arquivo de metadata deletado {
    "file": "C:\\xampp\\htdocs\\Gustavo\\skyline2\\metadata\/servicos.json"
}
[2025-12-16 13:34:12] Arquivo de metadata deletado {
    "file": "C:\\xampp\\htdocs\\Gustavo\\skyline2\\metadata\/veiculos.json"
}
[2025-12-16 13:34:12] Arquivo de metadata salvo. {
    "table": "clientes"
}
[2025-12-16 13:36:23] Arquivo de metadata deletado {
    "file": "C:\\xampp\\htdocs\\Gustavo\\skyline2\\metadata\/clientes.json"
}
[2025-12-16 13:36:23] Arquivo de metadata salvo. {
    "table": "clientes"
}
[2025-12-16 13:36:23] Arquivo de metadata salvo. {
    "table": "task_comments"
}
[2025-12-16 13:36:23] Arquivo de metadata salvo. {
    "table": "tasks"
}
[2025-12-16 13:36:23] Arquivo de metadata salvo. {
    "table": "veiculos"
}
[2025-12-16 13:37:06] Módulo gerado {
    "module": "clientes"
}
[2025-12-16 13:37:06] Pasta criada {
    "path": "C:\\xampp\\htdocs\\Gustavo\\skyline2\/modules\/task_comments"
}
[2025-12-16 13:37:06] Pasta criada {
    "path": "C:\\xampp\\htdocs\\Gustavo\\skyline2\/modules\/task_comments\/views"
}
[2025-12-16 13:37:06] Pasta criada {
    "path": "C:\\xampp\\htdocs\\Gustavo\\skyline2\/modules\/task_comments\/js"
}
[2025-12-16 13:37:06] Pasta criada {
    "path": "C:\\xampp\\htdocs\\Gustavo\\skyline2\/modules\/task_comments\/css"
}
[2025-12-16 13:37:06] View criado {
    "file": "C:\\xampp\\htdocs\\Gustavo\\skyline2\/modules\/task_comments\/views\/edit.php"
}
[2025-12-16 13:37:06] View criado {
    "file": "C:\\xampp\\htdocs\\Gustavo\\skyline2\/modules\/task_comments\/views\/detail.php"
}
[2025-12-16 13:37:06] Router criado {
    "file": "C:\\xampp\\htdocs\\Gustavo\\skyline2\/modules\/task_comments\/router.php"
}
[2025-12-16 13:37:06] Index View criado {
    "file": "C:\\xampp\\htdocs\\Gustavo\\skyline2\/modules\/task_comments\/views\/index.php"
}
[2025-12-16 13:37:06] JS criado {
    "file": "C:\\xampp\\htdocs\\Gustavo\\skyline2\/modules\/task_comments\/js\/task_comments.js"
}
[2025-12-16 13:37:06] CSS criado {
    "file": "C:\\xampp\\htdocs\\Gustavo\\skyline2\/modules\/task_comments\/css\/task_comments.css"
}
[2025-12-16 13:37:06] Módulo gerado {
    "module": "task_comments"
}
[2025-12-16 13:37:06] Pasta criada {
    "path": "C:\\xampp\\htdocs\\Gustavo\\skyline2\/modules\/tasks"
}
[2025-12-16 13:37:06] Pasta criada {
    "path": "C:\\xampp\\htdocs\\Gustavo\\skyline2\/modules\/tasks\/views"
}
[2025-12-16 13:37:06] Pasta criada {
    "path": "C:\\xampp\\htdocs\\Gustavo\\skyline2\/modules\/tasks\/js"
}
[2025-12-16 13:37:06] Pasta criada {
    "path": "C:\\xampp\\htdocs\\Gustavo\\skyline2\/modules\/tasks\/css"
}
[2025-12-16 13:37:06] View criado {
    "file": "C:\\xampp\\htdocs\\Gustavo\\skyline2\/modules\/tasks\/views\/edit.php"
}
[2025-12-16 13:37:06] View criado {
    "file": "C:\\xampp\\htdocs\\Gustavo\\skyline2\/modules\/tasks\/views\/detail.php"
}
[2025-12-16 13:37:06] Router criado {
    "file": "C:\\xampp\\htdocs\\Gustavo\\skyline2\/modules\/tasks\/router.php"
}
[2025-12-16 13:37:06] Index View criado {
    "file": "C:\\xampp\\htdocs\\Gustavo\\skyline2\/modules\/tasks\/views\/index.php"
}
[2025-12-16 13:37:06] JS criado {
    "file": "C:\\xampp\\htdocs\\Gustavo\\skyline2\/modules\/tasks\/js\/tasks.js"
}
[2025-12-16 13:37:06] CSS criado {
    "file": "C:\\xampp\\htdocs\\Gustavo\\skyline2\/modules\/tasks\/css\/tasks.css"
}
[2025-12-16 13:37:06] Módulo gerado {
    "module": "tasks"
}
[2025-12-16 13:37:06] Módulo gerado {
    "module": "veiculos"
}
[2025-12-16 13:43:58] Arquivo de metadata deletado {
    "file": "C:\\xampp\\htdocs\\Gustavo\\skyline2\\metadata\/clientes.json"
}
[2025-12-16 13:43:58] Arquivo de metadata deletado {
    "file": "C:\\xampp\\htdocs\\Gustavo\\skyline2\\metadata\/task_comments.json"
}
[2025-12-16 13:43:58] Arquivo de metadata deletado {
    "file": "C:\\xampp\\htdocs\\Gustavo\\skyline2\\metadata\/tasks.json"
}
[2025-12-16 13:43:58] Arquivo de metadata deletado {
    "file": "C:\\xampp\\htdocs\\Gustavo\\skyline2\\metadata\/veiculos.json"
}
[2025-12-16 13:43:58] Arquivo de metadata salvo. {
    "table": "clientes"
}
[2025-12-16 13:43:58] Arquivo de metadata salvo. {
    "table": "task_comments"
}
[2025-12-16 13:43:58] Arquivo de metadata salvo. {
    "table": "tasks"
}
[2025-12-16 13:43:58] Arquivo de metadata salvo. {
    "table": "veiculos"
}
[2025-12-16 13:44:07] Arquivo de metadata deletado {
    "file": "C:\\xampp\\htdocs\\Gustavo\\skyline2\\metadata\/clientes.json"
}
[2025-12-16 13:44:07] Arquivo de metadata deletado {
    "file": "C:\\xampp\\htdocs\\Gustavo\\skyline2\\metadata\/task_comments.json"
}
[2025-12-16 13:44:07] Arquivo de metadata deletado {
    "file": "C:\\xampp\\htdocs\\Gustavo\\skyline2\\metadata\/tasks.json"
}
[2025-12-16 13:44:07] Arquivo de metadata deletado {
    "file": "C:\\xampp\\htdocs\\Gustavo\\skyline2\\metadata\/veiculos.json"
}
[2025-12-16 13:44:07] Arquivo de metadata salvo. {
    "table": "clientes"
}
[2025-12-16 13:45:35] Arquivo de metadata deletado {
    "file": "C:\\xampp\\htdocs\\Gustavo\\skyline2\\metadata\/clientes.json"
}
[2025-12-16 13:45:35] Arquivo de metadata salvo. {
    "table": "clientes"
}
[2025-12-16 13:45:36] Arquivo de metadata deletado {
    "file": "C:\\xampp\\htdocs\\Gustavo\\skyline2\\metadata\/clientes.json"
}
[2025-12-16 13:45:36] Arquivo de metadata salvo. {
    "table": "clientes"
}
[2025-12-16 13:45:36] Arquivo de metadata deletado {
    "file": "C:\\xampp\\htdocs\\Gustavo\\skyline2\\metadata\/clientes.json"
}
[2025-12-16 13:45:36] Arquivo de metadata salvo. {
    "table": "clientes"
}
[2025-12-16 13:45:36] Arquivo de metadata deletado {
    "file": "C:\\xampp\\htdocs\\Gustavo\\skyline2\\metadata\/clientes.json"
}
[2025-12-16 13:45:36] Arquivo de metadata salvo. {
    "table": "clientes"
}
[2025-12-16 13:46:49] Arquivo de metadata deletado {
    "file": "C:\\xampp\\htdocs\\Gustavo\\skyline2\\metadata\/clientes.json"
}
[2025-12-16 13:46:49] Arquivo de metadata salvo. {
    "table": "clientes"
}
[2025-12-16 13:46:49] Arquivo de metadata salvo. {
    "table": "task_comments"
}
[2025-12-16 13:46:49] Arquivo de metadata salvo. {
    "table": "tasks"
}
[2025-12-16 13:46:49] Arquivo de metadata salvo. {
    "table": "veiculos"
}
[2025-12-16 13:48:30] Tentando atualizar registro {
    "modulo": "tasks",
    "data": {
        "id": "8",
        "title": "Wireframe pro Senhor Magno",
        "description": "teste",
        "done": "0"
    }
}
[2025-12-16 13:48:30] UPDATE executado {
    "modulo": "tasks",
    "id": "8",
    "sql": "UPDATE tasks SET title = \"Wireframe pro Senhor Magno\", description = \"teste\", done = \"0\" WHERE id = ?",
    "valores": {
        "id": "8",
        "title": "Wireframe pro Senhor Magno",
        "description": "teste",
        "done": "0"
    }
}
[2025-12-16 13:54:09] Pasta criada {
    "path": "C:\\xampp\\htdocs\\Gustavo\\skyline2\/modules\/clientes\/custom"
}
[2025-12-16 13:54:09] Módulo gerado {
    "module": "clientes"
}
[2025-12-16 13:54:09] Pasta criada {
    "path": "C:\\xampp\\htdocs\\Gustavo\\skyline2\/modules\/task_comments\/custom"
}
[2025-12-16 13:54:09] Módulo gerado {
    "module": "task_comments"
}
[2025-12-16 13:54:09] Pasta criada {
    "path": "C:\\xampp\\htdocs\\Gustavo\\skyline2\/modules\/tasks\/custom"
}
[2025-12-16 13:54:09] Módulo gerado {
    "module": "tasks"
}
[2025-12-16 13:54:09] Pasta criada {
    "path": "C:\\xampp\\htdocs\\Gustavo\\skyline2\/modules\/veiculos\/custom"
}
[2025-12-16 13:54:09] Módulo gerado {
    "module": "veiculos"
}
[2025-12-16 13:54:17] Módulo gerado {
    "module": "clientes"
}
[2025-12-16 13:54:17] Módulo gerado {
    "module": "task_comments"
}
[2025-12-16 13:54:17] Módulo gerado {
    "module": "tasks"
}
[2025-12-16 13:54:17] Módulo gerado {
    "module": "veiculos"
}
[2025-12-16 13:55:54] Módulo removido {
    "module": "clientes"
}
[2025-12-16 13:55:54] Módulo removido {
    "module": "itens_servico"
}
[2025-12-16 13:55:54] Módulo removido {
    "module": "servicos"
}
[2025-12-16 13:55:54] Módulo removido {
    "module": "task_comments"
}
[2025-12-16 13:55:54] Módulo removido {
    "module": "tasks"
}
[2025-12-16 13:55:54] Módulo removido {
    "module": "veiculos"
}
[2025-12-16 13:55:54] Pasta criada {
    "path": "C:\\xampp\\htdocs\\Gustavo\\skyline2\/modules\/clientes"
}
[2025-12-16 13:55:54] Pasta criada {
    "path": "C:\\xampp\\htdocs\\Gustavo\\skyline2\/modules\/clientes\/views"
}
[2025-12-16 13:55:54] Pasta criada {
    "path": "C:\\xampp\\htdocs\\Gustavo\\skyline2\/modules\/clientes\/js"
}
[2025-12-16 13:55:54] Pasta criada {
    "path": "C:\\xampp\\htdocs\\Gustavo\\skyline2\/modules\/clientes\/css"
}
[2025-12-16 13:55:54] Pasta criada {
    "path": "C:\\xampp\\htdocs\\Gustavo\\skyline2\/modules\/clientes\/custom"
}
[2025-12-16 13:55:54] View criado {
    "file": "C:\\xampp\\htdocs\\Gustavo\\skyline2\/modules\/clientes\/views\/edit.php"
}
[2025-12-16 13:55:54] View criado {
    "file": "C:\\xampp\\htdocs\\Gustavo\\skyline2\/modules\/clientes\/views\/detail.php"
}
[2025-12-16 13:55:54] Router criado {
    "file": "C:\\xampp\\htdocs\\Gustavo\\skyline2\/modules\/clientes\/router.php"
}
[2025-12-16 13:55:54] Index View criado {
    "file": "C:\\xampp\\htdocs\\Gustavo\\skyline2\/modules\/clientes\/views\/index.php"
}
[2025-12-16 13:55:54] JS criado {
    "file": "C:\\xampp\\htdocs\\Gustavo\\skyline2\/modules\/clientes\/js\/clientes.js"
}
[2025-12-16 13:55:54] CSS criado {
    "file": "C:\\xampp\\htdocs\\Gustavo\\skyline2\/modules\/clientes\/css\/clientes.css"
}
[2025-12-16 13:55:54] Módulo gerado {
    "module": "clientes"
}
[2025-12-16 13:55:54] Pasta criada {
    "path": "C:\\xampp\\htdocs\\Gustavo\\skyline2\/modules\/task_comments"
}
[2025-12-16 13:55:54] Pasta criada {
    "path": "C:\\xampp\\htdocs\\Gustavo\\skyline2\/modules\/task_comments\/views"
}
[2025-12-16 13:55:54] Pasta criada {
    "path": "C:\\xampp\\htdocs\\Gustavo\\skyline2\/modules\/task_comments\/js"
}
[2025-12-16 13:55:54] Pasta criada {
    "path": "C:\\xampp\\htdocs\\Gustavo\\skyline2\/modules\/task_comments\/css"
}
[2025-12-16 13:55:54] Pasta criada {
    "path": "C:\\xampp\\htdocs\\Gustavo\\skyline2\/modules\/task_comments\/custom"
}
[2025-12-16 13:55:54] View criado {
    "file": "C:\\xampp\\htdocs\\Gustavo\\skyline2\/modules\/task_comments\/views\/edit.php"
}
[2025-12-16 13:55:54] View criado {
    "file": "C:\\xampp\\htdocs\\Gustavo\\skyline2\/modules\/task_comments\/views\/detail.php"
}
[2025-12-16 13:55:54] Router criado {
    "file": "C:\\xampp\\htdocs\\Gustavo\\skyline2\/modules\/task_comments\/router.php"
}
[2025-12-16 13:55:54] Index View criado {
    "file": "C:\\xampp\\htdocs\\Gustavo\\skyline2\/modules\/task_comments\/views\/index.php"
}
[2025-12-16 13:55:54] JS criado {
    "file": "C:\\xampp\\htdocs\\Gustavo\\skyline2\/modules\/task_comments\/js\/task_comments.js"
}
[2025-12-16 13:55:54] CSS criado {
    "file": "C:\\xampp\\htdocs\\Gustavo\\skyline2\/modules\/task_comments\/css\/task_comments.css"
}
[2025-12-16 13:55:54] Módulo gerado {
    "module": "task_comments"
}
[2025-12-16 13:55:54] Pasta criada {
    "path": "C:\\xampp\\htdocs\\Gustavo\\skyline2\/modules\/tasks"
}
[2025-12-16 13:55:54] Pasta criada {
    "path": "C:\\xampp\\htdocs\\Gustavo\\skyline2\/modules\/tasks\/views"
}
[2025-12-16 13:55:54] Pasta criada {
    "path": "C:\\xampp\\htdocs\\Gustavo\\skyline2\/modules\/tasks\/js"
}
[2025-12-16 13:55:54] Pasta criada {
    "path": "C:\\xampp\\htdocs\\Gustavo\\skyline2\/modules\/tasks\/css"
}
[2025-12-16 13:55:54] Pasta criada {
    "path": "C:\\xampp\\htdocs\\Gustavo\\skyline2\/modules\/tasks\/custom"
}
[2025-12-16 13:55:54] View criado {
    "file": "C:\\xampp\\htdocs\\Gustavo\\skyline2\/modules\/tasks\/views\/edit.php"
}
[2025-12-16 13:55:54] View criado {
    "file": "C:\\xampp\\htdocs\\Gustavo\\skyline2\/modules\/tasks\/views\/detail.php"
}
[2025-12-16 13:55:54] Router criado {
    "file": "C:\\xampp\\htdocs\\Gustavo\\skyline2\/modules\/tasks\/router.php"
}
[2025-12-16 13:55:54] Index View criado {
    "file": "C:\\xampp\\htdocs\\Gustavo\\skyline2\/modules\/tasks\/views\/index.php"
}
[2025-12-16 13:55:54] JS criado {
    "file": "C:\\xampp\\htdocs\\Gustavo\\skyline2\/modules\/tasks\/js\/tasks.js"
}
[2025-12-16 13:55:54] CSS criado {
    "file": "C:\\xampp\\htdocs\\Gustavo\\skyline2\/modules\/tasks\/css\/tasks.css"
}
[2025-12-16 13:55:54] Módulo gerado {
    "module": "tasks"
}
[2025-12-16 13:55:54] Pasta criada {
    "path": "C:\\xampp\\htdocs\\Gustavo\\skyline2\/modules\/veiculos"
}
[2025-12-16 13:55:54] Pasta criada {
    "path": "C:\\xampp\\htdocs\\Gustavo\\skyline2\/modules\/veiculos\/views"
}
[2025-12-16 13:55:54] Pasta criada {
    "path": "C:\\xampp\\htdocs\\Gustavo\\skyline2\/modules\/veiculos\/js"
}
[2025-12-16 13:55:54] Pasta criada {
    "path": "C:\\xampp\\htdocs\\Gustavo\\skyline2\/modules\/veiculos\/css"
}
[2025-12-16 13:55:54] Pasta criada {
    "path": "C:\\xampp\\htdocs\\Gustavo\\skyline2\/modules\/veiculos\/custom"
}
[2025-12-16 13:55:54] View criado {
    "file": "C:\\xampp\\htdocs\\Gustavo\\skyline2\/modules\/veiculos\/views\/edit.php"
}
[2025-12-16 13:55:54] View criado {
    "file": "C:\\xampp\\htdocs\\Gustavo\\skyline2\/modules\/veiculos\/views\/detail.php"
}
[2025-12-16 13:55:54] Router criado {
    "file": "C:\\xampp\\htdocs\\Gustavo\\skyline2\/modules\/veiculos\/router.php"
}
[2025-12-16 13:55:54] Index View criado {
    "file": "C:\\xampp\\htdocs\\Gustavo\\skyline2\/modules\/veiculos\/views\/index.php"
}
[2025-12-16 13:55:54] JS criado {
    "file": "C:\\xampp\\htdocs\\Gustavo\\skyline2\/modules\/veiculos\/js\/veiculos.js"
}
[2025-12-16 13:55:54] CSS criado {
    "file": "C:\\xampp\\htdocs\\Gustavo\\skyline2\/modules\/veiculos\/css\/veiculos.css"
}
[2025-12-16 13:55:54] Módulo gerado {
    "module": "veiculos"
}
[2025-12-16 14:03:44] Tentando atualizar registro {
    "modulo": "tasks",
    "data": {
        "id": "8",
        "title": "Wireframe pro Senhor Magno",
        "description": "E não é que funciona mesmo?",
        "done": "0"
    }
}
[2025-12-16 14:03:45] UPDATE executado {
    "modulo": "tasks",
    "id": "8",
    "sql": "UPDATE tasks SET title = \"Wireframe pro Senhor Magno\", description = \"E não é que funciona mesmo?\", done = \"0\" WHERE id = ?",
    "valores": {
        "id": "8",
        "title": "Wireframe pro Senhor Magno",
        "description": "E não é que funciona mesmo?",
        "done": "0"
    }
}
[2025-12-16 14:06:01] Tentando inserir registro {
    "modulo": "clientes",
    "data": {
        "nome": "test",
        "email": "teste",
        "telefone": "teste",
        "cpf": "teste",
        "data_cadastro": ""
    }
}
[2025-12-16 14:06:01] Registro inserido com sucesso {
    "modulo": "clientes",
    "id": "1",
    "values": [
        "test",
        "teste",
        "teste",
        "teste",
        ""
    ]
}
[2025-12-16 15:42:30] Tentando atualizar registro {
    "modulo": "clientes",
    "data": "1"
}
[2025-12-16 15:44:24] Tentando inserir registro {
    "modulo": "clientes",
    "data": {
        "id": "1",
        "nome": "test",
        "email": "editado?",
        "telefone": "teste",
        "cpf": "teste",
        "data_cadastro": "0000-00-00 00:00:00"
    }
}
[2025-12-16 15:44:34] Tentando inserir registro {
    "modulo": "clientes",
    "data": {
        "id": "1",
        "nome": "test",
        "email": "editado?",
        "telefone": "teste",
        "cpf": "teste",
        "data_cadastro": "0000-00-00 00:00:00"
    }
}
[2025-12-16 15:47:00] Tentando atualizar registro {
    "modulo": "clientes",
    "data": {
        "id": "1",
        "nome": "test",
        "email": "editado?",
        "telefone": "teste",
        "cpf": "teste",
        "data_cadastro": "0000-00-00 00:00:00"
    }
}
[2025-12-16 15:47:00] UPDATE executado {
    "modulo": "clientes",
    "id": "1",
    "sql": "UPDATE clientes SET nome = \"test\", email = \"editado?\", telefone = \"teste\", cpf = \"teste\", data_cadastro = \"0000-00-00 00:00:00\" WHERE id = ?",
    "valores": {
        "id": "1",
        "nome": "test",
        "email": "editado?",
        "telefone": "teste",
        "cpf": "teste",
        "data_cadastro": "0000-00-00 00:00:00"
    }
}
[2025-12-16 15:47:44] Tentando inserir registro {
    "modulo": "clientes",
    "data": {
        "nome": "pois é",
        "email": "gseg",
        "telefone": "aadada",
        "cpf": "aaaa",
        "data_cadastro": ""
    }
}
[2025-12-16 15:47:44] Registro inserido com sucesso {
    "modulo": "clientes",
    "id": "4",
    "values": [
        "pois é",
        "gseg",
        "aadada",
        "aaaa",
        ""
    ]
}
[2025-12-16 15:55:59] Arquivo de metadata deletado {
    "file": "C:\\xampp\\htdocs\\Gustavo\\skyline2\\metadata\/clientes.json"
}
[2025-12-16 15:55:59] Arquivo de metadata deletado {
    "file": "C:\\xampp\\htdocs\\Gustavo\\skyline2\\metadata\/task_comments.json"
}
[2025-12-16 15:55:59] Arquivo de metadata deletado {
    "file": "C:\\xampp\\htdocs\\Gustavo\\skyline2\\metadata\/tasks.json"
}
[2025-12-16 15:55:59] Arquivo de metadata deletado {
    "file": "C:\\xampp\\htdocs\\Gustavo\\skyline2\\metadata\/veiculos.json"
}
[2025-12-16 15:55:59] Arquivo de metadata salvo. {
    "table": "clientes"
}
[2025-12-16 15:55:59] Arquivo de metadata salvo. {
    "table": "task_comments"
}
[2025-12-16 15:55:59] Arquivo de metadata salvo. {
    "table": "tasks"
}
[2025-12-16 15:56:00] Arquivo de metadata salvo. {
    "table": "veiculos"
}
[2025-12-16 17:57:41] Tentando atualizar registro {
    "modulo": "clientes",
    "data": {
        "id": "1",
        "nome": "test",
        "email": "editado??",
        "telefone": "teste",
        "cpf": "teste",
        "data_cadastro": "0000-00-00 00:00:00"
    }
}
[2025-12-16 17:57:41] UPDATE executado {
    "modulo": "clientes",
    "id": "1",
    "sql": "UPDATE clientes SET nome = \"test\", email = \"editado??\", telefone = \"teste\", cpf = \"teste\", data_cadastro = \"0000-00-00 00:00:00\" WHERE id = ?",
    "valores": {
        "id": "1",
        "nome": "test",
        "email": "editado??",
        "telefone": "teste",
        "cpf": "teste",
        "data_cadastro": "0000-00-00 00:00:00"
    }
}
[2025-12-16 18:05:53] Arquivo de metadata deletado {
    "file": "C:\\xampp\\htdocs\\Gustavo\\skyline2\\metadata\/clientes.json"
}
[2025-12-16 18:05:53] Arquivo de metadata deletado {
    "file": "C:\\xampp\\htdocs\\Gustavo\\skyline2\\metadata\/task_comments.json"
}
[2025-12-16 18:05:53] Arquivo de metadata deletado {
    "file": "C:\\xampp\\htdocs\\Gustavo\\skyline2\\metadata\/tasks.json"
}
[2025-12-16 18:05:53] Arquivo de metadata deletado {
    "file": "C:\\xampp\\htdocs\\Gustavo\\skyline2\\metadata\/veiculos.json"
}
[2025-12-16 18:05:53] Arquivo de metadata salvo. {
    "table": "clientes"
}
[2025-12-16 18:05:53] Arquivo de metadata salvo. {
    "table": "task_comments"
}
[2025-12-16 18:05:53] Arquivo de metadata salvo. {
    "table": "tasks"
}
[2025-12-16 18:05:53] Arquivo de metadata salvo. {
    "table": "veiculos"
}
[2025-12-16 18:17:50] Módulo removido {
    "module": "clientes"
}
[2025-12-16 18:17:50] Módulo removido {
    "module": "task_comments"
}
[2025-12-16 18:17:50] Módulo removido {
    "module": "tasks"
}
[2025-12-16 18:17:50] Módulo removido {
    "module": "veiculos"
}
[2025-12-16 18:17:50] Pasta criada {
    "path": "C:\\xampp\\htdocs\\Gustavo\\skyline2\/modules\/clientes"
}
[2025-12-16 18:17:50] Pasta criada {
    "path": "C:\\xampp\\htdocs\\Gustavo\\skyline2\/modules\/clientes\/views"
}
[2025-12-16 18:17:50] Pasta criada {
    "path": "C:\\xampp\\htdocs\\Gustavo\\skyline2\/modules\/clientes\/js"
}
[2025-12-16 18:17:50] Pasta criada {
    "path": "C:\\xampp\\htdocs\\Gustavo\\skyline2\/modules\/clientes\/css"
}
[2025-12-16 18:17:50] View criado {
    "file": "C:\\xampp\\htdocs\\Gustavo\\skyline2\/modules\/clientes\/views\/edit.php"
}
[2025-12-16 18:17:50] View criado {
    "file": "C:\\xampp\\htdocs\\Gustavo\\skyline2\/modules\/clientes\/views\/detail.php"
}
[2025-12-16 18:17:50] Router criado {
    "file": "C:\\xampp\\htdocs\\Gustavo\\skyline2\/modules\/clientes\/router.php"
}
[2025-12-16 18:17:50] Index View criado {
    "file": "C:\\xampp\\htdocs\\Gustavo\\skyline2\/modules\/clientes\/views\/index.php"
}
[2025-12-16 18:17:50] JS criado {
    "file": "C:\\xampp\\htdocs\\Gustavo\\skyline2\/modules\/clientes\/js\/clientes.js"
}
[2025-12-16 18:17:50] CSS criado {
    "file": "C:\\xampp\\htdocs\\Gustavo\\skyline2\/modules\/clientes\/css\/clientes.css"
}
[2025-12-16 18:17:50] Módulo gerado {
    "module": "clientes"
}
[2025-12-16 18:17:50] Pasta criada {
    "path": "C:\\xampp\\htdocs\\Gustavo\\skyline2\/modules\/task_comments"
}
[2025-12-16 18:17:50] Pasta criada {
    "path": "C:\\xampp\\htdocs\\Gustavo\\skyline2\/modules\/task_comments\/views"
}
[2025-12-16 18:17:50] Pasta criada {
    "path": "C:\\xampp\\htdocs\\Gustavo\\skyline2\/modules\/task_comments\/js"
}
[2025-12-16 18:17:50] Pasta criada {
    "path": "C:\\xampp\\htdocs\\Gustavo\\skyline2\/modules\/task_comments\/css"
}
[2025-12-16 18:17:50] View criado {
    "file": "C:\\xampp\\htdocs\\Gustavo\\skyline2\/modules\/task_comments\/views\/edit.php"
}
[2025-12-16 18:17:50] View criado {
    "file": "C:\\xampp\\htdocs\\Gustavo\\skyline2\/modules\/task_comments\/views\/detail.php"
}
[2025-12-16 18:17:50] Router criado {
    "file": "C:\\xampp\\htdocs\\Gustavo\\skyline2\/modules\/task_comments\/router.php"
}
[2025-12-16 18:17:50] Index View criado {
    "file": "C:\\xampp\\htdocs\\Gustavo\\skyline2\/modules\/task_comments\/views\/index.php"
}
[2025-12-16 18:17:50] JS criado {
    "file": "C:\\xampp\\htdocs\\Gustavo\\skyline2\/modules\/task_comments\/js\/task_comments.js"
}
[2025-12-16 18:17:50] CSS criado {
    "file": "C:\\xampp\\htdocs\\Gustavo\\skyline2\/modules\/task_comments\/css\/task_comments.css"
}
[2025-12-16 18:17:50] Módulo gerado {
    "module": "task_comments"
}
[2025-12-16 18:17:50] Pasta criada {
    "path": "C:\\xampp\\htdocs\\Gustavo\\skyline2\/modules\/tasks"
}
[2025-12-16 18:17:50] Pasta criada {
    "path": "C:\\xampp\\htdocs\\Gustavo\\skyline2\/modules\/tasks\/views"
}
[2025-12-16 18:17:50] Pasta criada {
    "path": "C:\\xampp\\htdocs\\Gustavo\\skyline2\/modules\/tasks\/js"
}
[2025-12-16 18:17:50] Pasta criada {
    "path": "C:\\xampp\\htdocs\\Gustavo\\skyline2\/modules\/tasks\/css"
}
[2025-12-16 18:17:50] View criado {
    "file": "C:\\xampp\\htdocs\\Gustavo\\skyline2\/modules\/tasks\/views\/edit.php"
}
[2025-12-16 18:17:50] View criado {
    "file": "C:\\xampp\\htdocs\\Gustavo\\skyline2\/modules\/tasks\/views\/detail.php"
}
[2025-12-16 18:17:50] Router criado {
    "file": "C:\\xampp\\htdocs\\Gustavo\\skyline2\/modules\/tasks\/router.php"
}
[2025-12-16 18:17:50] Index View criado {
    "file": "C:\\xampp\\htdocs\\Gustavo\\skyline2\/modules\/tasks\/views\/index.php"
}
[2025-12-16 18:17:50] JS criado {
    "file": "C:\\xampp\\htdocs\\Gustavo\\skyline2\/modules\/tasks\/js\/tasks.js"
}
[2025-12-16 18:17:50] CSS criado {
    "file": "C:\\xampp\\htdocs\\Gustavo\\skyline2\/modules\/tasks\/css\/tasks.css"
}
[2025-12-16 18:17:50] Módulo gerado {
    "module": "tasks"
}
[2025-12-16 18:17:50] Pasta criada {
    "path": "C:\\xampp\\htdocs\\Gustavo\\skyline2\/modules\/veiculos"
}
[2025-12-16 18:17:50] Pasta criada {
    "path": "C:\\xampp\\htdocs\\Gustavo\\skyline2\/modules\/veiculos\/views"
}
[2025-12-16 18:17:50] Pasta criada {
    "path": "C:\\xampp\\htdocs\\Gustavo\\skyline2\/modules\/veiculos\/js"
}
[2025-12-16 18:17:50] Pasta criada {
    "path": "C:\\xampp\\htdocs\\Gustavo\\skyline2\/modules\/veiculos\/css"
}
[2025-12-16 18:17:50] View criado {
    "file": "C:\\xampp\\htdocs\\Gustavo\\skyline2\/modules\/veiculos\/views\/edit.php"
}
[2025-12-16 18:17:50] View criado {
    "file": "C:\\xampp\\htdocs\\Gustavo\\skyline2\/modules\/veiculos\/views\/detail.php"
}
[2025-12-16 18:17:50] Router criado {
    "file": "C:\\xampp\\htdocs\\Gustavo\\skyline2\/modules\/veiculos\/router.php"
}
[2025-12-16 18:17:50] Index View criado {
    "file": "C:\\xampp\\htdocs\\Gustavo\\skyline2\/modules\/veiculos\/views\/index.php"
}
[2025-12-16 18:17:50] JS criado {
    "file": "C:\\xampp\\htdocs\\Gustavo\\skyline2\/modules\/veiculos\/js\/veiculos.js"
}
[2025-12-16 18:17:50] CSS criado {
    "file": "C:\\xampp\\htdocs\\Gustavo\\skyline2\/modules\/veiculos\/css\/veiculos.css"
}
[2025-12-16 18:17:50] Módulo gerado {
    "module": "veiculos"
}
[2025-12-16 18:17:52] Arquivo de metadata deletado {
    "file": "C:\\xampp\\htdocs\\Gustavo\\skyline2\\metadata\/clientes.json"
}
[2025-12-16 18:17:52] Arquivo de metadata deletado {
    "file": "C:\\xampp\\htdocs\\Gustavo\\skyline2\\metadata\/task_comments.json"
}
[2025-12-16 18:17:52] Arquivo de metadata deletado {
    "file": "C:\\xampp\\htdocs\\Gustavo\\skyline2\\metadata\/tasks.json"
}
[2025-12-16 18:17:52] Arquivo de metadata deletado {
    "file": "C:\\xampp\\htdocs\\Gustavo\\skyline2\\metadata\/veiculos.json"
}
[2025-12-16 18:17:52] Arquivo de metadata salvo. {
    "table": "clientes"
}
[2025-12-16 18:17:52] Arquivo de metadata salvo. {
    "table": "task_comments"
}
[2025-12-16 18:17:52] Arquivo de metadata salvo. {
    "table": "tasks"
}
[2025-12-16 18:17:52] Arquivo de metadata salvo. {
    "table": "veiculos"
}
[2025-12-16 18:39:22] Arquivo de metadata deletado {
    "file": "C:\\xampp\\htdocs\\Gustavo\\skyline2\\metadata\/clientes.json"
}
[2025-12-16 18:39:22] Arquivo de metadata deletado {
    "file": "C:\\xampp\\htdocs\\Gustavo\\skyline2\\metadata\/task_comments.json"
}
[2025-12-16 18:39:22] Arquivo de metadata deletado {
    "file": "C:\\xampp\\htdocs\\Gustavo\\skyline2\\metadata\/tasks.json"
}
[2025-12-16 18:39:22] Arquivo de metadata deletado {
    "file": "C:\\xampp\\htdocs\\Gustavo\\skyline2\\metadata\/veiculos.json"
}
[2025-12-16 18:39:22] Arquivo de metadata salvo. {
    "table": "clientes"
}
[2025-12-16 18:39:22] Arquivo de metadata salvo. {
    "table": "task_comments"
}
[2025-12-16 18:39:22] Arquivo de metadata salvo. {
    "table": "tasks"
}
[2025-12-16 18:39:22] Arquivo de metadata salvo. {
    "table": "veiculos"
}
[2025-12-16 18:43:47] Arquivo de metadata deletado {
    "file": "C:\\xampp\\htdocs\\Gustavo\\skyline2\\metadata\/clientes.json"
}
[2025-12-16 18:43:47] Arquivo de metadata deletado {
    "file": "C:\\xampp\\htdocs\\Gustavo\\skyline2\\metadata\/task_comments.json"
}
[2025-12-16 18:43:47] Arquivo de metadata deletado {
    "file": "C:\\xampp\\htdocs\\Gustavo\\skyline2\\metadata\/tasks.json"
}
[2025-12-16 18:43:47] Arquivo de metadata deletado {
    "file": "C:\\xampp\\htdocs\\Gustavo\\skyline2\\metadata\/veiculos.json"
}
[2025-12-16 18:43:47] Arquivo de metadata salvo. {
    "table": "clientes"
}
[2025-12-16 18:43:47] Arquivo de metadata salvo. {
    "table": "pedidos"
}
[2025-12-16 18:43:47] Arquivo de metadata salvo. {
    "table": "task_comments"
}
[2025-12-16 18:43:47] Arquivo de metadata salvo. {
    "table": "tasks"
}
[2025-12-16 18:43:47] Arquivo de metadata salvo. {
    "table": "veiculos"
}
[2025-12-16 18:43:49] Módulo removido {
    "module": "clientes"
}
[2025-12-16 18:43:49] Módulo removido {
    "module": "task_comments"
}
[2025-12-16 18:43:49] Módulo removido {
    "module": "tasks"
}
[2025-12-16 18:43:49] Módulo removido {
    "module": "veiculos"
}
[2025-12-16 18:43:49] Pasta criada {
    "path": "C:\\xampp\\htdocs\\Gustavo\\skyline2\/modules\/clientes"
}
[2025-12-16 18:43:49] Pasta criada {
    "path": "C:\\xampp\\htdocs\\Gustavo\\skyline2\/modules\/clientes\/views"
}
[2025-12-16 18:43:49] Pasta criada {
    "path": "C:\\xampp\\htdocs\\Gustavo\\skyline2\/modules\/clientes\/js"
}
[2025-12-16 18:43:49] Pasta criada {
    "path": "C:\\xampp\\htdocs\\Gustavo\\skyline2\/modules\/clientes\/css"
}
[2025-12-16 18:43:49] View criado {
    "file": "C:\\xampp\\htdocs\\Gustavo\\skyline2\/modules\/clientes\/views\/edit.php"
}
[2025-12-16 18:43:49] View criado {
    "file": "C:\\xampp\\htdocs\\Gustavo\\skyline2\/modules\/clientes\/views\/detail.php"
}
[2025-12-16 18:43:49] Router criado {
    "file": "C:\\xampp\\htdocs\\Gustavo\\skyline2\/modules\/clientes\/router.php"
}
[2025-12-16 18:43:49] Index View criado {
    "file": "C:\\xampp\\htdocs\\Gustavo\\skyline2\/modules\/clientes\/views\/index.php"
}
[2025-12-16 18:43:49] JS criado {
    "file": "C:\\xampp\\htdocs\\Gustavo\\skyline2\/modules\/clientes\/js\/clientes.js"
}
[2025-12-16 18:43:49] CSS criado {
    "file": "C:\\xampp\\htdocs\\Gustavo\\skyline2\/modules\/clientes\/css\/clientes.css"
}
[2025-12-16 18:43:49] Módulo gerado {
    "module": "clientes"
}
[2025-12-16 18:43:49] Pasta criada {
    "path": "C:\\xampp\\htdocs\\Gustavo\\skyline2\/modules\/pedidos"
}
[2025-12-16 18:43:49] Pasta criada {
    "path": "C:\\xampp\\htdocs\\Gustavo\\skyline2\/modules\/pedidos\/views"
}
[2025-12-16 18:43:49] Pasta criada {
    "path": "C:\\xampp\\htdocs\\Gustavo\\skyline2\/modules\/pedidos\/js"
}
[2025-12-16 18:43:49] Pasta criada {
    "path": "C:\\xampp\\htdocs\\Gustavo\\skyline2\/modules\/pedidos\/css"
}
[2025-12-16 18:43:49] View criado {
    "file": "C:\\xampp\\htdocs\\Gustavo\\skyline2\/modules\/pedidos\/views\/edit.php"
}
[2025-12-16 18:43:49] View criado {
    "file": "C:\\xampp\\htdocs\\Gustavo\\skyline2\/modules\/pedidos\/views\/detail.php"
}
[2025-12-16 18:43:49] Router criado {
    "file": "C:\\xampp\\htdocs\\Gustavo\\skyline2\/modules\/pedidos\/router.php"
}
[2025-12-16 18:43:49] Index View criado {
    "file": "C:\\xampp\\htdocs\\Gustavo\\skyline2\/modules\/pedidos\/views\/index.php"
}
[2025-12-16 18:43:49] JS criado {
    "file": "C:\\xampp\\htdocs\\Gustavo\\skyline2\/modules\/pedidos\/js\/pedidos.js"
}
[2025-12-16 18:43:49] CSS criado {
    "file": "C:\\xampp\\htdocs\\Gustavo\\skyline2\/modules\/pedidos\/css\/pedidos.css"
}
[2025-12-16 18:43:49] Módulo gerado {
    "module": "pedidos"
}
[2025-12-16 18:43:49] Pasta criada {
    "path": "C:\\xampp\\htdocs\\Gustavo\\skyline2\/modules\/task_comments"
}
[2025-12-16 18:43:49] Pasta criada {
    "path": "C:\\xampp\\htdocs\\Gustavo\\skyline2\/modules\/task_comments\/views"
}
[2025-12-16 18:43:49] Pasta criada {
    "path": "C:\\xampp\\htdocs\\Gustavo\\skyline2\/modules\/task_comments\/js"
}
[2025-12-16 18:43:49] Pasta criada {
    "path": "C:\\xampp\\htdocs\\Gustavo\\skyline2\/modules\/task_comments\/css"
}
[2025-12-16 18:43:49] View criado {
    "file": "C:\\xampp\\htdocs\\Gustavo\\skyline2\/modules\/task_comments\/views\/edit.php"
}
[2025-12-16 18:43:49] View criado {
    "file": "C:\\xampp\\htdocs\\Gustavo\\skyline2\/modules\/task_comments\/views\/detail.php"
}
[2025-12-16 18:43:49] Router criado {
    "file": "C:\\xampp\\htdocs\\Gustavo\\skyline2\/modules\/task_comments\/router.php"
}
[2025-12-16 18:43:49] Index View criado {
    "file": "C:\\xampp\\htdocs\\Gustavo\\skyline2\/modules\/task_comments\/views\/index.php"
}
[2025-12-16 18:43:49] JS criado {
    "file": "C:\\xampp\\htdocs\\Gustavo\\skyline2\/modules\/task_comments\/js\/task_comments.js"
}
[2025-12-16 18:43:49] CSS criado {
    "file": "C:\\xampp\\htdocs\\Gustavo\\skyline2\/modules\/task_comments\/css\/task_comments.css"
}
[2025-12-16 18:43:49] Módulo gerado {
    "module": "task_comments"
}
[2025-12-16 18:43:49] Pasta criada {
    "path": "C:\\xampp\\htdocs\\Gustavo\\skyline2\/modules\/tasks"
}
[2025-12-16 18:43:49] Pasta criada {
    "path": "C:\\xampp\\htdocs\\Gustavo\\skyline2\/modules\/tasks\/views"
}
[2025-12-16 18:43:49] Pasta criada {
    "path": "C:\\xampp\\htdocs\\Gustavo\\skyline2\/modules\/tasks\/js"
}
[2025-12-16 18:43:49] Pasta criada {
    "path": "C:\\xampp\\htdocs\\Gustavo\\skyline2\/modules\/tasks\/css"
}
[2025-12-16 18:43:49] View criado {
    "file": "C:\\xampp\\htdocs\\Gustavo\\skyline2\/modules\/tasks\/views\/edit.php"
}
[2025-12-16 18:43:49] View criado {
    "file": "C:\\xampp\\htdocs\\Gustavo\\skyline2\/modules\/tasks\/views\/detail.php"
}
[2025-12-16 18:43:49] Router criado {
    "file": "C:\\xampp\\htdocs\\Gustavo\\skyline2\/modules\/tasks\/router.php"
}
[2025-12-16 18:43:49] Index View criado {
    "file": "C:\\xampp\\htdocs\\Gustavo\\skyline2\/modules\/tasks\/views\/index.php"
}
[2025-12-16 18:43:49] JS criado {
    "file": "C:\\xampp\\htdocs\\Gustavo\\skyline2\/modules\/tasks\/js\/tasks.js"
}
[2025-12-16 18:43:49] CSS criado {
    "file": "C:\\xampp\\htdocs\\Gustavo\\skyline2\/modules\/tasks\/css\/tasks.css"
}
[2025-12-16 18:43:49] Módulo gerado {
    "module": "tasks"
}
[2025-12-16 18:43:49] Pasta criada {
    "path": "C:\\xampp\\htdocs\\Gustavo\\skyline2\/modules\/veiculos"
}
[2025-12-16 18:43:49] Pasta criada {
    "path": "C:\\xampp\\htdocs\\Gustavo\\skyline2\/modules\/veiculos\/views"
}
[2025-12-16 18:43:49] Pasta criada {
    "path": "C:\\xampp\\htdocs\\Gustavo\\skyline2\/modules\/veiculos\/js"
}
[2025-12-16 18:43:49] Pasta criada {
    "path": "C:\\xampp\\htdocs\\Gustavo\\skyline2\/modules\/veiculos\/css"
}
[2025-12-16 18:43:49] View criado {
    "file": "C:\\xampp\\htdocs\\Gustavo\\skyline2\/modules\/veiculos\/views\/edit.php"
}
[2025-12-16 18:43:49] View criado {
    "file": "C:\\xampp\\htdocs\\Gustavo\\skyline2\/modules\/veiculos\/views\/detail.php"
}
[2025-12-16 18:43:49] Router criado {
    "file": "C:\\xampp\\htdocs\\Gustavo\\skyline2\/modules\/veiculos\/router.php"
}
[2025-12-16 18:43:49] Index View criado {
    "file": "C:\\xampp\\htdocs\\Gustavo\\skyline2\/modules\/veiculos\/views\/index.php"
}
[2025-12-16 18:43:49] JS criado {
    "file": "C:\\xampp\\htdocs\\Gustavo\\skyline2\/modules\/veiculos\/js\/veiculos.js"
}
[2025-12-16 18:43:49] CSS criado {
    "file": "C:\\xampp\\htdocs\\Gustavo\\skyline2\/modules\/veiculos\/css\/veiculos.css"
}
[2025-12-16 18:43:49] Módulo gerado {
    "module": "veiculos"
}
[2025-12-16 18:45:03] Tentando atualizar registro {
    "modulo": "pedidos",
    "data": {
        "id": "1",
        "cliente_id": "1",
        "produto": "Notebook Dell",
        "quantidade": "2",
        "preco": "3500.00",
        "data_pedido": "2025-12-16 14:43:38"
    }
}
[2025-12-16 18:45:03] UPDATE executado {
    "modulo": "pedidos",
    "id": "1",
    "sql": "UPDATE pedidos SET cliente_id = \"1\", produto = \"Notebook Dell\", quantidade = \"2\", preco = \"3500.00\", data_pedido = \"2025-12-16 14:43:38\" WHERE id = ?",
    "valores": {
        "id": "1",
        "cliente_id": "1",
        "produto": "Notebook Dell",
        "quantidade": "2",
        "preco": "3500.00",
        "data_pedido": "2025-12-16 14:43:38"
    }
}
[2025-12-16 18:49:28] Módulo removido {
    "module": "clientes"
}
[2025-12-16 18:49:28] Módulo removido {
    "module": "pedidos"
}
[2025-12-16 18:49:28] Módulo removido {
    "module": "task_comments"
}
[2025-12-16 18:49:28] Módulo removido {
    "module": "tasks"
}
[2025-12-16 18:49:28] Módulo removido {
    "module": "veiculos"
}
[2025-12-16 18:49:28] Pasta criada {
    "path": "C:\\xampp\\htdocs\\Gustavo\\skyline2\/modules\/clientes"
}
[2025-12-16 18:49:28] Pasta criada {
    "path": "C:\\xampp\\htdocs\\Gustavo\\skyline2\/modules\/clientes\/views"
}
[2025-12-16 18:49:28] Pasta criada {
    "path": "C:\\xampp\\htdocs\\Gustavo\\skyline2\/modules\/clientes\/js"
}
[2025-12-16 18:49:28] Pasta criada {
    "path": "C:\\xampp\\htdocs\\Gustavo\\skyline2\/modules\/clientes\/css"
}
[2025-12-16 18:49:28] View criado {
    "file": "C:\\xampp\\htdocs\\Gustavo\\skyline2\/modules\/clientes\/views\/edit.php"
}
[2025-12-16 18:49:28] View criado {
    "file": "C:\\xampp\\htdocs\\Gustavo\\skyline2\/modules\/clientes\/views\/detail.php"
}
[2025-12-16 18:49:28] Router criado {
    "file": "C:\\xampp\\htdocs\\Gustavo\\skyline2\/modules\/clientes\/router.php"
}
[2025-12-16 18:49:28] Index View criado {
    "file": "C:\\xampp\\htdocs\\Gustavo\\skyline2\/modules\/clientes\/views\/index.php"
}
[2025-12-16 18:49:28] JS criado {
    "file": "C:\\xampp\\htdocs\\Gustavo\\skyline2\/modules\/clientes\/js\/clientes.js"
}
[2025-12-16 18:49:28] CSS criado {
    "file": "C:\\xampp\\htdocs\\Gustavo\\skyline2\/modules\/clientes\/css\/clientes.css"
}
[2025-12-16 18:49:28] Módulo gerado {
    "module": "clientes"
}
[2025-12-16 18:49:28] Pasta criada {
    "path": "C:\\xampp\\htdocs\\Gustavo\\skyline2\/modules\/pedidos"
}
[2025-12-16 18:49:28] Pasta criada {
    "path": "C:\\xampp\\htdocs\\Gustavo\\skyline2\/modules\/pedidos\/views"
}
[2025-12-16 18:49:28] Pasta criada {
    "path": "C:\\xampp\\htdocs\\Gustavo\\skyline2\/modules\/pedidos\/js"
}
[2025-12-16 18:49:28] Pasta criada {
    "path": "C:\\xampp\\htdocs\\Gustavo\\skyline2\/modules\/pedidos\/css"
}
[2025-12-16 18:49:28] View criado {
    "file": "C:\\xampp\\htdocs\\Gustavo\\skyline2\/modules\/pedidos\/views\/edit.php"
}
[2025-12-16 18:49:28] View criado {
    "file": "C:\\xampp\\htdocs\\Gustavo\\skyline2\/modules\/pedidos\/views\/detail.php"
}
[2025-12-16 18:49:28] Router criado {
    "file": "C:\\xampp\\htdocs\\Gustavo\\skyline2\/modules\/pedidos\/router.php"
}
[2025-12-16 18:49:28] Index View criado {
    "file": "C:\\xampp\\htdocs\\Gustavo\\skyline2\/modules\/pedidos\/views\/index.php"
}
[2025-12-16 18:49:29] JS criado {
    "file": "C:\\xampp\\htdocs\\Gustavo\\skyline2\/modules\/pedidos\/js\/pedidos.js"
}
[2025-12-16 18:49:29] CSS criado {
    "file": "C:\\xampp\\htdocs\\Gustavo\\skyline2\/modules\/pedidos\/css\/pedidos.css"
}
[2025-12-16 18:49:29] Módulo gerado {
    "module": "pedidos"
}
[2025-12-16 18:49:29] Pasta criada {
    "path": "C:\\xampp\\htdocs\\Gustavo\\skyline2\/modules\/task_comments"
}
[2025-12-16 18:49:29] Pasta criada {
    "path": "C:\\xampp\\htdocs\\Gustavo\\skyline2\/modules\/task_comments\/views"
}
[2025-12-16 18:49:29] Pasta criada {
    "path": "C:\\xampp\\htdocs\\Gustavo\\skyline2\/modules\/task_comments\/js"
}
[2025-12-16 18:49:29] Pasta criada {
    "path": "C:\\xampp\\htdocs\\Gustavo\\skyline2\/modules\/task_comments\/css"
}
[2025-12-16 18:49:29] View criado {
    "file": "C:\\xampp\\htdocs\\Gustavo\\skyline2\/modules\/task_comments\/views\/edit.php"
}
[2025-12-16 18:49:29] View criado {
    "file": "C:\\xampp\\htdocs\\Gustavo\\skyline2\/modules\/task_comments\/views\/detail.php"
}
[2025-12-16 18:49:29] Router criado {
    "file": "C:\\xampp\\htdocs\\Gustavo\\skyline2\/modules\/task_comments\/router.php"
}
[2025-12-16 18:49:29] Index View criado {
    "file": "C:\\xampp\\htdocs\\Gustavo\\skyline2\/modules\/task_comments\/views\/index.php"
}
[2025-12-16 18:49:29] JS criado {
    "file": "C:\\xampp\\htdocs\\Gustavo\\skyline2\/modules\/task_comments\/js\/task_comments.js"
}
[2025-12-16 18:49:29] CSS criado {
    "file": "C:\\xampp\\htdocs\\Gustavo\\skyline2\/modules\/task_comments\/css\/task_comments.css"
}
[2025-12-16 18:49:29] Módulo gerado {
    "module": "task_comments"
}
[2025-12-16 18:49:29] Pasta criada {
    "path": "C:\\xampp\\htdocs\\Gustavo\\skyline2\/modules\/tasks"
}
[2025-12-16 18:49:29] Pasta criada {
    "path": "C:\\xampp\\htdocs\\Gustavo\\skyline2\/modules\/tasks\/views"
}
[2025-12-16 18:49:29] Pasta criada {
    "path": "C:\\xampp\\htdocs\\Gustavo\\skyline2\/modules\/tasks\/js"
}
[2025-12-16 18:49:29] Pasta criada {
    "path": "C:\\xampp\\htdocs\\Gustavo\\skyline2\/modules\/tasks\/css"
}
[2025-12-16 18:49:29] View criado {
    "file": "C:\\xampp\\htdocs\\Gustavo\\skyline2\/modules\/tasks\/views\/edit.php"
}
[2025-12-16 18:49:29] View criado {
    "file": "C:\\xampp\\htdocs\\Gustavo\\skyline2\/modules\/tasks\/views\/detail.php"
}
[2025-12-16 18:49:29] Router criado {
    "file": "C:\\xampp\\htdocs\\Gustavo\\skyline2\/modules\/tasks\/router.php"
}
[2025-12-16 18:49:29] Index View criado {
    "file": "C:\\xampp\\htdocs\\Gustavo\\skyline2\/modules\/tasks\/views\/index.php"
}
[2025-12-16 18:49:29] JS criado {
    "file": "C:\\xampp\\htdocs\\Gustavo\\skyline2\/modules\/tasks\/js\/tasks.js"
}
[2025-12-16 18:49:29] CSS criado {
    "file": "C:\\xampp\\htdocs\\Gustavo\\skyline2\/modules\/tasks\/css\/tasks.css"
}
[2025-12-16 18:49:29] Módulo gerado {
    "module": "tasks"
}
[2025-12-16 18:49:29] Pasta criada {
    "path": "C:\\xampp\\htdocs\\Gustavo\\skyline2\/modules\/veiculos"
}
[2025-12-16 18:49:29] Pasta criada {
    "path": "C:\\xampp\\htdocs\\Gustavo\\skyline2\/modules\/veiculos\/views"
}
[2025-12-16 18:49:29] Pasta criada {
    "path": "C:\\xampp\\htdocs\\Gustavo\\skyline2\/modules\/veiculos\/js"
}
[2025-12-16 18:49:29] Pasta criada {
    "path": "C:\\xampp\\htdocs\\Gustavo\\skyline2\/modules\/veiculos\/css"
}
[2025-12-16 18:49:29] View criado {
    "file": "C:\\xampp\\htdocs\\Gustavo\\skyline2\/modules\/veiculos\/views\/edit.php"
}
[2025-12-16 18:49:29] View criado {
    "file": "C:\\xampp\\htdocs\\Gustavo\\skyline2\/modules\/veiculos\/views\/detail.php"
}
[2025-12-16 18:49:29] Router criado {
    "file": "C:\\xampp\\htdocs\\Gustavo\\skyline2\/modules\/veiculos\/router.php"
}
[2025-12-16 18:49:29] Index View criado {
    "file": "C:\\xampp\\htdocs\\Gustavo\\skyline2\/modules\/veiculos\/views\/index.php"
}
[2025-12-16 18:49:29] JS criado {
    "file": "C:\\xampp\\htdocs\\Gustavo\\skyline2\/modules\/veiculos\/js\/veiculos.js"
}
[2025-12-16 18:49:29] CSS criado {
    "file": "C:\\xampp\\htdocs\\Gustavo\\skyline2\/modules\/veiculos\/css\/veiculos.css"
}
[2025-12-16 18:49:29] Módulo gerado {
    "module": "veiculos"
}
[2025-12-16 19:10:12] Tentando atualizar registro {
    "modulo": "clientes",
    "data": {
        "id": "1",
        "nome": "test2",
        "email": "editado??",
        "telefone": "teste",
        "cpf": "teste",
        "data_cadastro": "0000-00-00 00:00:00"
    }
}
[2025-12-16 19:10:12] UPDATE executado {
    "modulo": "clientes",
    "id": "1"
}
[2025-12-16 19:10:21] Tentando atualizar registro {
    "modulo": "clientes",
    "data": {
        "id": "1",
        "nome": "test23",
        "email": "editado??",
        "telefone": "teste",
        "cpf": "teste",
        "data_cadastro": "0000-00-00 00:00:00"
    }
}
[2025-12-16 19:10:21] UPDATE executado {
    "modulo": "clientes",
    "id": "1"
}
[2025-12-16 23:52:08] Arquivo de metadata deletado {
    "file": "C:\\xampp\\htdocs\\skyline2\\metadata\/clientes.json"
}
[2025-12-16 23:52:08] Arquivo de metadata deletado {
    "file": "C:\\xampp\\htdocs\\skyline2\\metadata\/pedidos.json"
}
[2025-12-16 23:52:08] Arquivo de metadata deletado {
    "file": "C:\\xampp\\htdocs\\skyline2\\metadata\/task_comments.json"
}
[2025-12-16 23:52:08] Arquivo de metadata deletado {
    "file": "C:\\xampp\\htdocs\\skyline2\\metadata\/tasks.json"
}
[2025-12-16 23:52:08] Arquivo de metadata deletado {
    "file": "C:\\xampp\\htdocs\\skyline2\\metadata\/veiculos.json"
}
[2025-12-16 23:52:08] Arquivo de metadata salvo. {
    "table": "clientes"
}
[2025-12-16 23:52:08] Arquivo de metadata salvo. {
    "table": "itens_servico"
}
[2025-12-16 23:52:08] Arquivo de metadata salvo. {
    "table": "servicos"
}
[2025-12-16 23:52:08] Arquivo de metadata salvo. {
    "table": "veiculos"
}
[2025-12-16 23:52:10] Módulo removido {
    "module": "clientes"
}
[2025-12-16 23:52:10] Módulo removido {
    "module": "pedidos"
}
[2025-12-16 23:52:10] Módulo removido {
    "module": "task_comments"
}
[2025-12-16 23:52:10] Módulo removido {
    "module": "tasks"
}
[2025-12-16 23:52:10] Módulo removido {
    "module": "veiculos"
}
[2025-12-16 23:52:10] Pasta criada {
    "path": "C:\\xampp\\htdocs\\skyline2\/modules\/clientes"
}
[2025-12-16 23:52:10] Pasta criada {
    "path": "C:\\xampp\\htdocs\\skyline2\/modules\/clientes\/views"
}
[2025-12-16 23:52:10] Pasta criada {
    "path": "C:\\xampp\\htdocs\\skyline2\/modules\/clientes\/js"
}
[2025-12-16 23:52:10] Pasta criada {
    "path": "C:\\xampp\\htdocs\\skyline2\/modules\/clientes\/css"
}
[2025-12-16 23:52:10] View criado {
    "file": "C:\\xampp\\htdocs\\skyline2\/modules\/clientes\/views\/edit.php"
}
[2025-12-16 23:52:10] View criado {
    "file": "C:\\xampp\\htdocs\\skyline2\/modules\/clientes\/views\/detail.php"
}
[2025-12-16 23:52:10] Router criado {
    "file": "C:\\xampp\\htdocs\\skyline2\/modules\/clientes\/router.php"
}
[2025-12-16 23:52:10] Index View criado {
    "file": "C:\\xampp\\htdocs\\skyline2\/modules\/clientes\/views\/index.php"
}
[2025-12-16 23:52:10] JS criado {
    "file": "C:\\xampp\\htdocs\\skyline2\/modules\/clientes\/js\/clientes.js"
}
[2025-12-16 23:52:10] CSS criado {
    "file": "C:\\xampp\\htdocs\\skyline2\/modules\/clientes\/css\/clientes.css"
}
[2025-12-16 23:52:10] Módulo gerado {
    "module": "clientes"
}
[2025-12-16 23:52:10] Pasta criada {
    "path": "C:\\xampp\\htdocs\\skyline2\/modules\/itens_servico"
}
[2025-12-16 23:52:10] Pasta criada {
    "path": "C:\\xampp\\htdocs\\skyline2\/modules\/itens_servico\/views"
}
[2025-12-16 23:52:10] Pasta criada {
    "path": "C:\\xampp\\htdocs\\skyline2\/modules\/itens_servico\/js"
}
[2025-12-16 23:52:10] Pasta criada {
    "path": "C:\\xampp\\htdocs\\skyline2\/modules\/itens_servico\/css"
}
[2025-12-16 23:52:10] View criado {
    "file": "C:\\xampp\\htdocs\\skyline2\/modules\/itens_servico\/views\/edit.php"
}
[2025-12-16 23:52:10] View criado {
    "file": "C:\\xampp\\htdocs\\skyline2\/modules\/itens_servico\/views\/detail.php"
}
[2025-12-16 23:52:10] Router criado {
    "file": "C:\\xampp\\htdocs\\skyline2\/modules\/itens_servico\/router.php"
}
[2025-12-16 23:52:10] Index View criado {
    "file": "C:\\xampp\\htdocs\\skyline2\/modules\/itens_servico\/views\/index.php"
}
[2025-12-16 23:52:10] JS criado {
    "file": "C:\\xampp\\htdocs\\skyline2\/modules\/itens_servico\/js\/itens_servico.js"
}
[2025-12-16 23:52:10] CSS criado {
    "file": "C:\\xampp\\htdocs\\skyline2\/modules\/itens_servico\/css\/itens_servico.css"
}
[2025-12-16 23:52:10] Módulo gerado {
    "module": "itens_servico"
}
[2025-12-16 23:52:10] Pasta criada {
    "path": "C:\\xampp\\htdocs\\skyline2\/modules\/servicos"
}
[2025-12-16 23:52:10] Pasta criada {
    "path": "C:\\xampp\\htdocs\\skyline2\/modules\/servicos\/views"
}
[2025-12-16 23:52:10] Pasta criada {
    "path": "C:\\xampp\\htdocs\\skyline2\/modules\/servicos\/js"
}
[2025-12-16 23:52:10] Pasta criada {
    "path": "C:\\xampp\\htdocs\\skyline2\/modules\/servicos\/css"
}
[2025-12-16 23:52:10] View criado {
    "file": "C:\\xampp\\htdocs\\skyline2\/modules\/servicos\/views\/edit.php"
}
[2025-12-16 23:52:10] View criado {
    "file": "C:\\xampp\\htdocs\\skyline2\/modules\/servicos\/views\/detail.php"
}
[2025-12-16 23:52:10] Router criado {
    "file": "C:\\xampp\\htdocs\\skyline2\/modules\/servicos\/router.php"
}
[2025-12-16 23:52:10] Index View criado {
    "file": "C:\\xampp\\htdocs\\skyline2\/modules\/servicos\/views\/index.php"
}
[2025-12-16 23:52:10] JS criado {
    "file": "C:\\xampp\\htdocs\\skyline2\/modules\/servicos\/js\/servicos.js"
}
[2025-12-16 23:52:10] CSS criado {
    "file": "C:\\xampp\\htdocs\\skyline2\/modules\/servicos\/css\/servicos.css"
}
[2025-12-16 23:52:10] Módulo gerado {
    "module": "servicos"
}
[2025-12-16 23:52:10] Pasta criada {
    "path": "C:\\xampp\\htdocs\\skyline2\/modules\/veiculos"
}
[2025-12-16 23:52:10] Pasta criada {
    "path": "C:\\xampp\\htdocs\\skyline2\/modules\/veiculos\/views"
}
[2025-12-16 23:52:10] Pasta criada {
    "path": "C:\\xampp\\htdocs\\skyline2\/modules\/veiculos\/js"
}
[2025-12-16 23:52:10] Pasta criada {
    "path": "C:\\xampp\\htdocs\\skyline2\/modules\/veiculos\/css"
}
[2025-12-16 23:52:10] View criado {
    "file": "C:\\xampp\\htdocs\\skyline2\/modules\/veiculos\/views\/edit.php"
}
[2025-12-16 23:52:10] View criado {
    "file": "C:\\xampp\\htdocs\\skyline2\/modules\/veiculos\/views\/detail.php"
}
[2025-12-16 23:52:10] Router criado {
    "file": "C:\\xampp\\htdocs\\skyline2\/modules\/veiculos\/router.php"
}
[2025-12-16 23:52:10] Index View criado {
    "file": "C:\\xampp\\htdocs\\skyline2\/modules\/veiculos\/views\/index.php"
}
[2025-12-16 23:52:10] JS criado {
    "file": "C:\\xampp\\htdocs\\skyline2\/modules\/veiculos\/js\/veiculos.js"
}
[2025-12-16 23:52:10] CSS criado {
    "file": "C:\\xampp\\htdocs\\skyline2\/modules\/veiculos\/css\/veiculos.css"
}
[2025-12-16 23:52:10] Módulo gerado {
    "module": "veiculos"
}
[2025-12-17 00:25:44] Tentando atualizar registro {
    "modulo": "clientes",
    "data": {
        "id": "7",
        "nome": "NATAAAAAAAAL",
        "telefone": "ta editando",
        "endereco": "ofdasse",
        "bairro": "funcionaaa",
        "cidade": "f",
        "cpf_cnpj": "f"
    }
}
[2025-12-17 00:25:44] UPDATE executado {
    "modulo": "clientes",
    "id": "7"
}
[2025-12-17 00:25:44] Tentando atualizar registro {
    "modulo": "veiculos",
    "data": {
        "id": "33",
        "cliente_id": "7",
        "placa": "naotarepet",
        "modelo": "teste",
        "cor": "teste",
        "combustivel": "teste2",
        "ano": "1950"
    }
}
[2025-12-17 00:25:44] UPDATE executado {
    "modulo": "veiculos",
    "id": "33"
}
[2025-12-17 00:25:44] Tentando atualizar registro {
    "modulo": "veiculos",
    "data": {
        "id": "34",
        "cliente_id": "7",
        "placa": "teste3",
        "modelo": "teste",
        "cor": "teste",
        "combustivel": "teste",
        "ano": "0"
    }
}
[2025-12-17 00:25:44] UPDATE executado {
    "modulo": "veiculos",
    "id": "34"
}
[2025-12-17 00:26:19] Tentando atualizar registro {
    "modulo": "clientes",
    "data": {
        "id": "7",
        "nome": "NATAAAAAAAAL",
        "telefone": "ta editando",
        "endereco": "ofdasse",
        "bairro": "funcionaaa",
        "cidade": "f",
        "cpf_cnpj": "f"
    }
}
[2025-12-17 00:26:19] UPDATE executado {
    "modulo": "clientes",
    "id": "7"
}
[2025-12-17 00:26:19] Tentando atualizar registro {
    "modulo": "veiculos",
    "data": {
        "id": "33",
        "cliente_id": "7",
        "placa": "talvezesteja",
        "modelo": "teste",
        "cor": "teste",
        "combustivel": "teste2",
        "ano": "1950"
    }
}
[2025-12-17 00:26:19] UPDATE executado {
    "modulo": "veiculos",
    "id": "33"
}
[2025-12-17 00:26:19] Tentando atualizar registro {
    "modulo": "veiculos",
    "data": {
        "id": "34",
        "cliente_id": "7",
        "placa": "teste3",
        "modelo": "teste",
        "cor": "teste",
        "combustivel": "teste",
        "ano": "2000"
    }
}
[2025-12-17 00:26:19] UPDATE executado {
    "modulo": "veiculos",
    "id": "34"
}
[2025-12-17 00:42:11] Arquivo de metadata deletado {
    "file": "C:\\xampp\\htdocs\\skyline2\\metadata\/clientes.json"
}
[2025-12-17 00:42:11] Arquivo de metadata deletado {
    "file": "C:\\xampp\\htdocs\\skyline2\\metadata\/itens_servico.json"
}
[2025-12-17 00:42:11] Arquivo de metadata deletado {
    "file": "C:\\xampp\\htdocs\\skyline2\\metadata\/servicos.json"
}
[2025-12-17 00:42:11] Arquivo de metadata deletado {
    "file": "C:\\xampp\\htdocs\\skyline2\\metadata\/veiculos.json"
}
[2025-12-17 00:42:11] Arquivo de metadata salvo. {
    "table": "clientes"
}
[2025-12-17 00:42:11] Arquivo de metadata salvo. {
    "table": "itens_servico"
}
[2025-12-17 00:42:11] Arquivo de metadata salvo. {
    "table": "servicos"
}
[2025-12-17 00:42:11] Arquivo de metadata salvo. {
    "table": "veiculos"
}
[2025-12-17 13:12:48] Arquivo de metadata deletado {
    "file": "C:\\xampp\\htdocs\\Gustavo\\skyline2\\metadata\/clientes.json"
}
[2025-12-17 13:12:48] Arquivo de metadata deletado {
    "file": "C:\\xampp\\htdocs\\Gustavo\\skyline2\\metadata\/itens_servico.json"
}
[2025-12-17 13:12:48] Arquivo de metadata deletado {
    "file": "C:\\xampp\\htdocs\\Gustavo\\skyline2\\metadata\/servicos.json"
}
[2025-12-17 13:12:48] Arquivo de metadata deletado {
    "file": "C:\\xampp\\htdocs\\Gustavo\\skyline2\\metadata\/veiculos.json"
}
[2025-12-17 13:12:48] Arquivo de metadata salvo. {
    "table": "clientes"
}
[2025-12-17 13:12:48] Arquivo de metadata salvo. {
    "table": "pedidos"
}
[2025-12-17 13:12:48] Arquivo de metadata salvo. {
    "table": "task_comments"
}
[2025-12-17 13:12:48] Arquivo de metadata salvo. {
    "table": "tasks"
}
[2025-12-17 13:12:48] Arquivo de metadata salvo. {
    "table": "veiculos"
}
[2025-12-17 13:12:50] Módulo removido {
    "module": "clientes"
}
[2025-12-17 13:12:50] Módulo removido {
    "module": "itens_servico"
}
[2025-12-17 13:12:50] Módulo removido {
    "module": "servicos"
}
[2025-12-17 13:12:50] Módulo removido {
    "module": "veiculos"
}
[2025-12-17 13:12:50] Pasta criada {
    "path": "C:\\xampp\\htdocs\\Gustavo\\skyline2\/modules\/clientes"
}
[2025-12-17 13:12:50] Pasta criada {
    "path": "C:\\xampp\\htdocs\\Gustavo\\skyline2\/modules\/clientes\/views"
}
[2025-12-17 13:12:50] Pasta criada {
    "path": "C:\\xampp\\htdocs\\Gustavo\\skyline2\/modules\/clientes\/js"
}
[2025-12-17 13:12:50] Pasta criada {
    "path": "C:\\xampp\\htdocs\\Gustavo\\skyline2\/modules\/clientes\/css"
}
[2025-12-17 13:12:50] View criado {
    "file": "C:\\xampp\\htdocs\\Gustavo\\skyline2\/modules\/clientes\/views\/edit.php"
}
[2025-12-17 13:12:50] View criado {
    "file": "C:\\xampp\\htdocs\\Gustavo\\skyline2\/modules\/clientes\/views\/detail.php"
}
[2025-12-17 13:12:50] Router criado {
    "file": "C:\\xampp\\htdocs\\Gustavo\\skyline2\/modules\/clientes\/router.php"
}
[2025-12-17 13:12:50] Index View criado {
    "file": "C:\\xampp\\htdocs\\Gustavo\\skyline2\/modules\/clientes\/views\/index.php"
}
[2025-12-17 13:12:50] JS criado {
    "file": "C:\\xampp\\htdocs\\Gustavo\\skyline2\/modules\/clientes\/js\/clientes.js"
}
[2025-12-17 13:12:50] CSS criado {
    "file": "C:\\xampp\\htdocs\\Gustavo\\skyline2\/modules\/clientes\/css\/clientes.css"
}
[2025-12-17 13:12:50] Módulo gerado {
    "module": "clientes"
}
[2025-12-17 13:12:50] Pasta criada {
    "path": "C:\\xampp\\htdocs\\Gustavo\\skyline2\/modules\/pedidos"
}
[2025-12-17 13:12:50] Pasta criada {
    "path": "C:\\xampp\\htdocs\\Gustavo\\skyline2\/modules\/pedidos\/views"
}
[2025-12-17 13:12:50] Pasta criada {
    "path": "C:\\xampp\\htdocs\\Gustavo\\skyline2\/modules\/pedidos\/js"
}
[2025-12-17 13:12:50] Pasta criada {
    "path": "C:\\xampp\\htdocs\\Gustavo\\skyline2\/modules\/pedidos\/css"
}
[2025-12-17 13:12:50] View criado {
    "file": "C:\\xampp\\htdocs\\Gustavo\\skyline2\/modules\/pedidos\/views\/edit.php"
}
[2025-12-17 13:12:50] View criado {
    "file": "C:\\xampp\\htdocs\\Gustavo\\skyline2\/modules\/pedidos\/views\/detail.php"
}
[2025-12-17 13:12:50] Router criado {
    "file": "C:\\xampp\\htdocs\\Gustavo\\skyline2\/modules\/pedidos\/router.php"
}
[2025-12-17 13:12:50] Index View criado {
    "file": "C:\\xampp\\htdocs\\Gustavo\\skyline2\/modules\/pedidos\/views\/index.php"
}
[2025-12-17 13:12:50] JS criado {
    "file": "C:\\xampp\\htdocs\\Gustavo\\skyline2\/modules\/pedidos\/js\/pedidos.js"
}
[2025-12-17 13:12:50] CSS criado {
    "file": "C:\\xampp\\htdocs\\Gustavo\\skyline2\/modules\/pedidos\/css\/pedidos.css"
}
[2025-12-17 13:12:50] Módulo gerado {
    "module": "pedidos"
}
[2025-12-17 13:12:50] Pasta criada {
    "path": "C:\\xampp\\htdocs\\Gustavo\\skyline2\/modules\/task_comments"
}
[2025-12-17 13:12:50] Pasta criada {
    "path": "C:\\xampp\\htdocs\\Gustavo\\skyline2\/modules\/task_comments\/views"
}
[2025-12-17 13:12:50] Pasta criada {
    "path": "C:\\xampp\\htdocs\\Gustavo\\skyline2\/modules\/task_comments\/js"
}
[2025-12-17 13:12:50] Pasta criada {
    "path": "C:\\xampp\\htdocs\\Gustavo\\skyline2\/modules\/task_comments\/css"
}
[2025-12-17 13:12:50] View criado {
    "file": "C:\\xampp\\htdocs\\Gustavo\\skyline2\/modules\/task_comments\/views\/edit.php"
}
[2025-12-17 13:12:50] View criado {
    "file": "C:\\xampp\\htdocs\\Gustavo\\skyline2\/modules\/task_comments\/views\/detail.php"
}
[2025-12-17 13:12:50] Router criado {
    "file": "C:\\xampp\\htdocs\\Gustavo\\skyline2\/modules\/task_comments\/router.php"
}
[2025-12-17 13:12:50] Index View criado {
    "file": "C:\\xampp\\htdocs\\Gustavo\\skyline2\/modules\/task_comments\/views\/index.php"
}
[2025-12-17 13:12:50] JS criado {
    "file": "C:\\xampp\\htdocs\\Gustavo\\skyline2\/modules\/task_comments\/js\/task_comments.js"
}
[2025-12-17 13:12:50] CSS criado {
    "file": "C:\\xampp\\htdocs\\Gustavo\\skyline2\/modules\/task_comments\/css\/task_comments.css"
}
[2025-12-17 13:12:50] Módulo gerado {
    "module": "task_comments"
}
[2025-12-17 13:12:50] Pasta criada {
    "path": "C:\\xampp\\htdocs\\Gustavo\\skyline2\/modules\/tasks"
}
[2025-12-17 13:12:50] Pasta criada {
    "path": "C:\\xampp\\htdocs\\Gustavo\\skyline2\/modules\/tasks\/views"
}
[2025-12-17 13:12:50] Pasta criada {
    "path": "C:\\xampp\\htdocs\\Gustavo\\skyline2\/modules\/tasks\/js"
}
[2025-12-17 13:12:50] Pasta criada {
    "path": "C:\\xampp\\htdocs\\Gustavo\\skyline2\/modules\/tasks\/css"
}
[2025-12-17 13:12:50] View criado {
    "file": "C:\\xampp\\htdocs\\Gustavo\\skyline2\/modules\/tasks\/views\/edit.php"
}
[2025-12-17 13:12:50] View criado {
    "file": "C:\\xampp\\htdocs\\Gustavo\\skyline2\/modules\/tasks\/views\/detail.php"
}
[2025-12-17 13:12:50] Router criado {
    "file": "C:\\xampp\\htdocs\\Gustavo\\skyline2\/modules\/tasks\/router.php"
}
[2025-12-17 13:12:50] Index View criado {
    "file": "C:\\xampp\\htdocs\\Gustavo\\skyline2\/modules\/tasks\/views\/index.php"
}
[2025-12-17 13:12:50] JS criado {
    "file": "C:\\xampp\\htdocs\\Gustavo\\skyline2\/modules\/tasks\/js\/tasks.js"
}
[2025-12-17 13:12:50] CSS criado {
    "file": "C:\\xampp\\htdocs\\Gustavo\\skyline2\/modules\/tasks\/css\/tasks.css"
}
[2025-12-17 13:12:50] Módulo gerado {
    "module": "tasks"
}
[2025-12-17 13:12:50] Pasta criada {
    "path": "C:\\xampp\\htdocs\\Gustavo\\skyline2\/modules\/veiculos"
}
[2025-12-17 13:12:50] Pasta criada {
    "path": "C:\\xampp\\htdocs\\Gustavo\\skyline2\/modules\/veiculos\/views"
}
[2025-12-17 13:12:50] Pasta criada {
    "path": "C:\\xampp\\htdocs\\Gustavo\\skyline2\/modules\/veiculos\/js"
}
[2025-12-17 13:12:50] Pasta criada {
    "path": "C:\\xampp\\htdocs\\Gustavo\\skyline2\/modules\/veiculos\/css"
}
[2025-12-17 13:12:50] View criado {
    "file": "C:\\xampp\\htdocs\\Gustavo\\skyline2\/modules\/veiculos\/views\/edit.php"
}
[2025-12-17 13:12:50] View criado {
    "file": "C:\\xampp\\htdocs\\Gustavo\\skyline2\/modules\/veiculos\/views\/detail.php"
}
[2025-12-17 13:12:50] Router criado {
    "file": "C:\\xampp\\htdocs\\Gustavo\\skyline2\/modules\/veiculos\/router.php"
}
[2025-12-17 13:12:50] Index View criado {
    "file": "C:\\xampp\\htdocs\\Gustavo\\skyline2\/modules\/veiculos\/views\/index.php"
}
[2025-12-17 13:12:50] JS criado {
    "file": "C:\\xampp\\htdocs\\Gustavo\\skyline2\/modules\/veiculos\/js\/veiculos.js"
}
[2025-12-17 13:12:50] CSS criado {
    "file": "C:\\xampp\\htdocs\\Gustavo\\skyline2\/modules\/veiculos\/css\/veiculos.css"
}
[2025-12-17 13:12:50] Módulo gerado {
    "module": "veiculos"
}
[2025-12-17 13:20:00] Arquivo de metadata deletado {
    "file": "C:\\xampp\\htdocs\\Gustavo\\skyline2\\metadata\/clientes.json"
}
[2025-12-17 13:20:00] Arquivo de metadata deletado {
    "file": "C:\\xampp\\htdocs\\Gustavo\\skyline2\\metadata\/pedidos.json"
}
[2025-12-17 13:20:00] Arquivo de metadata deletado {
    "file": "C:\\xampp\\htdocs\\Gustavo\\skyline2\\metadata\/task_comments.json"
}
[2025-12-17 13:20:00] Arquivo de metadata deletado {
    "file": "C:\\xampp\\htdocs\\Gustavo\\skyline2\\metadata\/tasks.json"
}
[2025-12-17 13:20:00] Arquivo de metadata deletado {
    "file": "C:\\xampp\\htdocs\\Gustavo\\skyline2\\metadata\/veiculos.json"
}
[2025-12-17 13:22:21] Arquivo de metadata salvo. {
    "table": "clientes"
}
[2025-12-17 13:22:21] Arquivo de metadata salvo. {
    "table": "pedidos"
}
[2025-12-17 13:22:21] Arquivo de metadata salvo. {
    "table": "task_comments"
}
[2025-12-17 13:22:21] Arquivo de metadata salvo. {
    "table": "tasks"
}
[2025-12-17 13:22:21] Arquivo de metadata salvo. {
    "table": "veiculos"
}
[2025-12-17 13:50:53] Relacionamento hasItems criado {
    "parent": "clientes",
    "child": "pedidos",
    "foreign_key": "cliente_id"
}
[2025-12-17 13:50:53] Relacionamento hasItems criado {
    "parent": "tasks",
    "child": "task_comments",
    "foreign_key": "task_id"
}
[2025-12-17 13:50:53] Relacionamento hasItems criado {
    "parent": "clientes",
    "child": "veiculos",
    "foreign_key": "cliente_id"
}
[2025-12-17 14:00:01] Tentando atualizar registro {
    "modulo": "veiculos",
    "data": {
        "id": "1",
        "cliente_id": "4",
        "marca": "Toyota",
        "modelo": "Corolla",
        "placa": "ABC1234",
        "ano": "2020",
        "data_cadastro": "2025-12-16 15:36:45"
    }
}
[2025-12-17 14:00:01] UPDATE executado {
    "modulo": "veiculos",
    "id": "1"
}
[2025-12-17 14:31:12] Arquivo de metadata deletado {
    "file": "C:\\xampp\\htdocs\\Gustavo\\skyline2\\metadata\/clientes.json"
}
[2025-12-17 14:31:12] Arquivo de metadata deletado {
    "file": "C:\\xampp\\htdocs\\Gustavo\\skyline2\\metadata\/pedidos.json"
}
[2025-12-17 14:31:12] Arquivo de metadata deletado {
    "file": "C:\\xampp\\htdocs\\Gustavo\\skyline2\\metadata\/task_comments.json"
}
[2025-12-17 14:31:12] Arquivo de metadata deletado {
    "file": "C:\\xampp\\htdocs\\Gustavo\\skyline2\\metadata\/tasks.json"
}
[2025-12-17 14:31:12] Arquivo de metadata deletado {
    "file": "C:\\xampp\\htdocs\\Gustavo\\skyline2\\metadata\/veiculos.json"
}
[2025-12-17 14:31:12] Arquivo de metadata salvo. {
    "table": "clientes"
}
[2025-12-17 14:31:12] Arquivo de metadata salvo. {
    "table": "pedidos"
}
[2025-12-17 14:31:12] Arquivo de metadata salvo. {
    "table": "task_comments"
}
[2025-12-17 14:31:12] Arquivo de metadata salvo. {
    "table": "tasks"
}
[2025-12-17 14:31:12] Arquivo de metadata salvo. {
    "table": "veiculos"
}
[2025-12-17 14:31:14] Relacionamento items criado {
    "parent": "clientes",
    "child": "pedidos",
    "foreign_key": "cliente_id"
}
[2025-12-17 14:31:14] Relacionamento items criado {
    "parent": "tasks",
    "child": "task_comments",
    "foreign_key": "task_id"
}
[2025-12-17 14:31:14] Relacionamento items criado {
    "parent": "clientes",
    "child": "veiculos",
    "foreign_key": "cliente_id"
}
[2025-12-17 14:52:01] Tentando atualizar registro {
    "modulo": "clientes",
    "data": {
        "id": "1",
        "nome": "test23",
        "email": "editado??",
        "telefone": "teste",
        "cpf": "teste",
        "data_cadastro": "0000-00-00 00:00:00"
    }
}
[2025-12-17 14:52:01] UPDATE executado {
    "modulo": "clientes",
    "id": "1"
}
[2025-12-17 14:52:44] Tentando atualizar registro {
    "modulo": "clientes",
    "data": {
        "id": "1",
        "nome": "test23",
        "email": "editado??",
        "telefone": "teste",
        "cpf": "teste",
        "data_cadastro": "0000-00-00 00:00:00"
    }
}
[2025-12-17 14:52:44] UPDATE executado {
    "modulo": "clientes",
    "id": "1"
}
[2025-12-17 14:55:48] Tentando atualizar registro {
    "modulo": "clientes",
    "data": {
        "id": "1",
        "nome": "test23",
        "email": "editado??",
        "telefone": "teste",
        "cpf": "teste",
        "data_cadastro": "0000-00-00 00:00:00"
    }
}
[2025-12-17 14:55:48] UPDATE executado {
    "modulo": "clientes",
    "id": "1"
}
[2025-12-17 14:57:58] Tentando atualizar registro {
    "modulo": "clientes",
    "data": {
        "id": "1",
        "nome": "test23",
        "email": "editado??",
        "telefone": "teste",
        "cpf": "teste",
        "data_cadastro": "0000-00-00 00:00:00"
    }
}
[2025-12-17 14:57:58] UPDATE executado {
    "modulo": "clientes",
    "id": "1"
}
[2025-12-17 14:58:33] Tentando atualizar registro {
    "modulo": "clientes",
    "data": {
        "id": "1",
        "nome": "test23",
        "email": "editado??",
        "telefone": "teste",
        "cpf": "teste",
        "data_cadastro": "0000-00-00 00:00:00"
    }
}
[2025-12-17 14:58:33] UPDATE executado {
    "modulo": "clientes",
    "id": "1"
}
[2025-12-17 14:58:54] Tentando atualizar registro {
    "modulo": "clientes",
    "data": {
        "id": "1",
        "nome": "test23",
        "email": "editado??",
        "telefone": "teste",
        "cpf": "teste",
        "data_cadastro": "0000-00-00 00:00:00"
    }
}
[2025-12-17 14:58:54] UPDATE executado {
    "modulo": "clientes",
    "id": "1"
}
[2025-12-17 14:58:54] Tentando atualizar registro {
    "modulo": "pedidos",
    "data": {
        "id": "1",
        "cliente_id": "1",
        "produto": "Notebook Dell",
        "quantidade": "2",
        "preco": "3500.00",
        "data_pedido": "2025-12-16 14:43:38"
    }
}
[2025-12-17 14:58:54] UPDATE executado {
    "modulo": "pedidos",
    "id": "1"
}
[2025-12-17 14:58:54] Tentando atualizar registro {
    "modulo": "pedidos",
    "data": {
        "id": "2",
        "cliente_id": "1",
        "produto": "Mouse Logitecha",
        "quantidade": "2",
        "preco": "150.00",
        "data_pedido": "2025-12-16 14:43:38"
    }
}
[2025-12-17 14:58:54] UPDATE executado {
    "modulo": "pedidos",
    "id": "2"
}
[2025-12-17 14:58:54] Tentando atualizar registro {
    "modulo": "pedidos",
    "data": {
        "id": "3",
        "cliente_id": "1",
        "produto": "Teclado Mecânico",
        "quantidade": "1",
        "preco": "450.00",
        "data_pedido": "2025-12-16 14:43:38"
    }
}
[2025-12-17 14:58:54] UPDATE executado {
    "modulo": "pedidos",
    "id": "3"
}
[2025-12-17 14:58:54] Tentando atualizar registro {
    "modulo": "pedidos",
    "data": {
        "id": "4",
        "cliente_id": "1",
        "produto": "Monitor 24\"",
        "quantidade": "2",
        "preco": "1200.00",
        "data_pedido": "2025-12-16 14:43:38"
    }
}
[2025-12-17 14:58:54] UPDATE executado {
    "modulo": "pedidos",
    "id": "4"
}
[2025-12-17 14:58:54] Tentando atualizar registro {
    "modulo": "veiculos",
    "data": {
        "id": "2",
        "cliente_id": "1",
        "marca": "Honda",
        "modelo": "Civic",
        "placa": "DEF5678",
        "ano": "2019",
        "data_cadastro": "2025-12-16 15:36:45"
    }
}
[2025-12-17 14:58:54] UPDATE executado {
    "modulo": "veiculos",
    "id": "2"
}
[2025-12-17 14:58:54] Tentando atualizar registro {
    "modulo": "veiculos",
    "data": {
        "id": "3",
        "cliente_id": "1",
        "marca": "Ford",
        "modelo": "Ka",
        "placa": "GHI9012",
        "ano": "2021",
        "data_cadastro": "2025-12-16 15:36:45"
    }
}
[2025-12-17 14:58:54] UPDATE executado {
    "modulo": "veiculos",
    "id": "3"
}
[2025-12-17 14:58:54] Tentando atualizar registro {
    "modulo": "veiculos",
    "data": {
        "id": "4",
        "cliente_id": "1",
        "marca": "Chevrolet",
        "modelo": "Onix",
        "placa": "JKL3456",
        "ano": "2022",
        "data_cadastro": "2025-12-16 15:36:45"
    }
}
[2025-12-17 14:58:54] UPDATE executado {
    "modulo": "veiculos",
    "id": "4"
}
[2025-12-17 14:58:54] Tentando atualizar registro {
    "modulo": "veiculos",
    "data": {
        "id": "5",
        "cliente_id": "1",
        "marca": "Volkswagen",
        "modelo": "Golf",
        "placa": "MNO7890",
        "ano": "2018",
        "data_cadastro": "2025-12-16 15:36:45"
    }
}
[2025-12-17 14:58:54] UPDATE executado {
    "modulo": "veiculos",
    "id": "5"
}
[2025-12-17 15:18:16] Tentando atualizar registro {
    "modulo": "clientes",
    "data": {
        "id": "1",
        "nome": "test23",
        "email": "editado??",
        "telefone": "teste",
        "cpf": "teste",
        "data_cadastro": "0000-00-00 00:00:00"
    }
}
[2025-12-17 15:18:16] UPDATE executado {
    "modulo": "clientes",
    "id": "1"
}
[2025-12-17 15:19:15] Tentando atualizar registro {
    "modulo": "clientes",
    "data": {
        "id": "1",
        "nome": "test23",
        "email": "editado??",
        "telefone": "teste",
        "cpf": "teste",
        "data_cadastro": "0000-00-00 00:00:00"
    }
}
[2025-12-17 15:19:15] UPDATE executado {
    "modulo": "clientes",
    "id": "1"
}
[2025-12-17 15:19:15] Tentando atualizar registro {
    "modulo": "pedidos",
    "data": {
        "cliente_id": "1",
        "produto": "Notebook Dell",
        "quantidade": "2",
        "preco": "3500.00",
        "data_pedido": "2025-12-16 14:43:38"
    }
}
[2025-12-17 15:19:15] UPDATE executado {
    "modulo": "pedidos",
    "id": null
}
[2025-12-17 15:19:15] Tentando atualizar registro {
    "modulo": "pedidos",
    "data": {
        "cliente_id": "1",
        "produto": "Mouse Logitecha",
        "quantidade": "2",
        "preco": "150.00",
        "data_pedido": "2025-12-16 14:43:38"
    }
}
[2025-12-17 15:19:15] UPDATE executado {
    "modulo": "pedidos",
    "id": null
}
[2025-12-17 15:19:15] Tentando atualizar registro {
    "modulo": "pedidos",
    "data": {
        "cliente_id": "1",
        "produto": "Teclado Mecânico",
        "quantidade": "1",
        "preco": "450.00",
        "data_pedido": "2025-12-16 14:43:38"
    }
}
[2025-12-17 15:19:15] UPDATE executado {
    "modulo": "pedidos",
    "id": null
}
[2025-12-17 15:19:15] Tentando deletar registro {
    "modulo": "pedidos",
    "id": "4"
}
[2025-12-17 15:19:15] DELETE executado {
    "modulo": "pedidos",
    "id": "4",
    "linhas_afetadas": 1
}
[2025-12-17 15:19:15] Tentando atualizar registro {
    "modulo": "veiculos",
    "data": {
        "cliente_id": "1",
        "marca": "Honda",
        "modelo": "Civic",
        "placa": "DEF5678",
        "ano": "2019",
        "data_cadastro": "2025-12-16 15:36:45"
    }
}
[2025-12-17 15:19:15] UPDATE executado {
    "modulo": "veiculos",
    "id": null
}
[2025-12-17 15:19:15] Tentando atualizar registro {
    "modulo": "veiculos",
    "data": {
        "cliente_id": "1",
        "marca": "Ford",
        "modelo": "Ka",
        "placa": "GHI9012",
        "ano": "2021",
        "data_cadastro": "2025-12-16 15:36:45"
    }
}
[2025-12-17 15:19:15] UPDATE executado {
    "modulo": "veiculos",
    "id": null
}
[2025-12-17 15:19:15] Tentando atualizar registro {
    "modulo": "veiculos",
    "data": {
        "cliente_id": "1",
        "marca": "Chevrolet",
        "modelo": "Onix",
        "placa": "JKL3456",
        "ano": "2022",
        "data_cadastro": "2025-12-16 15:36:45"
    }
}
[2025-12-17 15:19:15] UPDATE executado {
    "modulo": "veiculos",
    "id": null
}
[2025-12-17 15:19:15] Tentando atualizar registro {
    "modulo": "veiculos",
    "data": {
        "cliente_id": "1",
        "marca": "Volkswagen",
        "modelo": "Golf",
        "placa": "MNO7890",
        "ano": "2018",
        "data_cadastro": "2025-12-16 15:36:45"
    }
}
[2025-12-17 15:19:15] UPDATE executado {
    "modulo": "veiculos",
    "id": null
}
[2025-12-17 15:19:15] Tentando inserir registro {
    "modulo": "veiculos",
    "data": {
        "cliente_id": "1",
        "marca": "teste",
        "modelo": "teste",
        "placa": "teste",
        "ano": "2015",
        "data_cadastro": ""
    }
}
[2025-12-17 15:19:15] Registro inserido com sucesso {
    "modulo": "veiculos",
    "id": "6"
}
[2025-12-17 15:19:27] Tentando atualizar registro {
    "modulo": "clientes",
    "data": {
        "id": "1",
        "nome": "test23",
        "email": "editado??",
        "telefone": "teste",
        "cpf": "teste",
        "data_cadastro": "0000-00-00 00:00:00"
    }
}
[2025-12-17 15:19:27] UPDATE executado {
    "modulo": "clientes",
    "id": "1"
}
[2025-12-17 15:19:27] Tentando atualizar registro {
    "modulo": "pedidos",
    "data": {
        "cliente_id": "1",
        "produto": "Notebook Dell",
        "quantidade": "2",
        "preco": "3500.00",
        "data_pedido": "2025-12-16 14:43:38"
    }
}
[2025-12-17 15:19:27] UPDATE executado {
    "modulo": "pedidos",
    "id": null
}
[2025-12-17 15:19:27] Tentando atualizar registro {
    "modulo": "pedidos",
    "data": {
        "cliente_id": "1",
        "produto": "Mouse Logitecha",
        "quantidade": "2",
        "preco": "150.00",
        "data_pedido": "2025-12-16 14:43:38"
    }
}
[2025-12-17 15:19:27] UPDATE executado {
    "modulo": "pedidos",
    "id": null
}
[2025-12-17 15:19:27] Tentando deletar registro {
    "modulo": "pedidos",
    "id": "3"
}
[2025-12-17 15:19:27] DELETE executado {
    "modulo": "pedidos",
    "id": "3",
    "linhas_afetadas": 1
}
[2025-12-17 15:19:27] Tentando atualizar registro {
    "modulo": "veiculos",
    "data": {
        "cliente_id": "1",
        "marca": "Honda",
        "modelo": "Civic",
        "placa": "DEF5678",
        "ano": "2019",
        "data_cadastro": "2025-12-16 15:36:45"
    }
}
[2025-12-17 15:19:27] UPDATE executado {
    "modulo": "veiculos",
    "id": null
}
[2025-12-17 15:19:27] Tentando atualizar registro {
    "modulo": "veiculos",
    "data": {
        "cliente_id": "1",
        "marca": "Ford",
        "modelo": "Ka",
        "placa": "GHI9012",
        "ano": "2021",
        "data_cadastro": "2025-12-16 15:36:45"
    }
}
[2025-12-17 15:19:27] UPDATE executado {
    "modulo": "veiculos",
    "id": null
}
[2025-12-17 15:19:27] Tentando atualizar registro {
    "modulo": "veiculos",
    "data": {
        "cliente_id": "1",
        "marca": "Chevrolet",
        "modelo": "Onix",
        "placa": "JKL3456",
        "ano": "2022",
        "data_cadastro": "2025-12-16 15:36:45"
    }
}
[2025-12-17 15:19:27] UPDATE executado {
    "modulo": "veiculos",
    "id": null
}
[2025-12-17 15:19:27] Tentando atualizar registro {
    "modulo": "veiculos",
    "data": {
        "cliente_id": "1",
        "marca": "Volkswagen",
        "modelo": "Golf",
        "placa": "MNO7890",
        "ano": "2018",
        "data_cadastro": "2025-12-16 15:36:45"
    }
}
[2025-12-17 15:19:27] UPDATE executado {
    "modulo": "veiculos",
    "id": null
}
[2025-12-17 15:19:27] Tentando atualizar registro {
    "modulo": "veiculos",
    "data": {
        "cliente_id": "1",
        "marca": "teste",
        "modelo": "teste",
        "placa": "teste",
        "ano": "2015",
        "data_cadastro": "0000-00-00 00:00:00"
    }
}
[2025-12-17 15:19:27] UPDATE executado {
    "modulo": "veiculos",
    "id": null
}
[2025-12-17 15:19:43] Tentando atualizar registro {
    "modulo": "clientes",
    "data": {
        "id": "1",
        "nome": "test23",
        "email": "editado??",
        "telefone": "teste",
        "cpf": "teste",
        "data_cadastro": "0000-00-00 00:00:00"
    }
}
[2025-12-17 15:19:43] UPDATE executado {
    "modulo": "clientes",
    "id": "1"
}
[2025-12-17 15:19:43] Tentando atualizar registro {
    "modulo": "pedidos",
    "data": {
        "cliente_id": "1",
        "produto": "Notebook Dell",
        "quantidade": "2",
        "preco": "3500.00",
        "data_pedido": "2025-12-16 14:43:38"
    }
}
[2025-12-17 15:19:43] UPDATE executado {
    "modulo": "pedidos",
    "id": null
}
[2025-12-17 15:19:43] Tentando atualizar registro {
    "modulo": "pedidos",
    "data": {
        "cliente_id": "1",
        "produto": "Mouse Logitecha",
        "quantidade": "2",
        "preco": "150.00",
        "data_pedido": "2025-12-16 14:43:38"
    }
}
[2025-12-17 15:19:43] UPDATE executado {
    "modulo": "pedidos",
    "id": null
}
[2025-12-17 15:19:43] Tentando inserir registro {
    "modulo": "pedidos",
    "data": {
        "cliente_id": "1",
        "produto": "Teclado Mecânico",
        "quantidade": "1",
        "preco": "300.00",
        "data_pedido": ""
    }
}
[2025-12-17 15:19:43] Registro inserido com sucesso {
    "modulo": "pedidos",
    "id": "5"
}
[2025-12-17 15:19:43] Tentando atualizar registro {
    "modulo": "veiculos",
    "data": {
        "cliente_id": "1",
        "marca": "Honda",
        "modelo": "Civic",
        "placa": "DEF5678",
        "ano": "2019",
        "data_cadastro": "2025-12-16 15:36:45"
    }
}
[2025-12-17 15:19:43] UPDATE executado {
    "modulo": "veiculos",
    "id": null
}
[2025-12-17 15:19:43] Tentando atualizar registro {
    "modulo": "veiculos",
    "data": {
        "cliente_id": "1",
        "marca": "Ford",
        "modelo": "Ka",
        "placa": "GHI9012",
        "ano": "2021",
        "data_cadastro": "2025-12-16 15:36:45"
    }
}
[2025-12-17 15:19:43] UPDATE executado {
    "modulo": "veiculos",
    "id": null
}
[2025-12-17 15:19:43] Tentando atualizar registro {
    "modulo": "veiculos",
    "data": {
        "cliente_id": "1",
        "marca": "Chevrolet",
        "modelo": "Onix",
        "placa": "JKL3456",
        "ano": "2022",
        "data_cadastro": "2025-12-16 15:36:45"
    }
}
[2025-12-17 15:19:43] UPDATE executado {
    "modulo": "veiculos",
    "id": null
}
[2025-12-17 15:19:43] Tentando atualizar registro {
    "modulo": "veiculos",
    "data": {
        "cliente_id": "1",
        "marca": "Volkswagen",
        "modelo": "Golf",
        "placa": "MNO7890",
        "ano": "2018",
        "data_cadastro": "2025-12-16 15:36:45"
    }
}
[2025-12-17 15:19:43] UPDATE executado {
    "modulo": "veiculos",
    "id": null
}
[2025-12-17 15:19:43] Tentando atualizar registro {
    "modulo": "veiculos",
    "data": {
        "cliente_id": "1",
        "marca": "teste",
        "modelo": "teste",
        "placa": "teste",
        "ano": "2015",
        "data_cadastro": "0000-00-00 00:00:00"
    }
}
[2025-12-17 15:19:43] UPDATE executado {
    "modulo": "veiculos",
    "id": null
}
[2025-12-17 15:23:49] Tentando atualizar registro {
    "modulo": "clientes",
    "data": {
        "id": "1",
        "nome": "test23",
        "email": "editado??",
        "telefone": "teste",
        "cpf": "teste",
        "data_cadastro": "0000-00-00 00:00:00"
    }
}
[2025-12-17 15:23:50] UPDATE executado {
    "modulo": "clientes",
    "id": "1"
}
[2025-12-17 15:23:50] Tentando atualizar registro {
    "modulo": "pedidos",
    "data": {
        "id": "1",
        "cliente_id": "1",
        "produto": "Notebook Dell",
        "quantidade": "2",
        "preco": "3500.00",
        "data_pedido": "2025-12-16 14:43:38"
    }
}
[2025-12-17 15:23:50] UPDATE executado {
    "modulo": "pedidos",
    "id": "1"
}
[2025-12-17 15:23:50] Tentando atualizar registro {
    "modulo": "pedidos",
    "data": {
        "id": "2",
        "cliente_id": "1",
        "produto": "Mouse Logitecha",
        "quantidade": "2",
        "preco": "150.00",
        "data_pedido": "2025-12-16 14:43:38"
    }
}
[2025-12-17 15:23:50] UPDATE executado {
    "modulo": "pedidos",
    "id": "2"
}
[2025-12-17 15:23:50] Tentando atualizar registro {
    "modulo": "pedidos",
    "data": {
        "id": "5",
        "cliente_id": "1",
        "produto": "Teclado Mecânico",
        "quantidade": "1",
        "preco": "300.00",
        "data_pedido": "0000-00-00 00:00:00"
    }
}
[2025-12-17 15:23:50] UPDATE executado {
    "modulo": "pedidos",
    "id": "5"
}
[2025-12-17 15:23:50] Tentando inserir registro {
    "modulo": "pedidos",
    "data": {
        "cliente_id": "1",
        "produto": "teste",
        "quantidade": "1",
        "preco": "900.00",
        "data_pedido": ""
    }
}
[2025-12-17 15:23:50] Registro inserido com sucesso {
    "modulo": "pedidos",
    "id": "6"
}
[2025-12-17 15:23:50] Tentando atualizar registro {
    "modulo": "veiculos",
    "data": {
        "id": "2",
        "cliente_id": "1",
        "marca": "Honda",
        "modelo": "Civic",
        "placa": "DEF5678",
        "ano": "2019",
        "data_cadastro": "2025-12-16 15:36:45"
    }
}
[2025-12-17 15:23:50] UPDATE executado {
    "modulo": "veiculos",
    "id": "2"
}
[2025-12-17 15:23:50] Tentando atualizar registro {
    "modulo": "veiculos",
    "data": {
        "id": "3",
        "cliente_id": "1",
        "marca": "Ford",
        "modelo": "Ka",
        "placa": "GHI9012",
        "ano": "2021",
        "data_cadastro": "2025-12-16 15:36:45"
    }
}
[2025-12-17 15:23:50] UPDATE executado {
    "modulo": "veiculos",
    "id": "3"
}
[2025-12-17 15:23:50] Tentando atualizar registro {
    "modulo": "veiculos",
    "data": {
        "id": "4",
        "cliente_id": "1",
        "marca": "Chevrolet",
        "modelo": "Onix",
        "placa": "JKL3456",
        "ano": "2022",
        "data_cadastro": "2025-12-16 15:36:45"
    }
}
[2025-12-17 15:23:50] UPDATE executado {
    "modulo": "veiculos",
    "id": "4"
}
[2025-12-17 15:23:50] Tentando atualizar registro {
    "modulo": "veiculos",
    "data": {
        "id": "5",
        "cliente_id": "1",
        "marca": "Volkswagen",
        "modelo": "Golf",
        "placa": "MNO7890",
        "ano": "2018",
        "data_cadastro": "2025-12-16 15:36:45"
    }
}
[2025-12-17 15:23:50] UPDATE executado {
    "modulo": "veiculos",
    "id": "5"
}
[2025-12-17 15:23:50] Tentando deletar registro {
    "modulo": "veiculos",
    "id": "6"
}
[2025-12-17 15:23:50] DELETE executado {
    "modulo": "veiculos",
    "id": "6",
    "linhas_afetadas": 1
}
[2025-12-17 15:33:44] Arquivo de metadata deletado {
    "file": "C:\\xampp\\htdocs\\Gustavo\\skyline2\\metadata\/clientes.json"
}
[2025-12-17 15:33:44] Arquivo de metadata deletado {
    "file": "C:\\xampp\\htdocs\\Gustavo\\skyline2\\metadata\/pedidos.json"
}
[2025-12-17 15:33:44] Arquivo de metadata deletado {
    "file": "C:\\xampp\\htdocs\\Gustavo\\skyline2\\metadata\/task_comments.json"
}
[2025-12-17 15:33:44] Arquivo de metadata deletado {
    "file": "C:\\xampp\\htdocs\\Gustavo\\skyline2\\metadata\/tasks.json"
}
[2025-12-17 15:33:44] Arquivo de metadata deletado {
    "file": "C:\\xampp\\htdocs\\Gustavo\\skyline2\\metadata\/veiculos.json"
}
[2025-12-17 15:33:44] Arquivo de metadata salvo. {
    "table": "clientes"
}
[2025-12-17 15:33:44] Arquivo de metadata salvo. {
    "table": "pedidos"
}
[2025-12-17 15:33:44] Arquivo de metadata salvo. {
    "table": "task_comments"
}
[2025-12-17 15:33:44] Arquivo de metadata salvo. {
    "table": "tasks"
}
[2025-12-17 15:33:44] Arquivo de metadata salvo. {
    "table": "veiculos"
}
[2025-12-17 15:33:46] Relacionamento items criado {
    "parent": "clientes",
    "child": "pedidos",
    "foreign_key": "cliente_id"
}
[2025-12-17 15:33:46] Relacionamento items criado {
    "parent": "tasks",
    "child": "task_comments",
    "foreign_key": "task_id"
}
[2025-12-17 15:33:46] Relacionamento items criado {
    "parent": "clientes",
    "child": "veiculos",
    "foreign_key": "cliente_id"
}
[2025-12-17 15:34:45] Arquivo de metadata deletado {
    "file": "C:\\xampp\\htdocs\\Gustavo\\skyline2\\metadata\/clientes.json"
}
[2025-12-17 15:34:45] Arquivo de metadata deletado {
    "file": "C:\\xampp\\htdocs\\Gustavo\\skyline2\\metadata\/pedidos.json"
}
[2025-12-17 15:34:45] Arquivo de metadata deletado {
    "file": "C:\\xampp\\htdocs\\Gustavo\\skyline2\\metadata\/task_comments.json"
}
[2025-12-17 15:34:45] Arquivo de metadata deletado {
    "file": "C:\\xampp\\htdocs\\Gustavo\\skyline2\\metadata\/tasks.json"
}
[2025-12-17 15:34:45] Arquivo de metadata deletado {
    "file": "C:\\xampp\\htdocs\\Gustavo\\skyline2\\metadata\/veiculos.json"
}
[2025-12-17 15:34:45] Arquivo de metadata salvo. {
    "table": "clientes"
}
[2025-12-17 15:34:45] Arquivo de metadata salvo. {
    "table": "pedidos"
}
[2025-12-17 15:34:45] Arquivo de metadata salvo. {
    "table": "task_comments"
}
[2025-12-17 15:34:45] Arquivo de metadata salvo. {
    "table": "tasks"
}
[2025-12-17 15:34:45] Arquivo de metadata salvo. {
    "table": "veiculos"
}
[2025-12-17 15:34:48] Relacionamento items criado {
    "parent": "clientes",
    "child": "pedidos",
    "foreign_key": "cliente_id"
}
[2025-12-17 15:34:48] Relacionamento items criado {
    "parent": "tasks",
    "child": "task_comments",
    "foreign_key": "task_id"
}
[2025-12-17 15:34:48] Relacionamento items criado {
    "parent": "clientes",
    "child": "veiculos",
    "foreign_key": "cliente_id"
}
[2025-12-18 13:20:55] Arquivo de metadata deletado {
    "file": "C:\\xampp\\htdocs\\Gustavo\\skyline2\\metadata\/clientes.json"
}
[2025-12-18 13:20:55] Arquivo de metadata deletado {
    "file": "C:\\xampp\\htdocs\\Gustavo\\skyline2\\metadata\/pedidos.json"
}
[2025-12-18 13:20:55] Arquivo de metadata deletado {
    "file": "C:\\xampp\\htdocs\\Gustavo\\skyline2\\metadata\/task_comments.json"
}
[2025-12-18 13:20:55] Arquivo de metadata deletado {
    "file": "C:\\xampp\\htdocs\\Gustavo\\skyline2\\metadata\/tasks.json"
}
[2025-12-18 13:20:55] Arquivo de metadata deletado {
    "file": "C:\\xampp\\htdocs\\Gustavo\\skyline2\\metadata\/veiculos.json"
}
[2025-12-18 13:20:55] Arquivo de metadata salvo. {
    "table": "clientes"
}
[2025-12-18 13:20:55] Arquivo de metadata salvo. {
    "table": "pedidos"
}
[2025-12-18 13:20:55] Arquivo de metadata salvo. {
    "table": "task_comments"
}
[2025-12-18 13:20:55] Arquivo de metadata salvo. {
    "table": "tasks"
}
[2025-12-18 13:20:55] Arquivo de metadata salvo. {
    "table": "veiculos"
}
[2025-12-18 13:20:57] Relacionamento items criado {
    "parent": "clientes",
    "child": "pedidos",
    "foreign_key": "cliente_id"
}
[2025-12-18 13:20:57] Relacionamento items criado {
    "parent": "tasks",
    "child": "task_comments",
    "foreign_key": "task_id"
}
[2025-12-18 13:20:57] Relacionamento items criado {
    "parent": "clientes",
    "child": "veiculos",
    "foreign_key": "cliente_id"
}
[2025-12-18 13:20:59] Módulo removido {
    "module": "clientes"
}
[2025-12-18 13:20:59] Módulo removido {
    "module": "pedidos"
}
[2025-12-18 13:20:59] Módulo removido {
    "module": "task_comments"
}
[2025-12-18 13:20:59] Módulo removido {
    "module": "tasks"
}
[2025-12-18 13:20:59] Módulo removido {
    "module": "veiculos"
}
[2025-12-18 13:20:59] Pasta criada {
    "path": "C:\\xampp\\htdocs\\Gustavo\\skyline2\/modules\/clientes"
}
[2025-12-18 13:20:59] Pasta criada {
    "path": "C:\\xampp\\htdocs\\Gustavo\\skyline2\/modules\/clientes\/views"
}
[2025-12-18 13:20:59] Pasta criada {
    "path": "C:\\xampp\\htdocs\\Gustavo\\skyline2\/modules\/clientes\/js"
}
[2025-12-18 13:20:59] Pasta criada {
    "path": "C:\\xampp\\htdocs\\Gustavo\\skyline2\/modules\/clientes\/css"
}
[2025-12-18 13:20:59] View criado {
    "file": "C:\\xampp\\htdocs\\Gustavo\\skyline2\/modules\/clientes\/views\/edit.php"
}
[2025-12-18 13:20:59] View criado {
    "file": "C:\\xampp\\htdocs\\Gustavo\\skyline2\/modules\/clientes\/views\/detail.php"
}
[2025-12-18 13:20:59] Router criado {
    "file": "C:\\xampp\\htdocs\\Gustavo\\skyline2\/modules\/clientes\/router.php"
}
[2025-12-18 13:20:59] Index View criado {
    "file": "C:\\xampp\\htdocs\\Gustavo\\skyline2\/modules\/clientes\/views\/index.php"
}
[2025-12-18 13:20:59] JS criado {
    "file": "C:\\xampp\\htdocs\\Gustavo\\skyline2\/modules\/clientes\/js\/clientes.js"
}
[2025-12-18 13:20:59] CSS criado {
    "file": "C:\\xampp\\htdocs\\Gustavo\\skyline2\/modules\/clientes\/css\/clientes.css"
}
[2025-12-18 13:20:59] Módulo gerado {
    "module": "clientes"
}
[2025-12-18 13:20:59] Pasta criada {
    "path": "C:\\xampp\\htdocs\\Gustavo\\skyline2\/modules\/pedidos"
}
[2025-12-18 13:20:59] Pasta criada {
    "path": "C:\\xampp\\htdocs\\Gustavo\\skyline2\/modules\/pedidos\/views"
}
[2025-12-18 13:20:59] Pasta criada {
    "path": "C:\\xampp\\htdocs\\Gustavo\\skyline2\/modules\/pedidos\/js"
}
[2025-12-18 13:20:59] Pasta criada {
    "path": "C:\\xampp\\htdocs\\Gustavo\\skyline2\/modules\/pedidos\/css"
}
[2025-12-18 13:20:59] View criado {
    "file": "C:\\xampp\\htdocs\\Gustavo\\skyline2\/modules\/pedidos\/views\/edit.php"
}
[2025-12-18 13:20:59] View criado {
    "file": "C:\\xampp\\htdocs\\Gustavo\\skyline2\/modules\/pedidos\/views\/detail.php"
}
[2025-12-18 13:20:59] Router criado {
    "file": "C:\\xampp\\htdocs\\Gustavo\\skyline2\/modules\/pedidos\/router.php"
}
[2025-12-18 13:20:59] Index View criado {
    "file": "C:\\xampp\\htdocs\\Gustavo\\skyline2\/modules\/pedidos\/views\/index.php"
}
[2025-12-18 13:20:59] JS criado {
    "file": "C:\\xampp\\htdocs\\Gustavo\\skyline2\/modules\/pedidos\/js\/pedidos.js"
}
[2025-12-18 13:20:59] CSS criado {
    "file": "C:\\xampp\\htdocs\\Gustavo\\skyline2\/modules\/pedidos\/css\/pedidos.css"
}
[2025-12-18 13:20:59] Módulo gerado {
    "module": "pedidos"
}
[2025-12-18 13:20:59] Pasta criada {
    "path": "C:\\xampp\\htdocs\\Gustavo\\skyline2\/modules\/task_comments"
}
[2025-12-18 13:20:59] Pasta criada {
    "path": "C:\\xampp\\htdocs\\Gustavo\\skyline2\/modules\/task_comments\/views"
}
[2025-12-18 13:20:59] Pasta criada {
    "path": "C:\\xampp\\htdocs\\Gustavo\\skyline2\/modules\/task_comments\/js"
}
[2025-12-18 13:20:59] Pasta criada {
    "path": "C:\\xampp\\htdocs\\Gustavo\\skyline2\/modules\/task_comments\/css"
}
[2025-12-18 13:20:59] View criado {
    "file": "C:\\xampp\\htdocs\\Gustavo\\skyline2\/modules\/task_comments\/views\/edit.php"
}
[2025-12-18 13:20:59] View criado {
    "file": "C:\\xampp\\htdocs\\Gustavo\\skyline2\/modules\/task_comments\/views\/detail.php"
}
[2025-12-18 13:20:59] Router criado {
    "file": "C:\\xampp\\htdocs\\Gustavo\\skyline2\/modules\/task_comments\/router.php"
}
[2025-12-18 13:20:59] Index View criado {
    "file": "C:\\xampp\\htdocs\\Gustavo\\skyline2\/modules\/task_comments\/views\/index.php"
}
[2025-12-18 13:20:59] JS criado {
    "file": "C:\\xampp\\htdocs\\Gustavo\\skyline2\/modules\/task_comments\/js\/task_comments.js"
}
[2025-12-18 13:20:59] CSS criado {
    "file": "C:\\xampp\\htdocs\\Gustavo\\skyline2\/modules\/task_comments\/css\/task_comments.css"
}
[2025-12-18 13:20:59] Módulo gerado {
    "module": "task_comments"
}
[2025-12-18 13:20:59] Pasta criada {
    "path": "C:\\xampp\\htdocs\\Gustavo\\skyline2\/modules\/tasks"
}
[2025-12-18 13:20:59] Pasta criada {
    "path": "C:\\xampp\\htdocs\\Gustavo\\skyline2\/modules\/tasks\/views"
}
[2025-12-18 13:20:59] Pasta criada {
    "path": "C:\\xampp\\htdocs\\Gustavo\\skyline2\/modules\/tasks\/js"
}
[2025-12-18 13:20:59] Pasta criada {
    "path": "C:\\xampp\\htdocs\\Gustavo\\skyline2\/modules\/tasks\/css"
}
[2025-12-18 13:20:59] View criado {
    "file": "C:\\xampp\\htdocs\\Gustavo\\skyline2\/modules\/tasks\/views\/edit.php"
}
[2025-12-18 13:20:59] View criado {
    "file": "C:\\xampp\\htdocs\\Gustavo\\skyline2\/modules\/tasks\/views\/detail.php"
}
[2025-12-18 13:20:59] Router criado {
    "file": "C:\\xampp\\htdocs\\Gustavo\\skyline2\/modules\/tasks\/router.php"
}
[2025-12-18 13:20:59] Index View criado {
    "file": "C:\\xampp\\htdocs\\Gustavo\\skyline2\/modules\/tasks\/views\/index.php"
}
[2025-12-18 13:20:59] JS criado {
    "file": "C:\\xampp\\htdocs\\Gustavo\\skyline2\/modules\/tasks\/js\/tasks.js"
}
[2025-12-18 13:20:59] CSS criado {
    "file": "C:\\xampp\\htdocs\\Gustavo\\skyline2\/modules\/tasks\/css\/tasks.css"
}
[2025-12-18 13:20:59] Módulo gerado {
    "module": "tasks"
}
[2025-12-18 13:20:59] Pasta criada {
    "path": "C:\\xampp\\htdocs\\Gustavo\\skyline2\/modules\/veiculos"
}
[2025-12-18 13:20:59] Pasta criada {
    "path": "C:\\xampp\\htdocs\\Gustavo\\skyline2\/modules\/veiculos\/views"
}
[2025-12-18 13:20:59] Pasta criada {
    "path": "C:\\xampp\\htdocs\\Gustavo\\skyline2\/modules\/veiculos\/js"
}
[2025-12-18 13:20:59] Pasta criada {
    "path": "C:\\xampp\\htdocs\\Gustavo\\skyline2\/modules\/veiculos\/css"
}
[2025-12-18 13:20:59] View criado {
    "file": "C:\\xampp\\htdocs\\Gustavo\\skyline2\/modules\/veiculos\/views\/edit.php"
}
[2025-12-18 13:20:59] View criado {
    "file": "C:\\xampp\\htdocs\\Gustavo\\skyline2\/modules\/veiculos\/views\/detail.php"
}
[2025-12-18 13:20:59] Router criado {
    "file": "C:\\xampp\\htdocs\\Gustavo\\skyline2\/modules\/veiculos\/router.php"
}
[2025-12-18 13:20:59] Index View criado {
    "file": "C:\\xampp\\htdocs\\Gustavo\\skyline2\/modules\/veiculos\/views\/index.php"
}
[2025-12-18 13:20:59] JS criado {
    "file": "C:\\xampp\\htdocs\\Gustavo\\skyline2\/modules\/veiculos\/js\/veiculos.js"
}
[2025-12-18 13:20:59] CSS criado {
    "file": "C:\\xampp\\htdocs\\Gustavo\\skyline2\/modules\/veiculos\/css\/veiculos.css"
}
[2025-12-18 13:20:59] Módulo gerado {
    "module": "veiculos"
}
[2025-12-19 14:38:11] Tentando atualizar registro {
    "modulo": "clientes",
    "data": {
        "id": "1",
        "nome": "test23",
        "email": "editado??",
        "telefone": "teste",
        "cpf": "teste",
        "data_cadastro": "0000-00-00 00:00:00"
    }
}
[2025-12-19 14:38:11] UPDATE executado {
    "modulo": "clientes",
    "id": "1"
}
[2025-12-19 14:38:11] Tentando atualizar registro {
    "modulo": "pedidos",
    "data": {
        "id": "1",
        "cliente_id": "1",
        "produto": "Notebook Dell",
        "quantidade": "2",
        "preco": "3500.00",
        "data_pedido": "2025-12-16 14:43:38"
    }
}
[2025-12-19 14:38:11] UPDATE executado {
    "modulo": "pedidos",
    "id": "1"
}
[2025-12-19 14:38:11] Tentando atualizar registro {
    "modulo": "pedidos",
    "data": {
        "id": "2",
        "cliente_id": "1",
        "produto": "Mouse Logitecha",
        "quantidade": "2",
        "preco": "150.00",
        "data_pedido": "2025-12-16 14:43:38"
    }
}
[2025-12-19 14:38:11] UPDATE executado {
    "modulo": "pedidos",
    "id": "2"
}
[2025-12-19 14:38:11] Tentando atualizar registro {
    "modulo": "pedidos",
    "data": {
        "id": "5",
        "cliente_id": "1",
        "produto": "Teclado Mecânico",
        "quantidade": "1",
        "preco": "300.00",
        "data_pedido": "0000-00-00 00:00:00"
    }
}
[2025-12-19 14:38:11] UPDATE executado {
    "modulo": "pedidos",
    "id": "5"
}
[2025-12-19 14:38:11] Tentando atualizar registro {
    "modulo": "pedidos",
    "data": {
        "id": "6",
        "cliente_id": "1",
        "produto": "teste",
        "quantidade": "1",
        "preco": "900.00",
        "data_pedido": "0000-00-00 00:00:00"
    }
}
[2025-12-19 14:38:11] UPDATE executado {
    "modulo": "pedidos",
    "id": "6"
}
[2025-12-19 15:07:51] Tentando atualizar registro {
    "modulo": "clientes",
    "data": {
        "id": "1",
        "nome": "test23",
        "email": "editado??",
        "telefone": "teste",
        "cpf": "teste",
        "data_cadastro": "0000-00-00 00:00:00"
    }
}
[2025-12-19 15:07:51] UPDATE executado {
    "modulo": "clientes",
    "id": "1"
}
[2025-12-19 15:07:51] Tentando atualizar registro {
    "modulo": "pedidos",
    "data": {
        "id": "1",
        "cliente_id": "1",
        "produto": "Notebook Dell",
        "quantidade": "1",
        "preco": "3500.00",
        "data_pedido": "2025-12-16 14:43:38"
    }
}
[2025-12-19 15:07:51] UPDATE executado {
    "modulo": "pedidos",
    "id": "1"
}
[2025-12-19 15:07:51] Tentando atualizar registro {
    "modulo": "pedidos",
    "data": {
        "id": "2",
        "cliente_id": "1",
        "produto": "Mouse Logitecha",
        "quantidade": "5",
        "preco": "150.00",
        "data_pedido": "2025-12-16 14:43:38"
    }
}
[2025-12-19 15:07:51] UPDATE executado {
    "modulo": "pedidos",
    "id": "2"
}
[2025-12-19 15:07:51] Tentando atualizar registro {
    "modulo": "pedidos",
    "data": {
        "id": "5",
        "cliente_id": "1",
        "produto": "Teclado Mecânico",
        "quantidade": "1",
        "preco": "300.00",
        "data_pedido": "0000-00-00 00:00:00"
    }
}
[2025-12-19 15:07:51] UPDATE executado {
    "modulo": "pedidos",
    "id": "5"
}
[2025-12-19 15:07:51] Tentando atualizar registro {
    "modulo": "pedidos",
    "data": {
        "id": "6",
        "cliente_id": "1",
        "produto": "teste",
        "quantidade": "1",
        "preco": "900.00",
        "data_pedido": "0000-00-00 00:00:00"
    }
}
[2025-12-19 15:07:51] UPDATE executado {
    "modulo": "pedidos",
    "id": "6"
}
[2025-12-19 15:20:06] Tentando atualizar registro {
    "modulo": "clientes",
    "data": {
        "id": "1",
        "nome": "test23",
        "email": "editado??",
        "telefone": "teste",
        "cpf": "teste",
        "data_cadastro": "0000-00-00 00:00:00"
    }
}
[2025-12-19 15:20:06] UPDATE executado {
    "modulo": "clientes",
    "id": "1"
}
[2025-12-19 15:20:06] Tentando atualizar registro {
    "modulo": "pedidos",
    "data": {
        "id": "1",
        "cliente_id": "1",
        "produto": "Notebook Dell",
        "quantidade": "2",
        "preco": "3500.00",
        "data_pedido": "2025-12-16 14:43:38"
    }
}
[2025-12-19 15:20:07] UPDATE executado {
    "modulo": "pedidos",
    "id": "1"
}
[2025-12-19 15:20:07] Tentando atualizar registro {
    "modulo": "pedidos",
    "data": {
        "id": "2",
        "cliente_id": "1",
        "produto": "Mouse Logitecha",
        "quantidade": "2",
        "preco": "150.00",
        "data_pedido": "2025-12-16 14:43:38"
    }
}
[2025-12-19 15:20:07] UPDATE executado {
    "modulo": "pedidos",
    "id": "2"
}
[2025-12-19 15:20:07] Tentando atualizar registro {
    "modulo": "pedidos",
    "data": {
        "id": "5",
        "cliente_id": "1",
        "produto": "Teclado Mecânico",
        "quantidade": "1",
        "preco": "300.00",
        "data_pedido": "0000-00-00 00:00:00"
    }
}
[2025-12-19 15:20:07] UPDATE executado {
    "modulo": "pedidos",
    "id": "5"
}
[2025-12-19 15:20:07] Tentando atualizar registro {
    "modulo": "pedidos",
    "data": {
        "id": "6",
        "cliente_id": "1",
        "produto": "teste",
        "quantidade": "1",
        "preco": "900.00",
        "data_pedido": "0000-00-00 00:00:00"
    }
}
[2025-12-19 15:20:07] UPDATE executado {
    "modulo": "pedidos",
    "id": "6"
}
[2025-12-19 16:01:13] Arquivo de metadata deletado {
    "file": "C:\\xampp\\htdocs\\Gustavo\\skyline2\\metadata\/clientes.json"
}
[2025-12-19 16:01:13] Arquivo de metadata deletado {
    "file": "C:\\xampp\\htdocs\\Gustavo\\skyline2\\metadata\/pedidos.json"
}
[2025-12-19 16:01:13] Arquivo de metadata deletado {
    "file": "C:\\xampp\\htdocs\\Gustavo\\skyline2\\metadata\/task_comments.json"
}
[2025-12-19 16:01:13] Arquivo de metadata deletado {
    "file": "C:\\xampp\\htdocs\\Gustavo\\skyline2\\metadata\/tasks.json"
}
[2025-12-19 16:01:13] Arquivo de metadata deletado {
    "file": "C:\\xampp\\htdocs\\Gustavo\\skyline2\\metadata\/veiculos.json"
}
[2025-12-19 16:01:13] Arquivo de metadata salvo. {
    "table": "clientes"
}
[2025-12-19 16:01:13] Arquivo de metadata salvo. {
    "table": "pedidos"
}
[2025-12-19 16:01:13] Arquivo de metadata salvo. {
    "table": "task_comments"
}
[2025-12-19 16:01:13] Arquivo de metadata salvo. {
    "table": "tasks"
}
[2025-12-19 16:01:14] Arquivo de metadata salvo. {
    "table": "veiculos"
}
[2025-12-19 16:01:20] Arquivo de metadata deletado {
    "file": "C:\\xampp\\htdocs\\Gustavo\\skyline2\\metadata\/clientes.json"
}
[2025-12-19 16:01:20] Arquivo de metadata deletado {
    "file": "C:\\xampp\\htdocs\\Gustavo\\skyline2\\metadata\/pedidos.json"
}
[2025-12-19 16:01:20] Arquivo de metadata deletado {
    "file": "C:\\xampp\\htdocs\\Gustavo\\skyline2\\metadata\/task_comments.json"
}
[2025-12-19 16:01:20] Arquivo de metadata deletado {
    "file": "C:\\xampp\\htdocs\\Gustavo\\skyline2\\metadata\/tasks.json"
}
[2025-12-19 16:01:20] Arquivo de metadata deletado {
    "file": "C:\\xampp\\htdocs\\Gustavo\\skyline2\\metadata\/veiculos.json"
}
[2025-12-19 16:01:20] Arquivo de metadata salvo. {
    "table": "clientes"
}
[2025-12-19 16:01:20] Arquivo de metadata salvo. {
    "table": "pedidos"
}
[2025-12-19 16:01:20] Arquivo de metadata salvo. {
    "table": "task_comments"
}
[2025-12-19 16:01:20] Arquivo de metadata salvo. {
    "table": "tasks"
}
[2025-12-19 16:01:20] Arquivo de metadata salvo. {
    "table": "veiculos"
}
[2025-12-19 18:30:24] Tentando atualizar registro {
    "modulo": "veiculos",
    "data": {
        "id": "1",
        "cliente_id": "1",
        "marca": "Toyota",
        "modelo": "Corolla",
        "placa": "ABC1234",
        "ano": "2020",
        "data_cadastro": "2025-12-16 15:36:45"
    }
}
[2025-12-19 18:30:24] UPDATE executado {
    "modulo": "veiculos",
    "id": "1"
}
[2025-12-19 18:41:39] Tentando atualizar registro {
    "modulo": "pedidos",
    "data": {
        "id": "1",
        "cliente_id": "4",
        "produto": "Notebook Dell",
        "quantidade": "2",
        "preco": "3500.00",
        "data_pedido": "2025-12-16 14:43:38"
    }
}
[2025-12-19 18:41:39] UPDATE executado {
    "modulo": "pedidos",
    "id": "1"
}
[2025-12-19 18:47:02] Tentando inserir registro {
    "modulo": "clientes",
    "data": {
        "id": "",
        "nome": "testeaaaaa",
        "email": "editado??",
        "telefone": "sera",
        "cpf": "teste"
    }
}
[2025-12-19 18:49:59] Tentando inserir registro {
    "modulo": "clientes",
    "data": {
        "id": "",
        "nome": "testeaaaaa",
        "email": "tesete",
        "telefone": "teste",
        "cpf": "teste"
    }
}
[2025-12-19 18:51:01] Tentando inserir registro {
    "modulo": "clientes",
    "data": {
        "id": "",
        "nome": "testeaaaaaaa",
        "email": "teste",
        "telefone": "teste",
        "cpf": "eodjwiodjajdowad"
    }
}
[2025-12-19 18:51:01] Registro inserido com sucesso {
    "modulo": "clientes",
    "id": "7"
}
[2025-12-21 10:22:52] Arquivo de metadata deletado {
    "file": "C:\\xampp\\htdocs\\skyline2\\metadata\/clientes.json"
}
[2025-12-21 10:22:52] Arquivo de metadata deletado {
    "file": "C:\\xampp\\htdocs\\skyline2\\metadata\/pedidos.json"
}
[2025-12-21 10:22:52] Arquivo de metadata deletado {
    "file": "C:\\xampp\\htdocs\\skyline2\\metadata\/task_comments.json"
}
[2025-12-21 10:22:52] Arquivo de metadata deletado {
    "file": "C:\\xampp\\htdocs\\skyline2\\metadata\/tasks.json"
}
[2025-12-21 10:22:52] Arquivo de metadata deletado {
    "file": "C:\\xampp\\htdocs\\skyline2\\metadata\/veiculos.json"
}
[2025-12-21 10:22:52] Arquivo de metadata salvo. {
    "table": "clientes"
}
[2025-12-21 10:22:52] Arquivo de metadata salvo. {
    "table": "itens_servico"
}
[2025-12-21 10:22:52] Arquivo de metadata salvo. {
    "table": "servicos"
}
[2025-12-21 10:22:52] Arquivo de metadata salvo. {
    "table": "veiculos"
}
[2025-12-21 10:22:55] Relacionamento items criado {
    "parent": "servicos",
    "child": "itens_servico",
    "foreign_key": "servico_id"
}
[2025-12-21 10:22:55] Relacionamento items criado {
    "parent": "clientes",
    "child": "veiculos",
    "foreign_key": "cliente_id"
}
[2025-12-21 10:22:56] Módulo removido {
    "module": "clientes"
}
[2025-12-21 10:22:56] Módulo removido {
    "module": "pedidos"
}
[2025-12-21 10:22:56] Módulo removido {
    "module": "task_comments"
}
[2025-12-21 10:22:56] Módulo removido {
    "module": "tasks"
}
[2025-12-21 10:22:56] Módulo removido {
    "module": "veiculos"
}
[2025-12-21 10:22:56] Pasta criada {
    "path": "C:\\xampp\\htdocs\\skyline2\/modules\/clientes"
}
[2025-12-21 10:22:56] Pasta criada {
    "path": "C:\\xampp\\htdocs\\skyline2\/modules\/clientes\/views"
}
[2025-12-21 10:22:56] Pasta criada {
    "path": "C:\\xampp\\htdocs\\skyline2\/modules\/clientes\/js"
}
[2025-12-21 10:22:56] Pasta criada {
    "path": "C:\\xampp\\htdocs\\skyline2\/modules\/clientes\/css"
}
[2025-12-21 10:22:56] View criado {
    "file": "C:\\xampp\\htdocs\\skyline2\/modules\/clientes\/views\/edit.php"
}
[2025-12-21 10:22:56] View criado {
    "file": "C:\\xampp\\htdocs\\skyline2\/modules\/clientes\/views\/detail.php"
}
[2025-12-21 10:22:56] Router criado {
    "file": "C:\\xampp\\htdocs\\skyline2\/modules\/clientes\/router.php"
}
[2025-12-21 10:22:56] Index View criado {
    "file": "C:\\xampp\\htdocs\\skyline2\/modules\/clientes\/views\/index.php"
}
[2025-12-21 10:22:56] JS criado {
    "file": "C:\\xampp\\htdocs\\skyline2\/modules\/clientes\/js\/clientes.js"
}
[2025-12-21 10:22:56] CSS criado {
    "file": "C:\\xampp\\htdocs\\skyline2\/modules\/clientes\/css\/clientes.css"
}
[2025-12-21 10:22:56] Módulo gerado {
    "module": "clientes"
}
[2025-12-21 10:22:56] Pasta criada {
    "path": "C:\\xampp\\htdocs\\skyline2\/modules\/itens_servico"
}
[2025-12-21 10:22:56] Pasta criada {
    "path": "C:\\xampp\\htdocs\\skyline2\/modules\/itens_servico\/views"
}
[2025-12-21 10:22:56] Pasta criada {
    "path": "C:\\xampp\\htdocs\\skyline2\/modules\/itens_servico\/js"
}
[2025-12-21 10:22:56] Pasta criada {
    "path": "C:\\xampp\\htdocs\\skyline2\/modules\/itens_servico\/css"
}
[2025-12-21 10:22:56] View criado {
    "file": "C:\\xampp\\htdocs\\skyline2\/modules\/itens_servico\/views\/edit.php"
}
[2025-12-21 10:22:56] View criado {
    "file": "C:\\xampp\\htdocs\\skyline2\/modules\/itens_servico\/views\/detail.php"
}
[2025-12-21 10:22:56] Router criado {
    "file": "C:\\xampp\\htdocs\\skyline2\/modules\/itens_servico\/router.php"
}
[2025-12-21 10:22:56] Index View criado {
    "file": "C:\\xampp\\htdocs\\skyline2\/modules\/itens_servico\/views\/index.php"
}
[2025-12-21 10:22:56] JS criado {
    "file": "C:\\xampp\\htdocs\\skyline2\/modules\/itens_servico\/js\/itens_servico.js"
}
[2025-12-21 10:22:56] CSS criado {
    "file": "C:\\xampp\\htdocs\\skyline2\/modules\/itens_servico\/css\/itens_servico.css"
}
[2025-12-21 10:22:56] Módulo gerado {
    "module": "itens_servico"
}
[2025-12-21 10:22:56] Pasta criada {
    "path": "C:\\xampp\\htdocs\\skyline2\/modules\/servicos"
}
[2025-12-21 10:22:56] Pasta criada {
    "path": "C:\\xampp\\htdocs\\skyline2\/modules\/servicos\/views"
}
[2025-12-21 10:22:56] Pasta criada {
    "path": "C:\\xampp\\htdocs\\skyline2\/modules\/servicos\/js"
}
[2025-12-21 10:22:56] Pasta criada {
    "path": "C:\\xampp\\htdocs\\skyline2\/modules\/servicos\/css"
}
[2025-12-21 10:22:56] View criado {
    "file": "C:\\xampp\\htdocs\\skyline2\/modules\/servicos\/views\/edit.php"
}
[2025-12-21 10:22:56] View criado {
    "file": "C:\\xampp\\htdocs\\skyline2\/modules\/servicos\/views\/detail.php"
}
[2025-12-21 10:22:56] Router criado {
    "file": "C:\\xampp\\htdocs\\skyline2\/modules\/servicos\/router.php"
}
[2025-12-21 10:22:56] Index View criado {
    "file": "C:\\xampp\\htdocs\\skyline2\/modules\/servicos\/views\/index.php"
}
[2025-12-21 10:22:56] JS criado {
    "file": "C:\\xampp\\htdocs\\skyline2\/modules\/servicos\/js\/servicos.js"
}
[2025-12-21 10:22:56] CSS criado {
    "file": "C:\\xampp\\htdocs\\skyline2\/modules\/servicos\/css\/servicos.css"
}
[2025-12-21 10:22:56] Módulo gerado {
    "module": "servicos"
}
[2025-12-21 10:22:56] Pasta criada {
    "path": "C:\\xampp\\htdocs\\skyline2\/modules\/veiculos"
}
[2025-12-21 10:22:56] Pasta criada {
    "path": "C:\\xampp\\htdocs\\skyline2\/modules\/veiculos\/views"
}
[2025-12-21 10:22:56] Pasta criada {
    "path": "C:\\xampp\\htdocs\\skyline2\/modules\/veiculos\/js"
}
[2025-12-21 10:22:56] Pasta criada {
    "path": "C:\\xampp\\htdocs\\skyline2\/modules\/veiculos\/css"
}
[2025-12-21 10:22:56] View criado {
    "file": "C:\\xampp\\htdocs\\skyline2\/modules\/veiculos\/views\/edit.php"
}
[2025-12-21 10:22:56] View criado {
    "file": "C:\\xampp\\htdocs\\skyline2\/modules\/veiculos\/views\/detail.php"
}
[2025-12-21 10:22:56] Router criado {
    "file": "C:\\xampp\\htdocs\\skyline2\/modules\/veiculos\/router.php"
}
[2025-12-21 10:22:56] Index View criado {
    "file": "C:\\xampp\\htdocs\\skyline2\/modules\/veiculos\/views\/index.php"
}
[2025-12-21 10:22:56] JS criado {
    "file": "C:\\xampp\\htdocs\\skyline2\/modules\/veiculos\/js\/veiculos.js"
}
[2025-12-21 10:22:56] CSS criado {
    "file": "C:\\xampp\\htdocs\\skyline2\/modules\/veiculos\/css\/veiculos.css"
}
[2025-12-21 10:22:56] Módulo gerado {
    "module": "veiculos"
}
[2025-12-21 10:38:33] Tentando atualizar registro {
    "modulo": "servicos",
    "data": {
        "nome": "teste",
        "id": "12",
        "veiculo_id": "16",
        "cliente_id": "11",
        "data": "2025-12-04",
        "pct_total": "10.00",
        "valor_total": "50.00",
        "created_at": "2025-12-05 01:43:59",
        "updated_at": "2025-12-09 04:37:51"
    }
}
[2025-12-21 10:38:33] UPDATE executado {
    "modulo": "servicos",
    "id": "12"
}
[2025-12-21 10:38:33] Tentando atualizar registro {
    "modulo": "itens_servico",
    "data": {
        "id": "63",
        "servico_id": "12",
        "descricao": "teste2",
        "qtd": "2",
        "valor": "5.00",
        "tipo": "PECA",
        "total_item": "55.00"
    }
}
[2025-12-21 10:38:33] UPDATE executado {
    "modulo": "itens_servico",
    "id": "63"
}
[2025-12-21 10:38:33] Tentando atualizar registro {
    "modulo": "itens_servico",
    "data": {
        "id": "64",
        "servico_id": "12",
        "descricao": "aaa23",
        "qtd": "1",
        "valor": "5.00",
        "tipo": "SERVICO",
        "total_item": "555.00"
    }
}
[2025-12-21 10:38:33] UPDATE executado {
    "modulo": "itens_servico",
    "id": "64"
}
[2025-12-21 10:57:22] Módulo removido {
    "module": "clientes"
}
[2025-12-21 10:57:22] Módulo removido {
    "module": "itens_servico"
}
[2025-12-21 10:57:22] Módulo removido {
    "module": "servicos"
}
[2025-12-21 10:57:22] Módulo removido {
    "module": "veiculos"
}
[2025-12-21 10:57:22] Pasta criada {
    "path": "C:\\xampp\\htdocs\\skyline2\/modules\/clientes"
}
[2025-12-21 10:57:22] Pasta criada {
    "path": "C:\\xampp\\htdocs\\skyline2\/modules\/clientes\/views"
}
[2025-12-21 10:57:22] Pasta criada {
    "path": "C:\\xampp\\htdocs\\skyline2\/modules\/clientes\/js"
}
[2025-12-21 10:57:22] Pasta criada {
    "path": "C:\\xampp\\htdocs\\skyline2\/modules\/clientes\/css"
}
[2025-12-21 10:57:22] View criado {
    "file": "C:\\xampp\\htdocs\\skyline2\/modules\/clientes\/views\/edit.php"
}
[2025-12-21 10:57:22] View criado {
    "file": "C:\\xampp\\htdocs\\skyline2\/modules\/clientes\/views\/detail.php"
}
[2025-12-21 10:57:22] Router criado {
    "file": "C:\\xampp\\htdocs\\skyline2\/modules\/clientes\/router.php"
}
[2025-12-21 10:57:22] Index View criado {
    "file": "C:\\xampp\\htdocs\\skyline2\/modules\/clientes\/views\/index.php"
}
[2025-12-21 10:57:22] JS criado {
    "file": "C:\\xampp\\htdocs\\skyline2\/modules\/clientes\/js\/clientes.js"
}
[2025-12-21 10:57:22] CSS criado {
    "file": "C:\\xampp\\htdocs\\skyline2\/modules\/clientes\/css\/clientes.css"
}
[2025-12-21 10:57:22] Módulo gerado {
    "module": "clientes"
}
[2025-12-21 10:57:22] Pasta criada {
    "path": "C:\\xampp\\htdocs\\skyline2\/modules\/itens_servico"
}
[2025-12-21 10:57:22] Pasta criada {
    "path": "C:\\xampp\\htdocs\\skyline2\/modules\/itens_servico\/views"
}
[2025-12-21 10:57:22] Pasta criada {
    "path": "C:\\xampp\\htdocs\\skyline2\/modules\/itens_servico\/js"
}
[2025-12-21 10:57:22] Pasta criada {
    "path": "C:\\xampp\\htdocs\\skyline2\/modules\/itens_servico\/css"
}
[2025-12-21 10:57:22] View criado {
    "file": "C:\\xampp\\htdocs\\skyline2\/modules\/itens_servico\/views\/edit.php"
}
[2025-12-21 10:57:22] View criado {
    "file": "C:\\xampp\\htdocs\\skyline2\/modules\/itens_servico\/views\/detail.php"
}
[2025-12-21 10:57:22] Router criado {
    "file": "C:\\xampp\\htdocs\\skyline2\/modules\/itens_servico\/router.php"
}
[2025-12-21 10:57:22] Index View criado {
    "file": "C:\\xampp\\htdocs\\skyline2\/modules\/itens_servico\/views\/index.php"
}
[2025-12-21 10:57:22] JS criado {
    "file": "C:\\xampp\\htdocs\\skyline2\/modules\/itens_servico\/js\/itens_servico.js"
}
[2025-12-21 10:57:22] CSS criado {
    "file": "C:\\xampp\\htdocs\\skyline2\/modules\/itens_servico\/css\/itens_servico.css"
}
[2025-12-21 10:57:22] Módulo gerado {
    "module": "itens_servico"
}
[2025-12-21 10:57:22] Pasta criada {
    "path": "C:\\xampp\\htdocs\\skyline2\/modules\/servicos"
}
[2025-12-21 10:57:22] Pasta criada {
    "path": "C:\\xampp\\htdocs\\skyline2\/modules\/servicos\/views"
}
[2025-12-21 10:57:22] Pasta criada {
    "path": "C:\\xampp\\htdocs\\skyline2\/modules\/servicos\/js"
}
[2025-12-21 10:57:22] Pasta criada {
    "path": "C:\\xampp\\htdocs\\skyline2\/modules\/servicos\/css"
}
[2025-12-21 10:57:22] View criado {
    "file": "C:\\xampp\\htdocs\\skyline2\/modules\/servicos\/views\/edit.php"
}
[2025-12-21 10:57:22] View criado {
    "file": "C:\\xampp\\htdocs\\skyline2\/modules\/servicos\/views\/detail.php"
}
[2025-12-21 10:57:22] Router criado {
    "file": "C:\\xampp\\htdocs\\skyline2\/modules\/servicos\/router.php"
}
[2025-12-21 10:57:22] Index View criado {
    "file": "C:\\xampp\\htdocs\\skyline2\/modules\/servicos\/views\/index.php"
}
[2025-12-21 10:57:22] JS criado {
    "file": "C:\\xampp\\htdocs\\skyline2\/modules\/servicos\/js\/servicos.js"
}
[2025-12-21 10:57:22] CSS criado {
    "file": "C:\\xampp\\htdocs\\skyline2\/modules\/servicos\/css\/servicos.css"
}
[2025-12-21 10:57:22] Módulo gerado {
    "module": "servicos"
}
[2025-12-21 10:57:22] Pasta criada {
    "path": "C:\\xampp\\htdocs\\skyline2\/modules\/veiculos"
}
[2025-12-21 10:57:22] Pasta criada {
    "path": "C:\\xampp\\htdocs\\skyline2\/modules\/veiculos\/views"
}
[2025-12-21 10:57:22] Pasta criada {
    "path": "C:\\xampp\\htdocs\\skyline2\/modules\/veiculos\/js"
}
[2025-12-21 10:57:22] Pasta criada {
    "path": "C:\\xampp\\htdocs\\skyline2\/modules\/veiculos\/css"
}
[2025-12-21 10:57:22] View criado {
    "file": "C:\\xampp\\htdocs\\skyline2\/modules\/veiculos\/views\/edit.php"
}
[2025-12-21 10:57:22] View criado {
    "file": "C:\\xampp\\htdocs\\skyline2\/modules\/veiculos\/views\/detail.php"
}
[2025-12-21 10:57:22] Router criado {
    "file": "C:\\xampp\\htdocs\\skyline2\/modules\/veiculos\/router.php"
}
[2025-12-21 10:57:22] Index View criado {
    "file": "C:\\xampp\\htdocs\\skyline2\/modules\/veiculos\/views\/index.php"
}
[2025-12-21 10:57:22] JS criado {
    "file": "C:\\xampp\\htdocs\\skyline2\/modules\/veiculos\/js\/veiculos.js"
}
[2025-12-21 10:57:22] CSS criado {
    "file": "C:\\xampp\\htdocs\\skyline2\/modules\/veiculos\/css\/veiculos.css"
}
[2025-12-21 10:57:22] Módulo gerado {
    "module": "veiculos"
}
[2025-12-21 11:49:44] Módulo removido {
    "module": "clientes"
}
[2025-12-21 11:49:44] Módulo removido {
    "module": "itens_servico"
}
[2025-12-21 11:49:44] Módulo removido {
    "module": "servicos"
}
[2025-12-21 11:49:44] Módulo removido {
    "module": "veiculos"
}
[2025-12-21 11:49:44] Pasta criada {
    "path": "C:\\xampp\\htdocs\\skyline2\/modules\/clientes"
}
[2025-12-21 11:49:44] Pasta criada {
    "path": "C:\\xampp\\htdocs\\skyline2\/modules\/clientes\/views"
}
[2025-12-21 11:49:44] Pasta criada {
    "path": "C:\\xampp\\htdocs\\skyline2\/modules\/clientes\/js"
}
[2025-12-21 11:49:44] Pasta criada {
    "path": "C:\\xampp\\htdocs\\skyline2\/modules\/clientes\/css"
}
[2025-12-21 11:49:44] View criado {
    "file": "C:\\xampp\\htdocs\\skyline2\/modules\/clientes\/views\/edit.php"
}
[2025-12-21 11:49:44] View criado {
    "file": "C:\\xampp\\htdocs\\skyline2\/modules\/clientes\/views\/detail.php"
}
[2025-12-21 11:49:44] Router criado {
    "file": "C:\\xampp\\htdocs\\skyline2\/modules\/clientes\/router.php"
}
[2025-12-21 11:49:44] Index View criado {
    "file": "C:\\xampp\\htdocs\\skyline2\/modules\/clientes\/views\/index.php"
}
[2025-12-21 11:49:44] JS criado {
    "file": "C:\\xampp\\htdocs\\skyline2\/modules\/clientes\/js\/clientes.js"
}
[2025-12-21 11:49:44] CSS criado {
    "file": "C:\\xampp\\htdocs\\skyline2\/modules\/clientes\/css\/clientes.css"
}
[2025-12-21 11:49:44] Módulo gerado {
    "module": "clientes"
}
[2025-12-21 11:49:44] Pasta criada {
    "path": "C:\\xampp\\htdocs\\skyline2\/modules\/itens_servico"
}
[2025-12-21 11:49:44] Pasta criada {
    "path": "C:\\xampp\\htdocs\\skyline2\/modules\/itens_servico\/views"
}
[2025-12-21 11:49:44] Pasta criada {
    "path": "C:\\xampp\\htdocs\\skyline2\/modules\/itens_servico\/js"
}
[2025-12-21 11:49:44] Pasta criada {
    "path": "C:\\xampp\\htdocs\\skyline2\/modules\/itens_servico\/css"
}
[2025-12-21 11:49:44] View criado {
    "file": "C:\\xampp\\htdocs\\skyline2\/modules\/itens_servico\/views\/edit.php"
}
[2025-12-21 11:49:44] View criado {
    "file": "C:\\xampp\\htdocs\\skyline2\/modules\/itens_servico\/views\/detail.php"
}
[2025-12-21 11:49:44] Router criado {
    "file": "C:\\xampp\\htdocs\\skyline2\/modules\/itens_servico\/router.php"
}
[2025-12-21 11:49:44] Index View criado {
    "file": "C:\\xampp\\htdocs\\skyline2\/modules\/itens_servico\/views\/index.php"
}
[2025-12-21 11:49:44] JS criado {
    "file": "C:\\xampp\\htdocs\\skyline2\/modules\/itens_servico\/js\/itens_servico.js"
}
[2025-12-21 11:49:44] CSS criado {
    "file": "C:\\xampp\\htdocs\\skyline2\/modules\/itens_servico\/css\/itens_servico.css"
}
[2025-12-21 11:49:44] Módulo gerado {
    "module": "itens_servico"
}
[2025-12-21 11:49:44] Pasta criada {
    "path": "C:\\xampp\\htdocs\\skyline2\/modules\/servicos"
}
[2025-12-21 11:49:44] Pasta criada {
    "path": "C:\\xampp\\htdocs\\skyline2\/modules\/servicos\/views"
}
[2025-12-21 11:49:44] Pasta criada {
    "path": "C:\\xampp\\htdocs\\skyline2\/modules\/servicos\/js"
}
[2025-12-21 11:49:44] Pasta criada {
    "path": "C:\\xampp\\htdocs\\skyline2\/modules\/servicos\/css"
}
[2025-12-21 11:49:44] View criado {
    "file": "C:\\xampp\\htdocs\\skyline2\/modules\/servicos\/views\/edit.php"
}
[2025-12-21 11:49:44] View criado {
    "file": "C:\\xampp\\htdocs\\skyline2\/modules\/servicos\/views\/detail.php"
}
[2025-12-21 11:49:44] Router criado {
    "file": "C:\\xampp\\htdocs\\skyline2\/modules\/servicos\/router.php"
}
[2025-12-21 11:49:44] Index View criado {
    "file": "C:\\xampp\\htdocs\\skyline2\/modules\/servicos\/views\/index.php"
}
[2025-12-21 11:49:44] JS criado {
    "file": "C:\\xampp\\htdocs\\skyline2\/modules\/servicos\/js\/servicos.js"
}
[2025-12-21 11:49:44] CSS criado {
    "file": "C:\\xampp\\htdocs\\skyline2\/modules\/servicos\/css\/servicos.css"
}
[2025-12-21 11:49:44] Módulo gerado {
    "module": "servicos"
}
[2025-12-21 11:49:44] Pasta criada {
    "path": "C:\\xampp\\htdocs\\skyline2\/modules\/veiculos"
}
[2025-12-21 11:49:44] Pasta criada {
    "path": "C:\\xampp\\htdocs\\skyline2\/modules\/veiculos\/views"
}
[2025-12-21 11:49:44] Pasta criada {
    "path": "C:\\xampp\\htdocs\\skyline2\/modules\/veiculos\/js"
}
[2025-12-21 11:49:44] Pasta criada {
    "path": "C:\\xampp\\htdocs\\skyline2\/modules\/veiculos\/css"
}
[2025-12-21 11:49:44] View criado {
    "file": "C:\\xampp\\htdocs\\skyline2\/modules\/veiculos\/views\/edit.php"
}
[2025-12-21 11:49:44] View criado {
    "file": "C:\\xampp\\htdocs\\skyline2\/modules\/veiculos\/views\/detail.php"
}
[2025-12-21 11:49:44] Router criado {
    "file": "C:\\xampp\\htdocs\\skyline2\/modules\/veiculos\/router.php"
}
[2025-12-21 11:49:44] Index View criado {
    "file": "C:\\xampp\\htdocs\\skyline2\/modules\/veiculos\/views\/index.php"
}
[2025-12-21 11:49:44] JS criado {
    "file": "C:\\xampp\\htdocs\\skyline2\/modules\/veiculos\/js\/veiculos.js"
}
[2025-12-21 11:49:44] CSS criado {
    "file": "C:\\xampp\\htdocs\\skyline2\/modules\/veiculos\/css\/veiculos.css"
}
[2025-12-21 11:49:44] Módulo gerado {
    "module": "veiculos"
}
[2025-12-21 11:50:00] Módulo removido {
    "module": "clientes"
}
[2025-12-21 11:50:00] Módulo removido {
    "module": "itens_servico"
}
[2025-12-21 11:50:00] Módulo removido {
    "module": "servicos"
}
[2025-12-21 11:50:00] Módulo removido {
    "module": "veiculos"
}
[2025-12-21 11:50:00] Pasta criada {
    "path": "C:\\xampp\\htdocs\\skyline2\/modules\/clientes"
}
[2025-12-21 11:50:00] Pasta criada {
    "path": "C:\\xampp\\htdocs\\skyline2\/modules\/clientes\/views"
}
[2025-12-21 11:50:00] Pasta criada {
    "path": "C:\\xampp\\htdocs\\skyline2\/modules\/clientes\/js"
}
[2025-12-21 11:50:00] Pasta criada {
    "path": "C:\\xampp\\htdocs\\skyline2\/modules\/clientes\/css"
}
[2025-12-21 11:50:00] View criado {
    "file": "C:\\xampp\\htdocs\\skyline2\/modules\/clientes\/views\/edit.php"
}
[2025-12-21 11:50:00] View criado {
    "file": "C:\\xampp\\htdocs\\skyline2\/modules\/clientes\/views\/detail.php"
}
[2025-12-21 11:50:00] Router criado {
    "file": "C:\\xampp\\htdocs\\skyline2\/modules\/clientes\/router.php"
}
[2025-12-21 11:50:00] Index View criado {
    "file": "C:\\xampp\\htdocs\\skyline2\/modules\/clientes\/views\/index.php"
}
[2025-12-21 11:50:00] JS criado {
    "file": "C:\\xampp\\htdocs\\skyline2\/modules\/clientes\/js\/clientes.js"
}
[2025-12-21 11:50:00] CSS criado {
    "file": "C:\\xampp\\htdocs\\skyline2\/modules\/clientes\/css\/clientes.css"
}
[2025-12-21 11:50:00] Módulo gerado {
    "module": "clientes"
}
[2025-12-21 11:50:00] Pasta criada {
    "path": "C:\\xampp\\htdocs\\skyline2\/modules\/itens_servico"
}
[2025-12-21 11:50:00] Pasta criada {
    "path": "C:\\xampp\\htdocs\\skyline2\/modules\/itens_servico\/views"
}
[2025-12-21 11:50:00] Pasta criada {
    "path": "C:\\xampp\\htdocs\\skyline2\/modules\/itens_servico\/js"
}
[2025-12-21 11:50:00] Pasta criada {
    "path": "C:\\xampp\\htdocs\\skyline2\/modules\/itens_servico\/css"
}
[2025-12-21 11:50:00] View criado {
    "file": "C:\\xampp\\htdocs\\skyline2\/modules\/itens_servico\/views\/edit.php"
}
[2025-12-21 11:50:00] View criado {
    "file": "C:\\xampp\\htdocs\\skyline2\/modules\/itens_servico\/views\/detail.php"
}
[2025-12-21 11:50:00] Router criado {
    "file": "C:\\xampp\\htdocs\\skyline2\/modules\/itens_servico\/router.php"
}
[2025-12-21 11:50:00] Index View criado {
    "file": "C:\\xampp\\htdocs\\skyline2\/modules\/itens_servico\/views\/index.php"
}
[2025-12-21 11:50:00] JS criado {
    "file": "C:\\xampp\\htdocs\\skyline2\/modules\/itens_servico\/js\/itens_servico.js"
}
[2025-12-21 11:50:00] CSS criado {
    "file": "C:\\xampp\\htdocs\\skyline2\/modules\/itens_servico\/css\/itens_servico.css"
}
[2025-12-21 11:50:00] Módulo gerado {
    "module": "itens_servico"
}
[2025-12-21 11:50:00] Pasta criada {
    "path": "C:\\xampp\\htdocs\\skyline2\/modules\/servicos"
}
[2025-12-21 11:50:00] Pasta criada {
    "path": "C:\\xampp\\htdocs\\skyline2\/modules\/servicos\/views"
}
[2025-12-21 11:50:00] Pasta criada {
    "path": "C:\\xampp\\htdocs\\skyline2\/modules\/servicos\/js"
}
[2025-12-21 11:50:00] Pasta criada {
    "path": "C:\\xampp\\htdocs\\skyline2\/modules\/servicos\/css"
}
[2025-12-21 11:50:00] View criado {
    "file": "C:\\xampp\\htdocs\\skyline2\/modules\/servicos\/views\/edit.php"
}
[2025-12-21 11:50:00] View criado {
    "file": "C:\\xampp\\htdocs\\skyline2\/modules\/servicos\/views\/detail.php"
}
[2025-12-21 11:50:00] Router criado {
    "file": "C:\\xampp\\htdocs\\skyline2\/modules\/servicos\/router.php"
}
[2025-12-21 11:50:00] Index View criado {
    "file": "C:\\xampp\\htdocs\\skyline2\/modules\/servicos\/views\/index.php"
}
[2025-12-21 11:50:00] JS criado {
    "file": "C:\\xampp\\htdocs\\skyline2\/modules\/servicos\/js\/servicos.js"
}
[2025-12-21 11:50:00] CSS criado {
    "file": "C:\\xampp\\htdocs\\skyline2\/modules\/servicos\/css\/servicos.css"
}
[2025-12-21 11:50:00] Módulo gerado {
    "module": "servicos"
}
[2025-12-21 11:50:00] Pasta criada {
    "path": "C:\\xampp\\htdocs\\skyline2\/modules\/veiculos"
}
[2025-12-21 11:50:00] Pasta criada {
    "path": "C:\\xampp\\htdocs\\skyline2\/modules\/veiculos\/views"
}
[2025-12-21 11:50:00] Pasta criada {
    "path": "C:\\xampp\\htdocs\\skyline2\/modules\/veiculos\/js"
}
[2025-12-21 11:50:00] Pasta criada {
    "path": "C:\\xampp\\htdocs\\skyline2\/modules\/veiculos\/css"
}
[2025-12-21 11:50:00] View criado {
    "file": "C:\\xampp\\htdocs\\skyline2\/modules\/veiculos\/views\/edit.php"
}
[2025-12-21 11:50:00] View criado {
    "file": "C:\\xampp\\htdocs\\skyline2\/modules\/veiculos\/views\/detail.php"
}
[2025-12-21 11:50:00] Router criado {
    "file": "C:\\xampp\\htdocs\\skyline2\/modules\/veiculos\/router.php"
}
[2025-12-21 11:50:00] Index View criado {
    "file": "C:\\xampp\\htdocs\\skyline2\/modules\/veiculos\/views\/index.php"
}
[2025-12-21 11:50:00] JS criado {
    "file": "C:\\xampp\\htdocs\\skyline2\/modules\/veiculos\/js\/veiculos.js"
}
[2025-12-21 11:50:00] CSS criado {
    "file": "C:\\xampp\\htdocs\\skyline2\/modules\/veiculos\/css\/veiculos.css"
}
[2025-12-21 11:50:00] Módulo gerado {
    "module": "veiculos"
}
[2025-12-21 12:01:21] Tentando atualizar registro {
    "modulo": "servicos",
    "data": {
        "nome": "teste",
        "id": "12",
        "veiculo_id": "16",
        "cliente_id": "11",
        "data": "2025-12-04",
        "pct_total": "10.00",
        "valor_total": "20.00",
        "created_at": "2025-12-05 01:43:59",
        "updated_at": "2025-12-21 10:38:33"
    }
}
[2025-12-21 12:01:21] UPDATE executado {
    "modulo": "servicos",
    "id": "12"
}
[2025-12-21 12:01:21] Tentando atualizar registro {
    "modulo": "itens_servico",
    "data": {
        "id": "63",
        "servico_id": "12",
        "descricao": "teste2",
        "qtd": "3",
        "valor": "5.00",
        "tipo": "PECA",
        "total_item": "55.00"
    }
}
[2025-12-21 12:01:22] UPDATE executado {
    "modulo": "itens_servico",
    "id": "63"
}
[2025-12-21 12:01:22] Tentando atualizar registro {
    "modulo": "itens_servico",
    "data": {
        "id": "64",
        "servico_id": "12",
        "descricao": "aaa23",
        "qtd": "1",
        "valor": "5.00",
        "tipo": "SERVICO",
        "total_item": "555.00"
    }
}
[2025-12-21 12:01:22] UPDATE executado {
    "modulo": "itens_servico",
    "id": "64"
}
[2025-12-21 12:01:38] Tentando atualizar registro {
    "modulo": "servicos",
    "data": {
        "nome": "teste",
        "id": "12",
        "veiculo_id": "16",
        "cliente_id": "11",
        "data": "2025-12-04",
        "pct_total": "10.00",
        "valor_total": "400.00",
        "created_at": "2025-12-05 01:43:59",
        "updated_at": "2025-12-21 12:01:21"
    }
}
[2025-12-21 12:01:38] UPDATE executado {
    "modulo": "servicos",
    "id": "12"
}
[2025-12-21 12:01:38] Tentando atualizar registro {
    "modulo": "itens_servico",
    "data": {
        "id": "63",
        "servico_id": "12",
        "descricao": "teste2",
        "qtd": "30",
        "valor": "5.00",
        "tipo": "PECA",
        "total_item": "55.00"
    }
}
[2025-12-21 12:01:38] UPDATE executado {
    "modulo": "itens_servico",
    "id": "63"
}
[2025-12-21 12:01:38] Tentando atualizar registro {
    "modulo": "itens_servico",
    "data": {
        "id": "64",
        "servico_id": "12",
        "descricao": "aaa23",
        "qtd": "50",
        "valor": "5.00",
        "tipo": "SERVICO",
        "total_item": "555.00"
    }
}
[2025-12-21 12:01:38] UPDATE executado {
    "modulo": "itens_servico",
    "id": "64"
}
[2025-12-22 14:26:25] Arquivo de metadata deletado {
    "file": "C:\\xampp\\htdocs\\Gustavo\\skyline2\\metadata\/clientes.json"
}
[2025-12-22 14:26:25] Arquivo de metadata deletado {
    "file": "C:\\xampp\\htdocs\\Gustavo\\skyline2\\metadata\/itens_servico.json"
}
[2025-12-22 14:26:25] Arquivo de metadata deletado {
    "file": "C:\\xampp\\htdocs\\Gustavo\\skyline2\\metadata\/servicos.json"
}
[2025-12-22 14:26:25] Arquivo de metadata deletado {
    "file": "C:\\xampp\\htdocs\\Gustavo\\skyline2\\metadata\/veiculos.json"
}
[2025-12-22 14:26:25] Arquivo de metadata salvo. {
    "table": "clientes"
}
[2025-12-22 14:26:25] Arquivo de metadata salvo. {
    "table": "pedidos"
}
[2025-12-22 14:26:25] Arquivo de metadata salvo. {
    "table": "task_comments"
}
[2025-12-22 14:26:25] Arquivo de metadata salvo. {
    "table": "tasks"
}
[2025-12-22 14:26:25] Arquivo de metadata salvo. {
    "table": "veiculos"
}
[2025-12-22 14:26:28] Relacionamento items criado {
    "parent": "clientes",
    "child": "pedidos",
    "foreign_key": "cliente_id"
}
[2025-12-22 14:26:28] Relacionamento items criado {
    "parent": "tasks",
    "child": "task_comments",
    "foreign_key": "task_id"
}
[2025-12-22 14:26:28] Relacionamento items criado {
    "parent": "clientes",
    "child": "veiculos",
    "foreign_key": "cliente_id"
}
[2025-12-22 14:26:32] Módulo removido {
    "module": "clientes"
}
[2025-12-22 14:26:32] Módulo removido {
    "module": "itens_servico"
}
[2025-12-22 14:26:32] Módulo removido {
    "module": "servicos"
}
[2025-12-22 14:26:32] Módulo removido {
    "module": "veiculos"
}
[2025-12-22 14:26:32] Pasta criada {
    "path": "C:\\xampp\\htdocs\\Gustavo\\skyline2\/modules\/clientes"
}
[2025-12-22 14:26:32] Pasta criada {
    "path": "C:\\xampp\\htdocs\\Gustavo\\skyline2\/modules\/clientes\/views"
}
[2025-12-22 14:26:32] Pasta criada {
    "path": "C:\\xampp\\htdocs\\Gustavo\\skyline2\/modules\/clientes\/js"
}
[2025-12-22 14:26:32] Pasta criada {
    "path": "C:\\xampp\\htdocs\\Gustavo\\skyline2\/modules\/clientes\/css"
}
[2025-12-22 14:26:32] View criado {
    "file": "C:\\xampp\\htdocs\\Gustavo\\skyline2\/modules\/clientes\/views\/edit.php"
}
[2025-12-22 14:26:32] View criado {
    "file": "C:\\xampp\\htdocs\\Gustavo\\skyline2\/modules\/clientes\/views\/detail.php"
}
[2025-12-22 14:26:32] Router criado {
    "file": "C:\\xampp\\htdocs\\Gustavo\\skyline2\/modules\/clientes\/router.php"
}
[2025-12-22 14:26:32] Index View criado {
    "file": "C:\\xampp\\htdocs\\Gustavo\\skyline2\/modules\/clientes\/views\/index.php"
}
[2025-12-22 14:26:32] JS criado {
    "file": "C:\\xampp\\htdocs\\Gustavo\\skyline2\/modules\/clientes\/js\/clientes.js"
}
[2025-12-22 14:26:32] CSS criado {
    "file": "C:\\xampp\\htdocs\\Gustavo\\skyline2\/modules\/clientes\/css\/clientes.css"
}
[2025-12-22 14:26:32] Módulo gerado {
    "module": "clientes"
}
[2025-12-22 14:26:32] Pasta criada {
    "path": "C:\\xampp\\htdocs\\Gustavo\\skyline2\/modules\/pedidos"
}
[2025-12-22 14:26:32] Pasta criada {
    "path": "C:\\xampp\\htdocs\\Gustavo\\skyline2\/modules\/pedidos\/views"
}
[2025-12-22 14:26:32] Pasta criada {
    "path": "C:\\xampp\\htdocs\\Gustavo\\skyline2\/modules\/pedidos\/js"
}
[2025-12-22 14:26:32] Pasta criada {
    "path": "C:\\xampp\\htdocs\\Gustavo\\skyline2\/modules\/pedidos\/css"
}
[2025-12-22 14:26:32] View criado {
    "file": "C:\\xampp\\htdocs\\Gustavo\\skyline2\/modules\/pedidos\/views\/edit.php"
}
[2025-12-22 14:26:32] View criado {
    "file": "C:\\xampp\\htdocs\\Gustavo\\skyline2\/modules\/pedidos\/views\/detail.php"
}
[2025-12-22 14:26:32] Router criado {
    "file": "C:\\xampp\\htdocs\\Gustavo\\skyline2\/modules\/pedidos\/router.php"
}
[2025-12-22 14:26:32] Index View criado {
    "file": "C:\\xampp\\htdocs\\Gustavo\\skyline2\/modules\/pedidos\/views\/index.php"
}
[2025-12-22 14:26:32] JS criado {
    "file": "C:\\xampp\\htdocs\\Gustavo\\skyline2\/modules\/pedidos\/js\/pedidos.js"
}
[2025-12-22 14:26:32] CSS criado {
    "file": "C:\\xampp\\htdocs\\Gustavo\\skyline2\/modules\/pedidos\/css\/pedidos.css"
}
[2025-12-22 14:26:32] Módulo gerado {
    "module": "pedidos"
}
[2025-12-22 14:26:32] Pasta criada {
    "path": "C:\\xampp\\htdocs\\Gustavo\\skyline2\/modules\/task_comments"
}
[2025-12-22 14:26:32] Pasta criada {
    "path": "C:\\xampp\\htdocs\\Gustavo\\skyline2\/modules\/task_comments\/views"
}
[2025-12-22 14:26:32] Pasta criada {
    "path": "C:\\xampp\\htdocs\\Gustavo\\skyline2\/modules\/task_comments\/js"
}
[2025-12-22 14:26:32] Pasta criada {
    "path": "C:\\xampp\\htdocs\\Gustavo\\skyline2\/modules\/task_comments\/css"
}
[2025-12-22 14:26:32] View criado {
    "file": "C:\\xampp\\htdocs\\Gustavo\\skyline2\/modules\/task_comments\/views\/edit.php"
}
[2025-12-22 14:26:32] View criado {
    "file": "C:\\xampp\\htdocs\\Gustavo\\skyline2\/modules\/task_comments\/views\/detail.php"
}
[2025-12-22 14:26:32] Router criado {
    "file": "C:\\xampp\\htdocs\\Gustavo\\skyline2\/modules\/task_comments\/router.php"
}
[2025-12-22 14:26:32] Index View criado {
    "file": "C:\\xampp\\htdocs\\Gustavo\\skyline2\/modules\/task_comments\/views\/index.php"
}
[2025-12-22 14:26:32] JS criado {
    "file": "C:\\xampp\\htdocs\\Gustavo\\skyline2\/modules\/task_comments\/js\/task_comments.js"
}
[2025-12-22 14:26:32] CSS criado {
    "file": "C:\\xampp\\htdocs\\Gustavo\\skyline2\/modules\/task_comments\/css\/task_comments.css"
}
[2025-12-22 14:26:32] Módulo gerado {
    "module": "task_comments"
}
[2025-12-22 14:26:32] Pasta criada {
    "path": "C:\\xampp\\htdocs\\Gustavo\\skyline2\/modules\/tasks"
}
[2025-12-22 14:26:32] Pasta criada {
    "path": "C:\\xampp\\htdocs\\Gustavo\\skyline2\/modules\/tasks\/views"
}
[2025-12-22 14:26:32] Pasta criada {
    "path": "C:\\xampp\\htdocs\\Gustavo\\skyline2\/modules\/tasks\/js"
}
[2025-12-22 14:26:32] Pasta criada {
    "path": "C:\\xampp\\htdocs\\Gustavo\\skyline2\/modules\/tasks\/css"
}
[2025-12-22 14:26:32] View criado {
    "file": "C:\\xampp\\htdocs\\Gustavo\\skyline2\/modules\/tasks\/views\/edit.php"
}
[2025-12-22 14:26:32] View criado {
    "file": "C:\\xampp\\htdocs\\Gustavo\\skyline2\/modules\/tasks\/views\/detail.php"
}
[2025-12-22 14:26:32] Router criado {
    "file": "C:\\xampp\\htdocs\\Gustavo\\skyline2\/modules\/tasks\/router.php"
}
[2025-12-22 14:26:32] Index View criado {
    "file": "C:\\xampp\\htdocs\\Gustavo\\skyline2\/modules\/tasks\/views\/index.php"
}
[2025-12-22 14:26:32] JS criado {
    "file": "C:\\xampp\\htdocs\\Gustavo\\skyline2\/modules\/tasks\/js\/tasks.js"
}
[2025-12-22 14:26:32] CSS criado {
    "file": "C:\\xampp\\htdocs\\Gustavo\\skyline2\/modules\/tasks\/css\/tasks.css"
}
[2025-12-22 14:26:32] Módulo gerado {
    "module": "tasks"
}
[2025-12-22 14:26:32] Pasta criada {
    "path": "C:\\xampp\\htdocs\\Gustavo\\skyline2\/modules\/veiculos"
}
[2025-12-22 14:26:32] Pasta criada {
    "path": "C:\\xampp\\htdocs\\Gustavo\\skyline2\/modules\/veiculos\/views"
}
[2025-12-22 14:26:32] Pasta criada {
    "path": "C:\\xampp\\htdocs\\Gustavo\\skyline2\/modules\/veiculos\/js"
}
[2025-12-22 14:26:32] Pasta criada {
    "path": "C:\\xampp\\htdocs\\Gustavo\\skyline2\/modules\/veiculos\/css"
}
[2025-12-22 14:26:32] View criado {
    "file": "C:\\xampp\\htdocs\\Gustavo\\skyline2\/modules\/veiculos\/views\/edit.php"
}
[2025-12-22 14:26:32] View criado {
    "file": "C:\\xampp\\htdocs\\Gustavo\\skyline2\/modules\/veiculos\/views\/detail.php"
}
[2025-12-22 14:26:32] Router criado {
    "file": "C:\\xampp\\htdocs\\Gustavo\\skyline2\/modules\/veiculos\/router.php"
}
[2025-12-22 14:26:32] Index View criado {
    "file": "C:\\xampp\\htdocs\\Gustavo\\skyline2\/modules\/veiculos\/views\/index.php"
}
[2025-12-22 14:26:32] JS criado {
    "file": "C:\\xampp\\htdocs\\Gustavo\\skyline2\/modules\/veiculos\/js\/veiculos.js"
}
[2025-12-22 14:26:32] CSS criado {
    "file": "C:\\xampp\\htdocs\\Gustavo\\skyline2\/modules\/veiculos\/css\/veiculos.css"
}
[2025-12-22 14:26:32] Módulo gerado {
    "module": "veiculos"
}
[2025-12-22 21:37:25] Arquivo de metadata deletado {
    "file": "C:\\xampp\\htdocs\\Gustavo\\skyline2\\metadata\/clientes.json"
}
[2025-12-22 21:37:25] Arquivo de metadata deletado {
    "file": "C:\\xampp\\htdocs\\Gustavo\\skyline2\\metadata\/pedidos.json"
}
[2025-12-22 21:37:25] Arquivo de metadata deletado {
    "file": "C:\\xampp\\htdocs\\Gustavo\\skyline2\\metadata\/task_comments.json"
}
[2025-12-22 21:37:25] Arquivo de metadata deletado {
    "file": "C:\\xampp\\htdocs\\Gustavo\\skyline2\\metadata\/tasks.json"
}
[2025-12-22 21:37:25] Arquivo de metadata deletado {
    "file": "C:\\xampp\\htdocs\\Gustavo\\skyline2\\metadata\/veiculos.json"
}
[2025-12-22 21:37:25] Arquivo de metadata salvo. {
    "table": "clientes"
}
[2025-12-22 21:37:25] Arquivo de metadata salvo. {
    "table": "pedidos"
}
[2025-12-22 21:37:25] Arquivo de metadata salvo. {
    "table": "task_comments"
}
[2025-12-22 21:37:25] Arquivo de metadata salvo. {
    "table": "tasks"
}
[2025-12-22 21:37:25] Arquivo de metadata salvo. {
    "table": "veiculos"
}
[2025-12-22 21:37:35] Relacionamento items criado {
    "parent": "clientes",
    "child": "pedidos",
    "foreign_key": "cliente_id"
}
[2025-12-22 21:37:35] Relacionamento items criado {
    "parent": "tasks",
    "child": "task_comments",
    "foreign_key": "task_id"
}
[2025-12-22 21:37:35] Relacionamento items criado {
    "parent": "clientes",
    "child": "veiculos",
    "foreign_key": "cliente_id"
}
[2025-12-22 21:39:33] Tentando atualizar registro {
    "modulo": "tasks",
    "data": {
        "id": "8",
        "title": "Wireframe pro Senhor Magno",
        "description": "E não é que funciona mesmo?",
        "done": "1"
    }
}
[2025-12-22 21:39:33] UPDATE executado {
    "modulo": "tasks",
    "id": "8"
}
[2025-12-22 21:39:36] Tentando atualizar registro {
    "modulo": "tasks",
    "data": {
        "id": "8",
        "title": "Wireframe pro Senhor Magno",
        "description": "E não é que funciona mesmo?",
        "done": "0"
    }
}
[2025-12-22 21:39:36] UPDATE executado {
    "modulo": "tasks",
    "id": "8"
}
[2025-12-22 21:43:59] Tentando atualizar registro {
    "modulo": "tasks",
    "data": {
        "id": "8",
        "title": "Wireframe pro Senhor Magno",
        "description": "E não é que funciona mesmo?",
        "done": "1"
    }
}
[2025-12-22 21:43:59] UPDATE executado {
    "modulo": "tasks",
    "id": "8"
}
[2025-12-22 21:45:52] Arquivo de metadata deletado {
    "file": "C:\\xampp\\htdocs\\Gustavo\\skyline2\\metadata\/clientes.json"
}
[2025-12-22 21:45:52] Arquivo de metadata deletado {
    "file": "C:\\xampp\\htdocs\\Gustavo\\skyline2\\metadata\/pedidos.json"
}
[2025-12-22 21:45:52] Arquivo de metadata deletado {
    "file": "C:\\xampp\\htdocs\\Gustavo\\skyline2\\metadata\/task_comments.json"
}
[2025-12-22 21:45:52] Arquivo de metadata deletado {
    "file": "C:\\xampp\\htdocs\\Gustavo\\skyline2\\metadata\/tasks.json"
}
[2025-12-22 21:45:52] Arquivo de metadata deletado {
    "file": "C:\\xampp\\htdocs\\Gustavo\\skyline2\\metadata\/veiculos.json"
}
[2025-12-22 21:45:52] Arquivo de metadata salvo. {
    "table": "clientes"
}
[2025-12-22 21:45:52] Arquivo de metadata salvo. {
    "table": "pedidos"
}
[2025-12-22 21:45:52] Arquivo de metadata salvo. {
    "table": "task_comments"
}
[2025-12-22 21:45:52] Arquivo de metadata salvo. {
    "table": "tasks"
}
[2025-12-22 21:45:52] Arquivo de metadata salvo. {
    "table": "veiculos"
}
[2025-12-22 21:45:54] Relacionamento items criado {
    "parent": "clientes",
    "child": "pedidos",
    "foreign_key": "cliente_id"
}
[2025-12-22 21:45:54] Relacionamento items criado {
    "parent": "tasks",
    "child": "task_comments",
    "foreign_key": "task_id"
}
[2025-12-22 21:45:54] Relacionamento items criado {
    "parent": "clientes",
    "child": "veiculos",
    "foreign_key": "cliente_id"
}
[2025-12-22 21:46:05] Tentando atualizar registro {
    "modulo": "task_comments",
    "data": {
        "id": "5",
        "task_id": "1",
        "comment": "Comentário interno da equipe",
        "created_at": "",
        "is_internal": "0"
    }
}
[2025-12-22 21:46:05] UPDATE executado {
    "modulo": "task_comments",
    "id": "5"
}
[2025-12-23 06:46:49] Arquivo de metadata deletado {
    "file": "C:\\xampp\\htdocs\\skyline2\\metadata\/clientes.json"
}
[2025-12-23 06:46:49] Arquivo de metadata deletado {
    "file": "C:\\xampp\\htdocs\\skyline2\\metadata\/pedidos.json"
}
[2025-12-23 06:46:49] Arquivo de metadata deletado {
    "file": "C:\\xampp\\htdocs\\skyline2\\metadata\/task_comments.json"
}
[2025-12-23 06:46:49] Arquivo de metadata deletado {
    "file": "C:\\xampp\\htdocs\\skyline2\\metadata\/tasks.json"
}
[2025-12-23 06:46:49] Arquivo de metadata deletado {
    "file": "C:\\xampp\\htdocs\\skyline2\\metadata\/veiculos.json"
}
[2025-12-23 06:46:50] Arquivo de metadata salvo. {
    "table": "clientes"
}
[2025-12-23 06:46:50] Arquivo de metadata salvo. {
    "table": "itens_servico"
}
[2025-12-23 06:46:50] Arquivo de metadata salvo. {
    "table": "servicos"
}
[2025-12-23 06:46:50] Arquivo de metadata salvo. {
    "table": "veiculos"
}
[2025-12-23 06:46:51] Relacionamento items criado {
    "parent": "servicos",
    "child": "itens_servico",
    "foreign_key": "servico_id"
}
[2025-12-23 06:46:51] Relacionamento items criado {
    "parent": "clientes",
    "child": "veiculos",
    "foreign_key": "cliente_id"
}
[2025-12-23 06:46:53] Módulo removido {
    "module": "clientes"
}
[2025-12-23 06:46:53] Módulo removido {
    "module": "pedidos"
}
[2025-12-23 06:46:53] Módulo removido {
    "module": "task_comments"
}
[2025-12-23 06:46:53] Módulo removido {
    "module": "tasks"
}
[2025-12-23 06:46:53] Módulo removido {
    "module": "veiculos"
}
[2025-12-23 06:46:53] Pasta criada {
    "path": "C:\\xampp\\htdocs\\skyline2\/modules\/clientes"
}
[2025-12-23 06:46:53] Pasta criada {
    "path": "C:\\xampp\\htdocs\\skyline2\/modules\/clientes\/views"
}
[2025-12-23 06:46:53] Pasta criada {
    "path": "C:\\xampp\\htdocs\\skyline2\/modules\/clientes\/js"
}
[2025-12-23 06:46:53] Pasta criada {
    "path": "C:\\xampp\\htdocs\\skyline2\/modules\/clientes\/css"
}
[2025-12-23 06:46:53] View criado {
    "file": "C:\\xampp\\htdocs\\skyline2\/modules\/clientes\/views\/edit.php"
}
[2025-12-23 06:46:53] View criado {
    "file": "C:\\xampp\\htdocs\\skyline2\/modules\/clientes\/views\/detail.php"
}
[2025-12-23 06:46:53] Router criado {
    "file": "C:\\xampp\\htdocs\\skyline2\/modules\/clientes\/router.php"
}
[2025-12-23 06:46:53] Index View criado {
    "file": "C:\\xampp\\htdocs\\skyline2\/modules\/clientes\/views\/index.php"
}
[2025-12-23 06:46:53] JS criado {
    "file": "C:\\xampp\\htdocs\\skyline2\/modules\/clientes\/js\/clientes.js"
}
[2025-12-23 06:46:53] CSS criado {
    "file": "C:\\xampp\\htdocs\\skyline2\/modules\/clientes\/css\/clientes.css"
}
[2025-12-23 06:46:53] Módulo gerado {
    "module": "clientes"
}
[2025-12-23 06:46:53] Pasta criada {
    "path": "C:\\xampp\\htdocs\\skyline2\/modules\/itens_servico"
}
[2025-12-23 06:46:53] Pasta criada {
    "path": "C:\\xampp\\htdocs\\skyline2\/modules\/itens_servico\/views"
}
[2025-12-23 06:46:53] Pasta criada {
    "path": "C:\\xampp\\htdocs\\skyline2\/modules\/itens_servico\/js"
}
[2025-12-23 06:46:53] Pasta criada {
    "path": "C:\\xampp\\htdocs\\skyline2\/modules\/itens_servico\/css"
}
[2025-12-23 06:46:53] View criado {
    "file": "C:\\xampp\\htdocs\\skyline2\/modules\/itens_servico\/views\/edit.php"
}
[2025-12-23 06:46:53] View criado {
    "file": "C:\\xampp\\htdocs\\skyline2\/modules\/itens_servico\/views\/detail.php"
}
[2025-12-23 06:46:53] Router criado {
    "file": "C:\\xampp\\htdocs\\skyline2\/modules\/itens_servico\/router.php"
}
[2025-12-23 06:46:53] Index View criado {
    "file": "C:\\xampp\\htdocs\\skyline2\/modules\/itens_servico\/views\/index.php"
}
[2025-12-23 06:46:53] JS criado {
    "file": "C:\\xampp\\htdocs\\skyline2\/modules\/itens_servico\/js\/itens_servico.js"
}
[2025-12-23 06:46:53] CSS criado {
    "file": "C:\\xampp\\htdocs\\skyline2\/modules\/itens_servico\/css\/itens_servico.css"
}
[2025-12-23 06:46:53] Módulo gerado {
    "module": "itens_servico"
}
[2025-12-23 06:46:53] Pasta criada {
    "path": "C:\\xampp\\htdocs\\skyline2\/modules\/servicos"
}
[2025-12-23 06:46:53] Pasta criada {
    "path": "C:\\xampp\\htdocs\\skyline2\/modules\/servicos\/views"
}
[2025-12-23 06:46:53] Pasta criada {
    "path": "C:\\xampp\\htdocs\\skyline2\/modules\/servicos\/js"
}
[2025-12-23 06:46:53] Pasta criada {
    "path": "C:\\xampp\\htdocs\\skyline2\/modules\/servicos\/css"
}
[2025-12-23 06:46:53] View criado {
    "file": "C:\\xampp\\htdocs\\skyline2\/modules\/servicos\/views\/edit.php"
}
[2025-12-23 06:46:53] View criado {
    "file": "C:\\xampp\\htdocs\\skyline2\/modules\/servicos\/views\/detail.php"
}
[2025-12-23 06:46:53] Router criado {
    "file": "C:\\xampp\\htdocs\\skyline2\/modules\/servicos\/router.php"
}
[2025-12-23 06:46:53] Index View criado {
    "file": "C:\\xampp\\htdocs\\skyline2\/modules\/servicos\/views\/index.php"
}
[2025-12-23 06:46:53] JS criado {
    "file": "C:\\xampp\\htdocs\\skyline2\/modules\/servicos\/js\/servicos.js"
}
[2025-12-23 06:46:53] CSS criado {
    "file": "C:\\xampp\\htdocs\\skyline2\/modules\/servicos\/css\/servicos.css"
}
[2025-12-23 06:46:53] Módulo gerado {
    "module": "servicos"
}
[2025-12-23 06:46:53] Pasta criada {
    "path": "C:\\xampp\\htdocs\\skyline2\/modules\/veiculos"
}
[2025-12-23 06:46:53] Pasta criada {
    "path": "C:\\xampp\\htdocs\\skyline2\/modules\/veiculos\/views"
}
[2025-12-23 06:46:53] Pasta criada {
    "path": "C:\\xampp\\htdocs\\skyline2\/modules\/veiculos\/js"
}
[2025-12-23 06:46:53] Pasta criada {
    "path": "C:\\xampp\\htdocs\\skyline2\/modules\/veiculos\/css"
}
[2025-12-23 06:46:53] View criado {
    "file": "C:\\xampp\\htdocs\\skyline2\/modules\/veiculos\/views\/edit.php"
}
[2025-12-23 06:46:53] View criado {
    "file": "C:\\xampp\\htdocs\\skyline2\/modules\/veiculos\/views\/detail.php"
}
[2025-12-23 06:46:53] Router criado {
    "file": "C:\\xampp\\htdocs\\skyline2\/modules\/veiculos\/router.php"
}
[2025-12-23 06:46:53] Index View criado {
    "file": "C:\\xampp\\htdocs\\skyline2\/modules\/veiculos\/views\/index.php"
}
[2025-12-23 06:46:53] JS criado {
    "file": "C:\\xampp\\htdocs\\skyline2\/modules\/veiculos\/js\/veiculos.js"
}
[2025-12-23 06:46:53] CSS criado {
    "file": "C:\\xampp\\htdocs\\skyline2\/modules\/veiculos\/css\/veiculos.css"
}
[2025-12-23 06:46:53] Módulo gerado {
    "module": "veiculos"
}
[2025-12-23 07:31:48] Módulo removido {
    "module": "clientes"
}
[2025-12-23 07:31:48] Módulo removido {
    "module": "itens_servico"
}
[2025-12-23 07:31:48] Módulo removido {
    "module": "servicos"
}
[2025-12-23 07:31:48] Módulo removido {
    "module": "veiculos"
}
[2025-12-23 07:31:48] Pasta criada {
    "path": "C:\\xampp\\htdocs\\skyline2\/modules\/clientes"
}
[2025-12-23 07:31:48] Pasta criada {
    "path": "C:\\xampp\\htdocs\\skyline2\/modules\/clientes\/views"
}
[2025-12-23 07:31:48] Pasta criada {
    "path": "C:\\xampp\\htdocs\\skyline2\/modules\/clientes\/js"
}
[2025-12-23 07:31:48] Pasta criada {
    "path": "C:\\xampp\\htdocs\\skyline2\/modules\/clientes\/css"
}
[2025-12-23 07:31:48] View criado {
    "file": "C:\\xampp\\htdocs\\skyline2\/modules\/clientes\/views\/edit.php"
}
[2025-12-23 07:31:48] View criado {
    "file": "C:\\xampp\\htdocs\\skyline2\/modules\/clientes\/views\/detail.php"
}
[2025-12-23 07:31:48] Router criado {
    "file": "C:\\xampp\\htdocs\\skyline2\/modules\/clientes\/router.php"
}
[2025-12-23 07:31:48] Index View criado {
    "file": "C:\\xampp\\htdocs\\skyline2\/modules\/clientes\/views\/index.php"
}
[2025-12-23 07:31:48] JS criado {
    "file": "C:\\xampp\\htdocs\\skyline2\/modules\/clientes\/js\/clientes.js"
}
[2025-12-23 07:31:48] CSS criado {
    "file": "C:\\xampp\\htdocs\\skyline2\/modules\/clientes\/css\/clientes.css"
}
[2025-12-23 07:31:48] Módulo gerado {
    "module": "clientes"
}
[2025-12-23 07:31:48] Pasta criada {
    "path": "C:\\xampp\\htdocs\\skyline2\/modules\/itens_servico"
}
[2025-12-23 07:31:48] Pasta criada {
    "path": "C:\\xampp\\htdocs\\skyline2\/modules\/itens_servico\/views"
}
[2025-12-23 07:31:48] Pasta criada {
    "path": "C:\\xampp\\htdocs\\skyline2\/modules\/itens_servico\/js"
}
[2025-12-23 07:31:48] Pasta criada {
    "path": "C:\\xampp\\htdocs\\skyline2\/modules\/itens_servico\/css"
}
[2025-12-23 07:31:48] View criado {
    "file": "C:\\xampp\\htdocs\\skyline2\/modules\/itens_servico\/views\/edit.php"
}
[2025-12-23 07:31:48] View criado {
    "file": "C:\\xampp\\htdocs\\skyline2\/modules\/itens_servico\/views\/detail.php"
}
[2025-12-23 07:31:48] Router criado {
    "file": "C:\\xampp\\htdocs\\skyline2\/modules\/itens_servico\/router.php"
}
[2025-12-23 07:31:48] Index View criado {
    "file": "C:\\xampp\\htdocs\\skyline2\/modules\/itens_servico\/views\/index.php"
}
[2025-12-23 07:31:48] JS criado {
    "file": "C:\\xampp\\htdocs\\skyline2\/modules\/itens_servico\/js\/itens_servico.js"
}
[2025-12-23 07:31:48] CSS criado {
    "file": "C:\\xampp\\htdocs\\skyline2\/modules\/itens_servico\/css\/itens_servico.css"
}
[2025-12-23 07:31:48] Módulo gerado {
    "module": "itens_servico"
}
[2025-12-23 07:31:48] Pasta criada {
    "path": "C:\\xampp\\htdocs\\skyline2\/modules\/servicos"
}
[2025-12-23 07:31:48] Pasta criada {
    "path": "C:\\xampp\\htdocs\\skyline2\/modules\/servicos\/views"
}
[2025-12-23 07:31:48] Pasta criada {
    "path": "C:\\xampp\\htdocs\\skyline2\/modules\/servicos\/js"
}
[2025-12-23 07:31:48] Pasta criada {
    "path": "C:\\xampp\\htdocs\\skyline2\/modules\/servicos\/css"
}
[2025-12-23 07:31:48] View criado {
    "file": "C:\\xampp\\htdocs\\skyline2\/modules\/servicos\/views\/edit.php"
}
[2025-12-23 07:31:48] View criado {
    "file": "C:\\xampp\\htdocs\\skyline2\/modules\/servicos\/views\/detail.php"
}
[2025-12-23 07:31:48] Router criado {
    "file": "C:\\xampp\\htdocs\\skyline2\/modules\/servicos\/router.php"
}
[2025-12-23 07:31:48] Index View criado {
    "file": "C:\\xampp\\htdocs\\skyline2\/modules\/servicos\/views\/index.php"
}
[2025-12-23 07:31:48] JS criado {
    "file": "C:\\xampp\\htdocs\\skyline2\/modules\/servicos\/js\/servicos.js"
}
[2025-12-23 07:31:48] CSS criado {
    "file": "C:\\xampp\\htdocs\\skyline2\/modules\/servicos\/css\/servicos.css"
}
[2025-12-23 07:31:48] Módulo gerado {
    "module": "servicos"
}
[2025-12-23 07:31:48] Pasta criada {
    "path": "C:\\xampp\\htdocs\\skyline2\/modules\/veiculos"
}
[2025-12-23 07:31:48] Pasta criada {
    "path": "C:\\xampp\\htdocs\\skyline2\/modules\/veiculos\/views"
}
[2025-12-23 07:31:48] Pasta criada {
    "path": "C:\\xampp\\htdocs\\skyline2\/modules\/veiculos\/js"
}
[2025-12-23 07:31:48] Pasta criada {
    "path": "C:\\xampp\\htdocs\\skyline2\/modules\/veiculos\/css"
}
[2025-12-23 07:31:48] View criado {
    "file": "C:\\xampp\\htdocs\\skyline2\/modules\/veiculos\/views\/edit.php"
}
[2025-12-23 07:31:48] View criado {
    "file": "C:\\xampp\\htdocs\\skyline2\/modules\/veiculos\/views\/detail.php"
}
[2025-12-23 07:31:48] Router criado {
    "file": "C:\\xampp\\htdocs\\skyline2\/modules\/veiculos\/router.php"
}
[2025-12-23 07:31:48] Index View criado {
    "file": "C:\\xampp\\htdocs\\skyline2\/modules\/veiculos\/views\/index.php"
}
[2025-12-23 07:31:48] JS criado {
    "file": "C:\\xampp\\htdocs\\skyline2\/modules\/veiculos\/js\/veiculos.js"
}
[2025-12-23 07:31:48] CSS criado {
    "file": "C:\\xampp\\htdocs\\skyline2\/modules\/veiculos\/css\/veiculos.css"
}
[2025-12-23 07:31:48] Módulo gerado {
    "module": "veiculos"
}
[2025-12-23 07:43:42] Módulo removido {
    "module": "clientes"
}
[2025-12-23 07:43:42] Módulo removido {
    "module": "itens_servico"
}
[2025-12-23 07:43:42] Módulo removido {
    "module": "servicos"
}
[2025-12-23 07:43:42] Módulo removido {
    "module": "veiculos"
}
[2025-12-23 07:43:42] Pasta criada {
    "path": "C:\\xampp\\htdocs\\skyline2\/modules\/clientes"
}
[2025-12-23 07:43:42] Pasta criada {
    "path": "C:\\xampp\\htdocs\\skyline2\/modules\/clientes\/views"
}
[2025-12-23 07:43:42] Pasta criada {
    "path": "C:\\xampp\\htdocs\\skyline2\/modules\/clientes\/js"
}
[2025-12-23 07:43:42] Pasta criada {
    "path": "C:\\xampp\\htdocs\\skyline2\/modules\/clientes\/css"
}
[2025-12-23 07:43:42] View criado {
    "file": "C:\\xampp\\htdocs\\skyline2\/modules\/clientes\/views\/edit.php"
}
[2025-12-23 07:43:42] View criado {
    "file": "C:\\xampp\\htdocs\\skyline2\/modules\/clientes\/views\/detail.php"
}
[2025-12-23 07:43:42] Router criado {
    "file": "C:\\xampp\\htdocs\\skyline2\/modules\/clientes\/router.php"
}
[2025-12-23 07:43:42] Index View criado {
    "file": "C:\\xampp\\htdocs\\skyline2\/modules\/clientes\/views\/index.php"
}
[2025-12-23 07:43:42] JS criado {
    "file": "C:\\xampp\\htdocs\\skyline2\/modules\/clientes\/js\/clientes.js"
}
[2025-12-23 07:43:42] CSS criado {
    "file": "C:\\xampp\\htdocs\\skyline2\/modules\/clientes\/css\/clientes.css"
}
[2025-12-23 07:43:42] Módulo gerado {
    "module": "clientes"
}
[2025-12-23 07:43:42] Pasta criada {
    "path": "C:\\xampp\\htdocs\\skyline2\/modules\/itens_servico"
}
[2025-12-23 07:43:42] Pasta criada {
    "path": "C:\\xampp\\htdocs\\skyline2\/modules\/itens_servico\/views"
}
[2025-12-23 07:43:42] Pasta criada {
    "path": "C:\\xampp\\htdocs\\skyline2\/modules\/itens_servico\/js"
}
[2025-12-23 07:43:42] Pasta criada {
    "path": "C:\\xampp\\htdocs\\skyline2\/modules\/itens_servico\/css"
}
[2025-12-23 07:43:42] View criado {
    "file": "C:\\xampp\\htdocs\\skyline2\/modules\/itens_servico\/views\/edit.php"
}
[2025-12-23 07:43:42] View criado {
    "file": "C:\\xampp\\htdocs\\skyline2\/modules\/itens_servico\/views\/detail.php"
}
[2025-12-23 07:43:42] Router criado {
    "file": "C:\\xampp\\htdocs\\skyline2\/modules\/itens_servico\/router.php"
}
[2025-12-23 07:43:42] Index View criado {
    "file": "C:\\xampp\\htdocs\\skyline2\/modules\/itens_servico\/views\/index.php"
}
[2025-12-23 07:43:42] JS criado {
    "file": "C:\\xampp\\htdocs\\skyline2\/modules\/itens_servico\/js\/itens_servico.js"
}
[2025-12-23 07:43:42] CSS criado {
    "file": "C:\\xampp\\htdocs\\skyline2\/modules\/itens_servico\/css\/itens_servico.css"
}
[2025-12-23 07:43:42] Módulo gerado {
    "module": "itens_servico"
}
[2025-12-23 07:43:42] Pasta criada {
    "path": "C:\\xampp\\htdocs\\skyline2\/modules\/servicos"
}
[2025-12-23 07:43:42] Pasta criada {
    "path": "C:\\xampp\\htdocs\\skyline2\/modules\/servicos\/views"
}
[2025-12-23 07:43:42] Pasta criada {
    "path": "C:\\xampp\\htdocs\\skyline2\/modules\/servicos\/js"
}
[2025-12-23 07:43:42] Pasta criada {
    "path": "C:\\xampp\\htdocs\\skyline2\/modules\/servicos\/css"
}
[2025-12-23 07:43:42] View criado {
    "file": "C:\\xampp\\htdocs\\skyline2\/modules\/servicos\/views\/edit.php"
}
[2025-12-23 07:43:42] View criado {
    "file": "C:\\xampp\\htdocs\\skyline2\/modules\/servicos\/views\/detail.php"
}
[2025-12-23 07:43:42] Router criado {
    "file": "C:\\xampp\\htdocs\\skyline2\/modules\/servicos\/router.php"
}
[2025-12-23 07:43:42] Index View criado {
    "file": "C:\\xampp\\htdocs\\skyline2\/modules\/servicos\/views\/index.php"
}
[2025-12-23 07:43:42] JS criado {
    "file": "C:\\xampp\\htdocs\\skyline2\/modules\/servicos\/js\/servicos.js"
}
[2025-12-23 07:43:42] CSS criado {
    "file": "C:\\xampp\\htdocs\\skyline2\/modules\/servicos\/css\/servicos.css"
}
[2025-12-23 07:43:42] Módulo gerado {
    "module": "servicos"
}
[2025-12-23 07:43:42] Pasta criada {
    "path": "C:\\xampp\\htdocs\\skyline2\/modules\/veiculos"
}
[2025-12-23 07:43:42] Pasta criada {
    "path": "C:\\xampp\\htdocs\\skyline2\/modules\/veiculos\/views"
}
[2025-12-23 07:43:42] Pasta criada {
    "path": "C:\\xampp\\htdocs\\skyline2\/modules\/veiculos\/js"
}
[2025-12-23 07:43:42] Pasta criada {
    "path": "C:\\xampp\\htdocs\\skyline2\/modules\/veiculos\/css"
}
[2025-12-23 07:43:42] View criado {
    "file": "C:\\xampp\\htdocs\\skyline2\/modules\/veiculos\/views\/edit.php"
}
[2025-12-23 07:43:42] View criado {
    "file": "C:\\xampp\\htdocs\\skyline2\/modules\/veiculos\/views\/detail.php"
}
[2025-12-23 07:43:42] Router criado {
    "file": "C:\\xampp\\htdocs\\skyline2\/modules\/veiculos\/router.php"
}
[2025-12-23 07:43:42] Index View criado {
    "file": "C:\\xampp\\htdocs\\skyline2\/modules\/veiculos\/views\/index.php"
}
[2025-12-23 07:43:42] JS criado {
    "file": "C:\\xampp\\htdocs\\skyline2\/modules\/veiculos\/js\/veiculos.js"
}
[2025-12-23 07:43:42] CSS criado {
    "file": "C:\\xampp\\htdocs\\skyline2\/modules\/veiculos\/css\/veiculos.css"
}
[2025-12-23 07:43:42] Módulo gerado {
    "module": "veiculos"
}
[2025-12-23 07:51:49] Arquivo de metadata deletado {
    "file": "C:\\xampp\\htdocs\\skyline2\\metadata\/clientes.json"
}
[2025-12-23 07:51:49] Arquivo de metadata deletado {
    "file": "C:\\xampp\\htdocs\\skyline2\\metadata\/itens_servico.json"
}
[2025-12-23 07:51:49] Arquivo de metadata deletado {
    "file": "C:\\xampp\\htdocs\\skyline2\\metadata\/servicos.json"
}
[2025-12-23 07:51:49] Arquivo de metadata deletado {
    "file": "C:\\xampp\\htdocs\\skyline2\\metadata\/veiculos.json"
}
[2025-12-23 07:51:49] Arquivo de metadata salvo. {
    "table": "clientes"
}
[2025-12-23 07:51:49] Arquivo de metadata salvo. {
    "table": "itens_servico"
}
[2025-12-23 07:51:49] Arquivo de metadata salvo. {
    "table": "servicos"
}
[2025-12-23 07:51:49] Arquivo de metadata salvo. {
    "table": "veiculos"
}
[2025-12-23 07:57:22] Relacionamento items criado {
    "parent": "servicos",
    "child": "itens_servico",
    "foreign_key": "servico_id"
}
[2025-12-23 07:57:22] Relacionamento items criado {
    "parent": "clientes",
    "child": "veiculos",
    "foreign_key": "cliente_id"
}
[2025-12-23 08:45:29] Tentando atualizar registro {
    "modulo": "clientes",
    "data": {
        "id": "7",
        "nome": "NATAAAAAAAAL",
        "telefone": "ta editando",
        "endereco": "ofdasse",
        "bairro": "funcionaaa",
        "cidade": "f",
        "cpf_cnpj": "f"
    }
}
[2025-12-23 08:45:29] UPDATE executado {
    "modulo": "clientes",
    "id": "7"
}
[2025-12-23 08:45:29] Tentando atualizar registro {
    "modulo": "veiculos",
    "data": {
        "id": "33",
        "cliente_id": "7",
        "placa": "talvezestee",
        "modelo": "teste",
        "cor": "teste",
        "combustivel": "teste2",
        "ano": "1950"
    }
}
[2025-12-23 08:45:29] UPDATE executado {
    "modulo": "veiculos",
    "id": "33"
}
[2025-12-23 08:45:29] Tentando atualizar registro {
    "modulo": "veiculos",
    "data": {
        "id": "34",
        "cliente_id": "7",
        "placa": "teste3",
        "modelo": "teste",
        "cor": "teste",
        "combustivel": "teste",
        "ano": "2000"
    }
}
[2025-12-23 08:45:29] UPDATE executado {
    "modulo": "veiculos",
    "id": "34"
}
[2025-12-23 08:45:34] Tentando atualizar registro {
    "modulo": "clientes",
    "data": {
        "id": "7",
        "nome": "NATAAAAAAAAL",
        "telefone": "ta editando",
        "endereco": "ofdasse",
        "bairro": "funcionaaa",
        "cidade": "f",
        "cpf_cnpj": "f"
    }
}
[2025-12-23 08:45:34] UPDATE executado {
    "modulo": "clientes",
    "id": "7"
}
[2025-12-23 08:45:34] Tentando atualizar registro {
    "modulo": "veiculos",
    "data": {
        "id": "33",
        "cliente_id": "7",
        "placa": "talvezesteeeee",
        "modelo": "teste",
        "cor": "teste",
        "combustivel": "teste2",
        "ano": "1950"
    }
}
[2025-12-23 08:45:34] UPDATE executado {
    "modulo": "veiculos",
    "id": "33"
}
[2025-12-23 08:45:34] Tentando atualizar registro {
    "modulo": "veiculos",
    "data": {
        "id": "34",
        "cliente_id": "7",
        "placa": "teste3",
        "modelo": "teste",
        "cor": "teste",
        "combustivel": "teste",
        "ano": "2000"
    }
}
[2025-12-23 08:45:34] UPDATE executado {
    "modulo": "veiculos",
    "id": "34"
}
[2025-12-23 08:48:02] Tentando atualizar registro {
    "modulo": "clientes",
    "data": {
        "id": "7",
        "nome": "NATAAAAAAAAL",
        "telefone": "ta editando",
        "endereco": "ofdasse",
        "bairro": "funcionaaa",
        "cidade": "f",
        "cpf_cnpj": "f"
    }
}
[2025-12-23 08:48:02] UPDATE executado {
    "modulo": "clientes",
    "id": "7"
}
[2025-12-23 08:52:01] Tentando atualizar registro {
    "modulo": "clientes",
    "data": {
        "id": "7",
        "nome": "NATAAAAAAAAL",
        "telefone": "ta editando",
        "endereco": "ofdasse",
        "bairro": "funcionaaa",
        "cidade": "f",
        "cpf_cnpj": "f"
    }
}
[2025-12-23 08:52:01] UPDATE executado {
    "modulo": "clientes",
    "id": "7"
}
[2025-12-23 08:52:01] Tentando atualizar registro {
    "modulo": "veiculos",
    "data": {
        "id": "33",
        "cliente_id": "7",
        "placa": "talvezesteeee",
        "modelo": "teste",
        "cor": "teste",
        "combustivel": "teste2",
        "ano": "1950"
    }
}
[2025-12-23 08:52:01] UPDATE executado {
    "modulo": "veiculos",
    "id": "33"
}
[2025-12-23 08:52:01] Tentando atualizar registro {
    "modulo": "veiculos",
    "data": {
        "id": "34",
        "cliente_id": "7",
        "placa": "teste3",
        "modelo": "teste",
        "cor": "teste",
        "combustivel": "teste",
        "ano": "2000"
    }
}
[2025-12-23 08:52:01] UPDATE executado {
    "modulo": "veiculos",
    "id": "34"
}
[2025-12-23 08:52:07] Tentando atualizar registro {
    "modulo": "clientes",
    "data": {
        "id": "7",
        "nome": "NATAAAAAAAAL",
        "telefone": "ta editando",
        "endereco": "ofdasse",
        "bairro": "funcionaaa",
        "cidade": "f",
        "cpf_cnpj": "f"
    }
}
[2025-12-23 08:52:07] UPDATE executado {
    "modulo": "clientes",
    "id": "7"
}
[2025-12-23 08:52:07] Tentando atualizar registro {
    "modulo": "veiculos",
    "data": {
        "id": "33",
        "cliente_id": "7",
        "placa": "talvezestee",
        "modelo": "teste",
        "cor": "teste",
        "combustivel": "teste2",
        "ano": "1950"
    }
}
[2025-12-23 08:52:07] UPDATE executado {
    "modulo": "veiculos",
    "id": "33"
}
[2025-12-23 08:52:07] Tentando atualizar registro {
    "modulo": "veiculos",
    "data": {
        "id": "34",
        "cliente_id": "7",
        "placa": "teste3",
        "modelo": "teste",
        "cor": "teste",
        "combustivel": "teste",
        "ano": "2000"
    }
}
[2025-12-23 08:52:07] UPDATE executado {
    "modulo": "veiculos",
    "id": "34"
}
[2025-12-23 08:53:27] Tentando atualizar registro {
    "modulo": "clientes",
    "data": {
        "id": "7",
        "nome": "NATAAAAAAAAL",
        "telefone": "ta editando",
        "endereco": "ofdasse",
        "bairro": "funcionaaa",
        "cidade": "f",
        "cpf_cnpj": "f"
    }
}
[2025-12-23 08:53:27] UPDATE executado {
    "modulo": "clientes",
    "id": "7"
}
[2025-12-23 08:53:27] Tentando atualizar registro {
    "modulo": "veiculos",
    "data": {
        "id": "33",
        "cliente_id": "7",
        "placa": "talvezestee",
        "modelo": "teste",
        "cor": "teste",
        "combustivel": "teste2",
        "ano": "1950"
    }
}
[2025-12-23 08:53:27] UPDATE executado {
    "modulo": "veiculos",
    "id": "33"
}
[2025-12-23 08:53:27] Tentando atualizar registro {
    "modulo": "veiculos",
    "data": {
        "id": "34",
        "cliente_id": "7",
        "placa": "teste3",
        "modelo": "teste",
        "cor": "teste",
        "combustivel": "teste",
        "ano": "2000"
    }
}
[2025-12-23 08:53:27] UPDATE executado {
    "modulo": "veiculos",
    "id": "34"
}
[2025-12-23 08:54:56] Tentando atualizar registro {
    "modulo": "clientes",
    "data": {
        "id": "7",
        "nome": "NATAAAAAAAAL",
        "telefone": "ta editando",
        "endereco": "ofdasse",
        "bairro": "funcionaaa",
        "cidade": "f",
        "cpf_cnpj": "f"
    }
}
[2025-12-23 08:54:56] UPDATE resultado {
    "modulo": "clientes",
    "id": "7",
    "rows": 0,
    "sql": "UPDATE clientes SET nome = ?, telefone = ?, endereco = ?, bairro = ?, cidade = ?, cpf_cnpj = ? WHERE id = ?"
}
[2025-12-23 08:54:56] Tentando atualizar registro {
    "modulo": "veiculos",
    "data": {
        "id": "33",
        "cliente_id": "7",
        "placa": "talvezesteee",
        "modelo": "teste",
        "cor": "teste",
        "combustivel": "teste2",
        "ano": "1950"
    }
}
[2025-12-23 08:54:56] UPDATE resultado {
    "modulo": "veiculos",
    "id": "33",
    "rows": 0,
    "sql": "UPDATE veiculos SET cliente_id = ?, placa = ?, modelo = ?, cor = ?, combustivel = ?, ano = ? WHERE id = ?"
}
[2025-12-23 08:54:56] Tentando atualizar registro {
    "modulo": "veiculos",
    "data": {
        "id": "34",
        "cliente_id": "7",
        "placa": "teste3",
        "modelo": "teste",
        "cor": "teste",
        "combustivel": "teste",
        "ano": "2000"
    }
}
[2025-12-23 08:54:56] UPDATE resultado {
    "modulo": "veiculos",
    "id": "34",
    "rows": 0,
    "sql": "UPDATE veiculos SET cliente_id = ?, placa = ?, modelo = ?, cor = ?, combustivel = ?, ano = ? WHERE id = ?"
}
[2025-12-23 08:56:32] Tentando atualizar registro {
    "modulo": "clientes",
    "data": {
        "id": "7",
        "nome": "NATAAAAAAAAL",
        "telefone": "ta editando",
        "endereco": "ofdasse",
        "bairro": "funcionaaa",
        "cidade": "f",
        "cpf_cnpj": "f"
    }
}
[2025-12-23 08:56:32] UPDATE resultado {
    "modulo": "clientes",
    "id": "7",
    "rows": 0,
    "sql": "UPDATE clientes SET nome = ?, telefone = ?, endereco = ?, bairro = ?, cidade = ?, cpf_cnpj = ? WHERE id = ?",
    "values": [
        "NATAAAAAAAAL",
        "ta editando",
        "ofdasse",
        "funcionaaa",
        "f",
        "f",
        "7"
    ]
}
[2025-12-23 08:56:32] Tentando atualizar registro {
    "modulo": "veiculos",
    "data": {
        "id": "33",
        "cliente_id": "7",
        "placa": "talvezestee",
        "modelo": "teste",
        "cor": "teste",
        "combustivel": "teste2",
        "ano": "1950"
    }
}
[2025-12-23 08:56:32] UPDATE resultado {
    "modulo": "veiculos",
    "id": "33",
    "rows": 0,
    "sql": "UPDATE veiculos SET cliente_id = ?, placa = ?, modelo = ?, cor = ?, combustivel = ?, ano = ? WHERE id = ?",
    "values": [
        "7",
        "talvezestee",
        "teste",
        "teste",
        "teste2",
        "1950",
        "33"
    ]
}
[2025-12-23 08:56:32] Tentando atualizar registro {
    "modulo": "veiculos",
    "data": {
        "id": "34",
        "cliente_id": "7",
        "placa": "teste3",
        "modelo": "teste",
        "cor": "teste",
        "combustivel": "teste",
        "ano": "2000"
    }
}
[2025-12-23 08:56:32] UPDATE resultado {
    "modulo": "veiculos",
    "id": "34",
    "rows": 0,
    "sql": "UPDATE veiculos SET cliente_id = ?, placa = ?, modelo = ?, cor = ?, combustivel = ?, ano = ? WHERE id = ?",
    "values": [
        "7",
        "teste3",
        "teste",
        "teste",
        "teste",
        "2000",
        "34"
    ]
}
[2025-12-23 08:58:28] Tentando atualizar registro {
    "modulo": "clientes",
    "data": {
        "id": "7",
        "nome": "NATAAAAAAAAL",
        "telefone": "ta editando",
        "endereco": "ofdasse",
        "bairro": "funcionaaa",
        "cidade": "f",
        "cpf_cnpj": "f"
    }
}
[2025-12-23 08:58:28] UPDATE resultado {
    "modulo": "clientes",
    "id": "7",
    "rows": 0,
    "sql": "UPDATE clientes SET nome = ?, telefone = ?, endereco = ?, bairro = ?, cidade = ?, cpf_cnpj = ? WHERE id = ?",
    "values": [
        "NATAAAAAAAAL",
        "ta editando",
        "ofdasse",
        "funcionaaa",
        "f",
        "f",
        "7"
    ]
}
[2025-12-23 08:58:28] Tentando atualizar registro {
    "modulo": "veiculos",
    "data": {
        "id": "33",
        "cliente_id": "7",
        "placa": "cara....",
        "modelo": "teste",
        "cor": "teste",
        "combustivel": "teste2",
        "ano": "1950"
    }
}
[2025-12-23 08:58:28] UPDATE resultado {
    "modulo": "veiculos",
    "id": "33",
    "rows": 1,
    "sql": "UPDATE veiculos SET cliente_id = ?, placa = ?, modelo = ?, cor = ?, combustivel = ?, ano = ? WHERE id = ?",
    "values": [
        "7",
        "cara....",
        "teste",
        "teste",
        "teste2",
        "1950",
        "33"
    ]
}
[2025-12-23 08:58:28] Tentando atualizar registro {
    "modulo": "veiculos",
    "data": {
        "id": "34",
        "cliente_id": "7",
        "placa": "teste3",
        "modelo": "teste",
        "cor": "teste",
        "combustivel": "teste",
        "ano": "2000"
    }
}
[2025-12-23 08:58:28] UPDATE resultado {
    "modulo": "veiculos",
    "id": "34",
    "rows": 0,
    "sql": "UPDATE veiculos SET cliente_id = ?, placa = ?, modelo = ?, cor = ?, combustivel = ?, ano = ? WHERE id = ?",
    "values": [
        "7",
        "teste3",
        "teste",
        "teste",
        "teste",
        "2000",
        "34"
    ]
}
[2025-12-23 09:18:35] Módulo removido {
    "module": "clientes"
}
[2025-12-23 09:18:35] Módulo removido {
    "module": "itens_servico"
}
[2025-12-23 09:18:35] Módulo removido {
    "module": "servicos"
}
[2025-12-23 09:18:35] Módulo removido {
    "module": "veiculos"
}
[2025-12-23 09:18:35] Pasta criada {
    "path": "C:\\xampp\\htdocs\\skyline2\/modules\/clientes"
}
[2025-12-23 09:18:35] Pasta criada {
    "path": "C:\\xampp\\htdocs\\skyline2\/modules\/clientes\/views"
}
[2025-12-23 09:18:35] Pasta criada {
    "path": "C:\\xampp\\htdocs\\skyline2\/modules\/clientes\/js"
}
[2025-12-23 09:18:35] Pasta criada {
    "path": "C:\\xampp\\htdocs\\skyline2\/modules\/clientes\/css"
}
[2025-12-23 09:18:35] View criado {
    "file": "C:\\xampp\\htdocs\\skyline2\/modules\/clientes\/views\/edit.php"
}
[2025-12-23 09:18:35] View criado {
    "file": "C:\\xampp\\htdocs\\skyline2\/modules\/clientes\/views\/detail.php"
}
[2025-12-23 09:18:35] Router criado {
    "file": "C:\\xampp\\htdocs\\skyline2\/modules\/clientes\/router.php"
}
[2025-12-23 09:18:35] Index View criado {
    "file": "C:\\xampp\\htdocs\\skyline2\/modules\/clientes\/views\/index.php"
}
[2025-12-23 09:18:35] JS criado {
    "file": "C:\\xampp\\htdocs\\skyline2\/modules\/clientes\/js\/clientes.js"
}
[2025-12-23 09:18:35] CSS criado {
    "file": "C:\\xampp\\htdocs\\skyline2\/modules\/clientes\/css\/clientes.css"
}
[2025-12-23 09:18:35] Módulo gerado {
    "module": "clientes"
}
[2025-12-23 09:18:35] Pasta criada {
    "path": "C:\\xampp\\htdocs\\skyline2\/modules\/itens_servico"
}
[2025-12-23 09:18:35] Pasta criada {
    "path": "C:\\xampp\\htdocs\\skyline2\/modules\/itens_servico\/views"
}
[2025-12-23 09:18:35] Pasta criada {
    "path": "C:\\xampp\\htdocs\\skyline2\/modules\/itens_servico\/js"
}
[2025-12-23 09:18:35] Pasta criada {
    "path": "C:\\xampp\\htdocs\\skyline2\/modules\/itens_servico\/css"
}
[2025-12-23 09:18:35] View criado {
    "file": "C:\\xampp\\htdocs\\skyline2\/modules\/itens_servico\/views\/edit.php"
}
[2025-12-23 09:18:35] View criado {
    "file": "C:\\xampp\\htdocs\\skyline2\/modules\/itens_servico\/views\/detail.php"
}
[2025-12-23 09:18:35] Router criado {
    "file": "C:\\xampp\\htdocs\\skyline2\/modules\/itens_servico\/router.php"
}
[2025-12-23 09:18:35] Index View criado {
    "file": "C:\\xampp\\htdocs\\skyline2\/modules\/itens_servico\/views\/index.php"
}
[2025-12-23 09:18:35] JS criado {
    "file": "C:\\xampp\\htdocs\\skyline2\/modules\/itens_servico\/js\/itens_servico.js"
}
[2025-12-23 09:18:35] CSS criado {
    "file": "C:\\xampp\\htdocs\\skyline2\/modules\/itens_servico\/css\/itens_servico.css"
}
[2025-12-23 09:18:35] Módulo gerado {
    "module": "itens_servico"
}
[2025-12-23 09:18:35] Pasta criada {
    "path": "C:\\xampp\\htdocs\\skyline2\/modules\/servicos"
}
[2025-12-23 09:18:35] Pasta criada {
    "path": "C:\\xampp\\htdocs\\skyline2\/modules\/servicos\/views"
}
[2025-12-23 09:18:35] Pasta criada {
    "path": "C:\\xampp\\htdocs\\skyline2\/modules\/servicos\/js"
}
[2025-12-23 09:18:35] Pasta criada {
    "path": "C:\\xampp\\htdocs\\skyline2\/modules\/servicos\/css"
}
[2025-12-23 09:18:35] View criado {
    "file": "C:\\xampp\\htdocs\\skyline2\/modules\/servicos\/views\/edit.php"
}
[2025-12-23 09:18:35] View criado {
    "file": "C:\\xampp\\htdocs\\skyline2\/modules\/servicos\/views\/detail.php"
}
[2025-12-23 09:18:35] Router criado {
    "file": "C:\\xampp\\htdocs\\skyline2\/modules\/servicos\/router.php"
}
[2025-12-23 09:18:35] Index View criado {
    "file": "C:\\xampp\\htdocs\\skyline2\/modules\/servicos\/views\/index.php"
}
[2025-12-23 09:18:35] JS criado {
    "file": "C:\\xampp\\htdocs\\skyline2\/modules\/servicos\/js\/servicos.js"
}
[2025-12-23 09:18:35] CSS criado {
    "file": "C:\\xampp\\htdocs\\skyline2\/modules\/servicos\/css\/servicos.css"
}
[2025-12-23 09:18:35] Módulo gerado {
    "module": "servicos"
}
[2025-12-23 09:18:35] Pasta criada {
    "path": "C:\\xampp\\htdocs\\skyline2\/modules\/veiculos"
}
[2025-12-23 09:18:35] Pasta criada {
    "path": "C:\\xampp\\htdocs\\skyline2\/modules\/veiculos\/views"
}
[2025-12-23 09:18:35] Pasta criada {
    "path": "C:\\xampp\\htdocs\\skyline2\/modules\/veiculos\/js"
}
[2025-12-23 09:18:35] Pasta criada {
    "path": "C:\\xampp\\htdocs\\skyline2\/modules\/veiculos\/css"
}
[2025-12-23 09:18:35] View criado {
    "file": "C:\\xampp\\htdocs\\skyline2\/modules\/veiculos\/views\/edit.php"
}
[2025-12-23 09:18:35] View criado {
    "file": "C:\\xampp\\htdocs\\skyline2\/modules\/veiculos\/views\/detail.php"
}
[2025-12-23 09:18:35] Router criado {
    "file": "C:\\xampp\\htdocs\\skyline2\/modules\/veiculos\/router.php"
}
[2025-12-23 09:18:35] Index View criado {
    "file": "C:\\xampp\\htdocs\\skyline2\/modules\/veiculos\/views\/index.php"
}
[2025-12-23 09:18:35] JS criado {
    "file": "C:\\xampp\\htdocs\\skyline2\/modules\/veiculos\/js\/veiculos.js"
}
[2025-12-23 09:18:35] CSS criado {
    "file": "C:\\xampp\\htdocs\\skyline2\/modules\/veiculos\/css\/veiculos.css"
}
[2025-12-23 09:18:35] Módulo gerado {
    "module": "veiculos"
}
[2025-12-23 13:19:08] Arquivo de metadata deletado {
    "file": "C:\\xampp\\htdocs\\Gustavo\\skyline2\\metadata\/clientes.json"
}
[2025-12-23 13:19:08] Arquivo de metadata deletado {
    "file": "C:\\xampp\\htdocs\\Gustavo\\skyline2\\metadata\/itens_servico.json"
}
[2025-12-23 13:19:08] Arquivo de metadata deletado {
    "file": "C:\\xampp\\htdocs\\Gustavo\\skyline2\\metadata\/servicos.json"
}
[2025-12-23 13:19:08] Arquivo de metadata deletado {
    "file": "C:\\xampp\\htdocs\\Gustavo\\skyline2\\metadata\/veiculos.json"
}
[2025-12-23 13:19:08] Arquivo de metadata salvo. {
    "table": "clientes"
}
[2025-12-23 13:19:09] Arquivo de metadata salvo. {
    "table": "pedidos"
}
[2025-12-23 13:19:09] Arquivo de metadata salvo. {
    "table": "task_comments"
}
[2025-12-23 13:19:09] Arquivo de metadata salvo. {
    "table": "tasks"
}
[2025-12-23 13:19:09] Arquivo de metadata salvo. {
    "table": "veiculos"
}
[2025-12-23 13:19:13] Relacionamento items criado {
    "parent": "clientes",
    "child": "pedidos",
    "foreign_key": "cliente_id"
}
[2025-12-23 13:19:13] Relacionamento items criado {
    "parent": "tasks",
    "child": "task_comments",
    "foreign_key": "task_id"
}
[2025-12-23 13:19:13] Relacionamento items criado {
    "parent": "clientes",
    "child": "veiculos",
    "foreign_key": "cliente_id"
}
[2025-12-23 13:19:14] Módulo removido {
    "module": "clientes"
}
[2025-12-23 13:19:14] Módulo removido {
    "module": "itens_servico"
}
[2025-12-23 13:19:14] Módulo removido {
    "module": "servicos"
}
[2025-12-23 13:19:14] Módulo removido {
    "module": "veiculos"
}
[2025-12-23 13:19:14] Pasta criada {
    "path": "C:\\xampp\\htdocs\\Gustavo\\skyline2\/modules\/clientes"
}
[2025-12-23 13:19:14] Pasta criada {
    "path": "C:\\xampp\\htdocs\\Gustavo\\skyline2\/modules\/clientes\/views"
}
[2025-12-23 13:19:14] Pasta criada {
    "path": "C:\\xampp\\htdocs\\Gustavo\\skyline2\/modules\/clientes\/js"
}
[2025-12-23 13:19:14] Pasta criada {
    "path": "C:\\xampp\\htdocs\\Gustavo\\skyline2\/modules\/clientes\/css"
}
[2025-12-23 13:19:14] View criado {
    "file": "C:\\xampp\\htdocs\\Gustavo\\skyline2\/modules\/clientes\/views\/edit.php"
}
[2025-12-23 13:19:14] View criado {
    "file": "C:\\xampp\\htdocs\\Gustavo\\skyline2\/modules\/clientes\/views\/detail.php"
}
[2025-12-23 13:19:14] Router criado {
    "file": "C:\\xampp\\htdocs\\Gustavo\\skyline2\/modules\/clientes\/router.php"
}
[2025-12-23 13:19:15] Index View criado {
    "file": "C:\\xampp\\htdocs\\Gustavo\\skyline2\/modules\/clientes\/views\/index.php"
}
[2025-12-23 13:19:15] JS criado {
    "file": "C:\\xampp\\htdocs\\Gustavo\\skyline2\/modules\/clientes\/js\/clientes.js"
}
[2025-12-23 13:19:15] CSS criado {
    "file": "C:\\xampp\\htdocs\\Gustavo\\skyline2\/modules\/clientes\/css\/clientes.css"
}
[2025-12-23 13:19:15] Módulo gerado {
    "module": "clientes"
}
[2025-12-23 13:19:15] Pasta criada {
    "path": "C:\\xampp\\htdocs\\Gustavo\\skyline2\/modules\/pedidos"
}
[2025-12-23 13:19:15] Pasta criada {
    "path": "C:\\xampp\\htdocs\\Gustavo\\skyline2\/modules\/pedidos\/views"
}
[2025-12-23 13:19:15] Pasta criada {
    "path": "C:\\xampp\\htdocs\\Gustavo\\skyline2\/modules\/pedidos\/js"
}
[2025-12-23 13:19:15] Pasta criada {
    "path": "C:\\xampp\\htdocs\\Gustavo\\skyline2\/modules\/pedidos\/css"
}
[2025-12-23 13:19:15] View criado {
    "file": "C:\\xampp\\htdocs\\Gustavo\\skyline2\/modules\/pedidos\/views\/edit.php"
}
[2025-12-23 13:19:15] View criado {
    "file": "C:\\xampp\\htdocs\\Gustavo\\skyline2\/modules\/pedidos\/views\/detail.php"
}
[2025-12-23 13:19:15] Router criado {
    "file": "C:\\xampp\\htdocs\\Gustavo\\skyline2\/modules\/pedidos\/router.php"
}
[2025-12-23 13:19:15] Index View criado {
    "file": "C:\\xampp\\htdocs\\Gustavo\\skyline2\/modules\/pedidos\/views\/index.php"
}
[2025-12-23 13:19:15] JS criado {
    "file": "C:\\xampp\\htdocs\\Gustavo\\skyline2\/modules\/pedidos\/js\/pedidos.js"
}
[2025-12-23 13:19:15] CSS criado {
    "file": "C:\\xampp\\htdocs\\Gustavo\\skyline2\/modules\/pedidos\/css\/pedidos.css"
}
[2025-12-23 13:19:15] Módulo gerado {
    "module": "pedidos"
}
[2025-12-23 13:19:15] Pasta criada {
    "path": "C:\\xampp\\htdocs\\Gustavo\\skyline2\/modules\/task_comments"
}
[2025-12-23 13:19:15] Pasta criada {
    "path": "C:\\xampp\\htdocs\\Gustavo\\skyline2\/modules\/task_comments\/views"
}
[2025-12-23 13:19:15] Pasta criada {
    "path": "C:\\xampp\\htdocs\\Gustavo\\skyline2\/modules\/task_comments\/js"
}
[2025-12-23 13:19:15] Pasta criada {
    "path": "C:\\xampp\\htdocs\\Gustavo\\skyline2\/modules\/task_comments\/css"
}
[2025-12-23 13:19:15] View criado {
    "file": "C:\\xampp\\htdocs\\Gustavo\\skyline2\/modules\/task_comments\/views\/edit.php"
}
[2025-12-23 13:19:15] View criado {
    "file": "C:\\xampp\\htdocs\\Gustavo\\skyline2\/modules\/task_comments\/views\/detail.php"
}
[2025-12-23 13:19:15] Router criado {
    "file": "C:\\xampp\\htdocs\\Gustavo\\skyline2\/modules\/task_comments\/router.php"
}
[2025-12-23 13:19:15] Index View criado {
    "file": "C:\\xampp\\htdocs\\Gustavo\\skyline2\/modules\/task_comments\/views\/index.php"
}
[2025-12-23 13:19:15] JS criado {
    "file": "C:\\xampp\\htdocs\\Gustavo\\skyline2\/modules\/task_comments\/js\/task_comments.js"
}
[2025-12-23 13:19:15] CSS criado {
    "file": "C:\\xampp\\htdocs\\Gustavo\\skyline2\/modules\/task_comments\/css\/task_comments.css"
}
[2025-12-23 13:19:15] Módulo gerado {
    "module": "task_comments"
}
[2025-12-23 13:19:15] Pasta criada {
    "path": "C:\\xampp\\htdocs\\Gustavo\\skyline2\/modules\/tasks"
}
[2025-12-23 13:19:15] Pasta criada {
    "path": "C:\\xampp\\htdocs\\Gustavo\\skyline2\/modules\/tasks\/views"
}
[2025-12-23 13:19:15] Pasta criada {
    "path": "C:\\xampp\\htdocs\\Gustavo\\skyline2\/modules\/tasks\/js"
}
[2025-12-23 13:19:15] Pasta criada {
    "path": "C:\\xampp\\htdocs\\Gustavo\\skyline2\/modules\/tasks\/css"
}
[2025-12-23 13:19:15] View criado {
    "file": "C:\\xampp\\htdocs\\Gustavo\\skyline2\/modules\/tasks\/views\/edit.php"
}
[2025-12-23 13:19:15] View criado {
    "file": "C:\\xampp\\htdocs\\Gustavo\\skyline2\/modules\/tasks\/views\/detail.php"
}
[2025-12-23 13:19:15] Router criado {
    "file": "C:\\xampp\\htdocs\\Gustavo\\skyline2\/modules\/tasks\/router.php"
}
[2025-12-23 13:19:15] Index View criado {
    "file": "C:\\xampp\\htdocs\\Gustavo\\skyline2\/modules\/tasks\/views\/index.php"
}
[2025-12-23 13:19:15] JS criado {
    "file": "C:\\xampp\\htdocs\\Gustavo\\skyline2\/modules\/tasks\/js\/tasks.js"
}
[2025-12-23 13:19:15] CSS criado {
    "file": "C:\\xampp\\htdocs\\Gustavo\\skyline2\/modules\/tasks\/css\/tasks.css"
}
[2025-12-23 13:19:15] Módulo gerado {
    "module": "tasks"
}
[2025-12-23 13:19:15] Pasta criada {
    "path": "C:\\xampp\\htdocs\\Gustavo\\skyline2\/modules\/veiculos"
}
[2025-12-23 13:19:15] Pasta criada {
    "path": "C:\\xampp\\htdocs\\Gustavo\\skyline2\/modules\/veiculos\/views"
}
[2025-12-23 13:19:15] Pasta criada {
    "path": "C:\\xampp\\htdocs\\Gustavo\\skyline2\/modules\/veiculos\/js"
}
[2025-12-23 13:19:15] Pasta criada {
    "path": "C:\\xampp\\htdocs\\Gustavo\\skyline2\/modules\/veiculos\/css"
}
[2025-12-23 13:19:15] View criado {
    "file": "C:\\xampp\\htdocs\\Gustavo\\skyline2\/modules\/veiculos\/views\/edit.php"
}
[2025-12-23 13:19:15] View criado {
    "file": "C:\\xampp\\htdocs\\Gustavo\\skyline2\/modules\/veiculos\/views\/detail.php"
}
[2025-12-23 13:19:15] Router criado {
    "file": "C:\\xampp\\htdocs\\Gustavo\\skyline2\/modules\/veiculos\/router.php"
}
[2025-12-23 13:19:15] Index View criado {
    "file": "C:\\xampp\\htdocs\\Gustavo\\skyline2\/modules\/veiculos\/views\/index.php"
}
[2025-12-23 13:19:15] JS criado {
    "file": "C:\\xampp\\htdocs\\Gustavo\\skyline2\/modules\/veiculos\/js\/veiculos.js"
}
[2025-12-23 13:19:15] CSS criado {
    "file": "C:\\xampp\\htdocs\\Gustavo\\skyline2\/modules\/veiculos\/css\/veiculos.css"
}
[2025-12-23 13:19:15] Módulo gerado {
    "module": "veiculos"
}
[2025-12-23 13:20:20] Tentando atualizar registro {
    "modulo": "clientes",
    "data": {
        "id": "1",
        "nome": "test23",
        "email": "editado??",
        "telefone": "teste",
        "cpf": "teste",
        "data_cadastro": "0000-00-00 00:00:00"
    }
}
[2025-12-23 13:20:20] UPDATE resultado {
    "modulo": "clientes",
    "id": "1",
    "rows": 0,
    "sql": "UPDATE clientes SET nome = ?, email = ?, telefone = ?, cpf = ?, data_cadastro = ? WHERE id = ?",
    "values": [
        "test23",
        "editado??",
        "teste",
        "teste",
        "0000-00-00 00:00:00",
        "1"
    ]
}
[2025-12-23 13:20:20] Tentando atualizar registro {
    "modulo": "pedidos",
    "data": {
        "id": "2",
        "cliente_id": "1",
        "produto": "Mouse Logitechab",
        "quantidade": "2",
        "preco": "150.00",
        "data_pedido": "2025-12-16 14:43:38"
    }
}
[2025-12-23 13:20:20] UPDATE resultado {
    "modulo": "pedidos",
    "id": "2",
    "rows": 1,
    "sql": "UPDATE pedidos SET cliente_id = ?, produto = ?, quantidade = ?, preco = ?, data_pedido = ? WHERE id = ?",
    "values": [
        "1",
        "Mouse Logitechab",
        "2",
        "150.00",
        "2025-12-16 14:43:38",
        "2"
    ]
}
[2025-12-23 13:20:20] Tentando atualizar registro {
    "modulo": "pedidos",
    "data": {
        "id": "5",
        "cliente_id": "1",
        "produto": "Teclado Mecânico",
        "quantidade": "1",
        "preco": "300.00",
        "data_pedido": "0000-00-00 00:00:00"
    }
}
[2025-12-23 13:20:20] UPDATE resultado {
    "modulo": "pedidos",
    "id": "5",
    "rows": 0,
    "sql": "UPDATE pedidos SET cliente_id = ?, produto = ?, quantidade = ?, preco = ?, data_pedido = ? WHERE id = ?",
    "values": [
        "1",
        "Teclado Mecânico",
        "1",
        "300.00",
        "0000-00-00 00:00:00",
        "5"
    ]
}
[2025-12-23 13:20:20] Tentando atualizar registro {
    "modulo": "pedidos",
    "data": {
        "id": "6",
        "cliente_id": "1",
        "produto": "teste",
        "quantidade": "1",
        "preco": "900.00",
        "data_pedido": "0000-00-00 00:00:00"
    }
}
[2025-12-23 13:20:20] UPDATE resultado {
    "modulo": "pedidos",
    "id": "6",
    "rows": 0,
    "sql": "UPDATE pedidos SET cliente_id = ?, produto = ?, quantidade = ?, preco = ?, data_pedido = ? WHERE id = ?",
    "values": [
        "1",
        "teste",
        "1",
        "900.00",
        "0000-00-00 00:00:00",
        "6"
    ]
}
[2025-12-23 13:41:10] Arquivo de metadata deletado {
    "file": "C:\\xampp\\htdocs\\Gustavo\\skyline2\\metadata\/clientes.json"
}
[2025-12-23 13:41:10] Arquivo de metadata deletado {
    "file": "C:\\xampp\\htdocs\\Gustavo\\skyline2\\metadata\/pedidos.json"
}
[2025-12-23 13:41:10] Arquivo de metadata deletado {
    "file": "C:\\xampp\\htdocs\\Gustavo\\skyline2\\metadata\/task_comments.json"
}
[2025-12-23 13:41:10] Arquivo de metadata deletado {
    "file": "C:\\xampp\\htdocs\\Gustavo\\skyline2\\metadata\/tasks.json"
}
[2025-12-23 13:41:10] Arquivo de metadata deletado {
    "file": "C:\\xampp\\htdocs\\Gustavo\\skyline2\\metadata\/veiculos.json"
}
[2025-12-23 13:41:10] Arquivo de metadata salvo. {
    "table": "clientes"
}
[2025-12-23 13:41:10] Arquivo de metadata salvo. {
    "table": "pedidos"
}
[2025-12-23 13:41:10] Arquivo de metadata salvo. {
    "table": "task_comments"
}
[2025-12-23 13:41:10] Arquivo de metadata salvo. {
    "table": "tasks"
}
[2025-12-23 13:41:10] Arquivo de metadata salvo. {
    "table": "veiculos"
}
[2025-12-23 13:43:59] Arquivo de metadata deletado {
    "file": "C:\\xampp\\htdocs\\Gustavo\\skyline2\\metadata\/clientes.json"
}
[2025-12-23 13:43:59] Arquivo de metadata deletado {
    "file": "C:\\xampp\\htdocs\\Gustavo\\skyline2\\metadata\/pedidos.json"
}
[2025-12-23 13:43:59] Arquivo de metadata deletado {
    "file": "C:\\xampp\\htdocs\\Gustavo\\skyline2\\metadata\/task_comments.json"
}
[2025-12-23 13:43:59] Arquivo de metadata deletado {
    "file": "C:\\xampp\\htdocs\\Gustavo\\skyline2\\metadata\/tasks.json"
}
[2025-12-23 13:43:59] Arquivo de metadata deletado {
    "file": "C:\\xampp\\htdocs\\Gustavo\\skyline2\\metadata\/veiculos.json"
}
[2025-12-23 13:43:59] Arquivo de metadata salvo. {
    "table": "clientes"
}
[2025-12-23 13:43:59] Arquivo de metadata salvo. {
    "table": "pedidos"
}
[2025-12-23 13:43:59] Arquivo de metadata salvo. {
    "table": "task_comments"
}
[2025-12-23 13:43:59] Arquivo de metadata salvo. {
    "table": "tasks"
}
[2025-12-23 13:43:59] Arquivo de metadata salvo. {
    "table": "veiculos"
}
[2025-12-23 13:44:04] Arquivo de metadata deletado {
    "file": "C:\\xampp\\htdocs\\Gustavo\\skyline2\\metadata\/clientes.json"
}
[2025-12-23 13:44:04] Arquivo de metadata deletado {
    "file": "C:\\xampp\\htdocs\\Gustavo\\skyline2\\metadata\/pedidos.json"
}
[2025-12-23 13:44:04] Arquivo de metadata deletado {
    "file": "C:\\xampp\\htdocs\\Gustavo\\skyline2\\metadata\/task_comments.json"
}
[2025-12-23 13:44:04] Arquivo de metadata deletado {
    "file": "C:\\xampp\\htdocs\\Gustavo\\skyline2\\metadata\/tasks.json"
}
[2025-12-23 13:44:04] Arquivo de metadata deletado {
    "file": "C:\\xampp\\htdocs\\Gustavo\\skyline2\\metadata\/veiculos.json"
}
[2025-12-23 13:44:04] Arquivo de metadata salvo. {
    "table": "clientes"
}
[2025-12-23 13:44:04] Arquivo de metadata salvo. {
    "table": "pedidos"
}
[2025-12-23 13:44:04] Arquivo de metadata salvo. {
    "table": "task_comments"
}
[2025-12-23 13:44:04] Arquivo de metadata salvo. {
    "table": "tasks"
}
[2025-12-23 13:44:04] Arquivo de metadata salvo. {
    "table": "veiculos"
}
[2025-12-23 13:45:04] Arquivo de metadata deletado {
    "file": "C:\\xampp\\htdocs\\Gustavo\\skyline2\\metadata\/clientes.json"
}
[2025-12-23 13:45:04] Arquivo de metadata deletado {
    "file": "C:\\xampp\\htdocs\\Gustavo\\skyline2\\metadata\/pedidos.json"
}
[2025-12-23 13:45:04] Arquivo de metadata deletado {
    "file": "C:\\xampp\\htdocs\\Gustavo\\skyline2\\metadata\/task_comments.json"
}
[2025-12-23 13:45:04] Arquivo de metadata deletado {
    "file": "C:\\xampp\\htdocs\\Gustavo\\skyline2\\metadata\/tasks.json"
}
[2025-12-23 13:45:04] Arquivo de metadata deletado {
    "file": "C:\\xampp\\htdocs\\Gustavo\\skyline2\\metadata\/veiculos.json"
}
[2025-12-23 13:45:04] Arquivo de metadata salvo. {
    "table": "clientes"
}
[2025-12-23 13:45:04] Arquivo de metadata salvo. {
    "table": "pedidos"
}
[2025-12-23 13:45:04] Arquivo de metadata salvo. {
    "table": "task_comments"
}
[2025-12-23 13:45:04] Arquivo de metadata salvo. {
    "table": "tasks"
}
[2025-12-23 13:45:04] Arquivo de metadata salvo. {
    "table": "veiculos"
}
[2025-12-23 13:45:07] Módulo removido {
    "module": "clientes"
}
[2025-12-23 13:45:07] Módulo removido {
    "module": "pedidos"
}
[2025-12-23 13:45:07] Módulo removido {
    "module": "task_comments"
}
[2025-12-23 13:45:07] Módulo removido {
    "module": "tasks"
}
[2025-12-23 13:45:07] Módulo removido {
    "module": "veiculos"
}
[2025-12-23 13:45:07] Pasta criada {
    "path": "C:\\xampp\\htdocs\\Gustavo\\skyline2\/modules\/clientes"
}
[2025-12-23 13:45:07] Pasta criada {
    "path": "C:\\xampp\\htdocs\\Gustavo\\skyline2\/modules\/clientes\/views"
}
[2025-12-23 13:45:07] Pasta criada {
    "path": "C:\\xampp\\htdocs\\Gustavo\\skyline2\/modules\/clientes\/js"
}
[2025-12-23 13:45:07] Pasta criada {
    "path": "C:\\xampp\\htdocs\\Gustavo\\skyline2\/modules\/clientes\/css"
}
[2025-12-23 13:45:07] View criado {
    "file": "C:\\xampp\\htdocs\\Gustavo\\skyline2\/modules\/clientes\/views\/edit.php"
}
[2025-12-23 13:45:07] View criado {
    "file": "C:\\xampp\\htdocs\\Gustavo\\skyline2\/modules\/clientes\/views\/detail.php"
}
[2025-12-23 13:45:07] Router criado {
    "file": "C:\\xampp\\htdocs\\Gustavo\\skyline2\/modules\/clientes\/router.php"
}
[2025-12-23 13:45:07] Index View criado {
    "file": "C:\\xampp\\htdocs\\Gustavo\\skyline2\/modules\/clientes\/views\/index.php"
}
[2025-12-23 13:45:07] JS criado {
    "file": "C:\\xampp\\htdocs\\Gustavo\\skyline2\/modules\/clientes\/js\/clientes.js"
}
[2025-12-23 13:45:07] CSS criado {
    "file": "C:\\xampp\\htdocs\\Gustavo\\skyline2\/modules\/clientes\/css\/clientes.css"
}
[2025-12-23 13:45:07] Módulo gerado {
    "module": "clientes"
}
[2025-12-23 13:45:07] Pasta criada {
    "path": "C:\\xampp\\htdocs\\Gustavo\\skyline2\/modules\/pedidos"
}
[2025-12-23 13:45:07] Pasta criada {
    "path": "C:\\xampp\\htdocs\\Gustavo\\skyline2\/modules\/pedidos\/views"
}
[2025-12-23 13:45:07] Pasta criada {
    "path": "C:\\xampp\\htdocs\\Gustavo\\skyline2\/modules\/pedidos\/js"
}
[2025-12-23 13:45:07] Pasta criada {
    "path": "C:\\xampp\\htdocs\\Gustavo\\skyline2\/modules\/pedidos\/css"
}
[2025-12-23 13:45:07] View criado {
    "file": "C:\\xampp\\htdocs\\Gustavo\\skyline2\/modules\/pedidos\/views\/edit.php"
}
[2025-12-23 13:45:07] View criado {
    "file": "C:\\xampp\\htdocs\\Gustavo\\skyline2\/modules\/pedidos\/views\/detail.php"
}
[2025-12-23 13:45:07] Router criado {
    "file": "C:\\xampp\\htdocs\\Gustavo\\skyline2\/modules\/pedidos\/router.php"
}
[2025-12-23 13:45:07] Index View criado {
    "file": "C:\\xampp\\htdocs\\Gustavo\\skyline2\/modules\/pedidos\/views\/index.php"
}
[2025-12-23 13:45:07] JS criado {
    "file": "C:\\xampp\\htdocs\\Gustavo\\skyline2\/modules\/pedidos\/js\/pedidos.js"
}
[2025-12-23 13:45:07] CSS criado {
    "file": "C:\\xampp\\htdocs\\Gustavo\\skyline2\/modules\/pedidos\/css\/pedidos.css"
}
[2025-12-23 13:45:07] Módulo gerado {
    "module": "pedidos"
}
[2025-12-23 13:45:07] Pasta criada {
    "path": "C:\\xampp\\htdocs\\Gustavo\\skyline2\/modules\/task_comments"
}
[2025-12-23 13:45:07] Pasta criada {
    "path": "C:\\xampp\\htdocs\\Gustavo\\skyline2\/modules\/task_comments\/views"
}
[2025-12-23 13:45:07] Pasta criada {
    "path": "C:\\xampp\\htdocs\\Gustavo\\skyline2\/modules\/task_comments\/js"
}
[2025-12-23 13:45:07] Pasta criada {
    "path": "C:\\xampp\\htdocs\\Gustavo\\skyline2\/modules\/task_comments\/css"
}
[2025-12-23 13:45:07] View criado {
    "file": "C:\\xampp\\htdocs\\Gustavo\\skyline2\/modules\/task_comments\/views\/edit.php"
}
[2025-12-23 13:45:07] View criado {
    "file": "C:\\xampp\\htdocs\\Gustavo\\skyline2\/modules\/task_comments\/views\/detail.php"
}
[2025-12-23 13:45:07] Router criado {
    "file": "C:\\xampp\\htdocs\\Gustavo\\skyline2\/modules\/task_comments\/router.php"
}
[2025-12-23 13:45:07] Index View criado {
    "file": "C:\\xampp\\htdocs\\Gustavo\\skyline2\/modules\/task_comments\/views\/index.php"
}
[2025-12-23 13:45:07] JS criado {
    "file": "C:\\xampp\\htdocs\\Gustavo\\skyline2\/modules\/task_comments\/js\/task_comments.js"
}
[2025-12-23 13:45:07] CSS criado {
    "file": "C:\\xampp\\htdocs\\Gustavo\\skyline2\/modules\/task_comments\/css\/task_comments.css"
}
[2025-12-23 13:45:07] Módulo gerado {
    "module": "task_comments"
}
[2025-12-23 13:45:07] Pasta criada {
    "path": "C:\\xampp\\htdocs\\Gustavo\\skyline2\/modules\/tasks"
}
[2025-12-23 13:45:07] Pasta criada {
    "path": "C:\\xampp\\htdocs\\Gustavo\\skyline2\/modules\/tasks\/views"
}
[2025-12-23 13:45:07] Pasta criada {
    "path": "C:\\xampp\\htdocs\\Gustavo\\skyline2\/modules\/tasks\/js"
}
[2025-12-23 13:45:07] Pasta criada {
    "path": "C:\\xampp\\htdocs\\Gustavo\\skyline2\/modules\/tasks\/css"
}
[2025-12-23 13:45:07] View criado {
    "file": "C:\\xampp\\htdocs\\Gustavo\\skyline2\/modules\/tasks\/views\/edit.php"
}
[2025-12-23 13:45:07] View criado {
    "file": "C:\\xampp\\htdocs\\Gustavo\\skyline2\/modules\/tasks\/views\/detail.php"
}
[2025-12-23 13:45:07] Router criado {
    "file": "C:\\xampp\\htdocs\\Gustavo\\skyline2\/modules\/tasks\/router.php"
}
[2025-12-23 13:45:07] Index View criado {
    "file": "C:\\xampp\\htdocs\\Gustavo\\skyline2\/modules\/tasks\/views\/index.php"
}
[2025-12-23 13:45:07] JS criado {
    "file": "C:\\xampp\\htdocs\\Gustavo\\skyline2\/modules\/tasks\/js\/tasks.js"
}
[2025-12-23 13:45:07] CSS criado {
    "file": "C:\\xampp\\htdocs\\Gustavo\\skyline2\/modules\/tasks\/css\/tasks.css"
}
[2025-12-23 13:45:07] Módulo gerado {
    "module": "tasks"
}
[2025-12-23 13:45:07] Pasta criada {
    "path": "C:\\xampp\\htdocs\\Gustavo\\skyline2\/modules\/veiculos"
}
[2025-12-23 13:45:07] Pasta criada {
    "path": "C:\\xampp\\htdocs\\Gustavo\\skyline2\/modules\/veiculos\/views"
}
[2025-12-23 13:45:07] Pasta criada {
    "path": "C:\\xampp\\htdocs\\Gustavo\\skyline2\/modules\/veiculos\/js"
}
[2025-12-23 13:45:07] Pasta criada {
    "path": "C:\\xampp\\htdocs\\Gustavo\\skyline2\/modules\/veiculos\/css"
}
[2025-12-23 13:45:07] View criado {
    "file": "C:\\xampp\\htdocs\\Gustavo\\skyline2\/modules\/veiculos\/views\/edit.php"
}
[2025-12-23 13:45:07] View criado {
    "file": "C:\\xampp\\htdocs\\Gustavo\\skyline2\/modules\/veiculos\/views\/detail.php"
}
[2025-12-23 13:45:07] Router criado {
    "file": "C:\\xampp\\htdocs\\Gustavo\\skyline2\/modules\/veiculos\/router.php"
}
[2025-12-23 13:45:07] Index View criado {
    "file": "C:\\xampp\\htdocs\\Gustavo\\skyline2\/modules\/veiculos\/views\/index.php"
}
[2025-12-23 13:45:07] JS criado {
    "file": "C:\\xampp\\htdocs\\Gustavo\\skyline2\/modules\/veiculos\/js\/veiculos.js"
}
[2025-12-23 13:45:07] CSS criado {
    "file": "C:\\xampp\\htdocs\\Gustavo\\skyline2\/modules\/veiculos\/css\/veiculos.css"
}
[2025-12-23 13:45:07] Módulo gerado {
    "module": "veiculos"
}
[2025-12-23 13:45:10] Relacionamento items criado {
    "parent": "clientes",
    "child": "pedidos",
    "foreign_key": "cliente_id"
}
[2025-12-23 13:45:10] Relacionamento items criado {
    "parent": "tasks",
    "child": "task_comments",
    "foreign_key": "task_id"
}
[2025-12-23 13:45:10] Relacionamento items criado {
    "parent": "clientes",
    "child": "veiculos",
    "foreign_key": "cliente_id"
}
[2026-01-05 14:56:38] Arquivo de metadata deletado {
    "file": "C:\\xampp\\htdocs\\Gustavo\\skyline2\\metadata\/clientes.json"
}
[2026-01-05 14:56:38] Arquivo de metadata deletado {
    "file": "C:\\xampp\\htdocs\\Gustavo\\skyline2\\metadata\/pedidos.json"
}
[2026-01-05 14:56:38] Arquivo de metadata deletado {
    "file": "C:\\xampp\\htdocs\\Gustavo\\skyline2\\metadata\/reports.json"
}
[2026-01-05 14:56:38] Arquivo de metadata deletado {
    "file": "C:\\xampp\\htdocs\\Gustavo\\skyline2\\metadata\/task_comments.json"
}
[2026-01-05 14:56:38] Arquivo de metadata deletado {
    "file": "C:\\xampp\\htdocs\\Gustavo\\skyline2\\metadata\/tasks.json"
}
[2026-01-05 14:56:38] Arquivo de metadata deletado {
    "file": "C:\\xampp\\htdocs\\Gustavo\\skyline2\\metadata\/veiculos.json"
}
[2026-01-05 15:01:32] Arquivo de metadata salvo. {
    "table": "categorias"
}
[2026-01-05 15:01:32] Arquivo de metadata salvo. {
    "table": "produtos"
}
[2026-01-05 15:01:32] Arquivo de metadata salvo. {
    "table": "usuarios"
}
[2026-01-05 15:01:40] Módulo removido {
    "module": "clientes"
}
[2026-01-05 15:01:40] Módulo removido {
    "module": "pedidos"
}
[2026-01-05 15:01:40] Módulo removido {
    "module": "task_comments"
}
[2026-01-05 15:01:40] Módulo removido {
    "module": "tasks"
}
[2026-01-05 15:01:40] Módulo removido {
    "module": "veiculos"
}
[2026-01-05 15:01:40] Pasta criada {
    "path": "C:\\xampp\\htdocs\\Gustavo\\skyline2\/modules\/categorias"
}
[2026-01-05 15:01:40] Pasta criada {
    "path": "C:\\xampp\\htdocs\\Gustavo\\skyline2\/modules\/categorias\/views"
}
[2026-01-05 15:01:40] Pasta criada {
    "path": "C:\\xampp\\htdocs\\Gustavo\\skyline2\/modules\/categorias\/js"
}
[2026-01-05 15:01:40] Pasta criada {
    "path": "C:\\xampp\\htdocs\\Gustavo\\skyline2\/modules\/categorias\/css"
}
[2026-01-05 15:01:40] View criado {
    "file": "C:\\xampp\\htdocs\\Gustavo\\skyline2\/modules\/categorias\/views\/edit.php"
}
[2026-01-05 15:01:40] View criado {
    "file": "C:\\xampp\\htdocs\\Gustavo\\skyline2\/modules\/categorias\/views\/detail.php"
}
[2026-01-05 15:01:40] Router criado {
    "file": "C:\\xampp\\htdocs\\Gustavo\\skyline2\/modules\/categorias\/router.php"
}
[2026-01-05 15:01:40] Index View criado {
    "file": "C:\\xampp\\htdocs\\Gustavo\\skyline2\/modules\/categorias\/views\/index.php"
}
[2026-01-05 15:01:40] JS criado {
    "file": "C:\\xampp\\htdocs\\Gustavo\\skyline2\/modules\/categorias\/js\/categorias.js"
}
[2026-01-05 15:01:40] CSS criado {
    "file": "C:\\xampp\\htdocs\\Gustavo\\skyline2\/modules\/categorias\/css\/categorias.css"
}
[2026-01-05 15:01:40] Módulo gerado {
    "module": "categorias"
}
[2026-01-05 15:01:40] Pasta criada {
    "path": "C:\\xampp\\htdocs\\Gustavo\\skyline2\/modules\/produtos"
}
[2026-01-05 15:01:40] Pasta criada {
    "path": "C:\\xampp\\htdocs\\Gustavo\\skyline2\/modules\/produtos\/views"
}
[2026-01-05 15:01:40] Pasta criada {
    "path": "C:\\xampp\\htdocs\\Gustavo\\skyline2\/modules\/produtos\/js"
}
[2026-01-05 15:01:40] Pasta criada {
    "path": "C:\\xampp\\htdocs\\Gustavo\\skyline2\/modules\/produtos\/css"
}
[2026-01-05 15:01:40] View criado {
    "file": "C:\\xampp\\htdocs\\Gustavo\\skyline2\/modules\/produtos\/views\/edit.php"
}
[2026-01-05 15:01:40] View criado {
    "file": "C:\\xampp\\htdocs\\Gustavo\\skyline2\/modules\/produtos\/views\/detail.php"
}
[2026-01-05 15:01:40] Router criado {
    "file": "C:\\xampp\\htdocs\\Gustavo\\skyline2\/modules\/produtos\/router.php"
}
[2026-01-05 15:01:40] Index View criado {
    "file": "C:\\xampp\\htdocs\\Gustavo\\skyline2\/modules\/produtos\/views\/index.php"
}
[2026-01-05 15:01:40] JS criado {
    "file": "C:\\xampp\\htdocs\\Gustavo\\skyline2\/modules\/produtos\/js\/produtos.js"
}
[2026-01-05 15:01:40] CSS criado {
    "file": "C:\\xampp\\htdocs\\Gustavo\\skyline2\/modules\/produtos\/css\/produtos.css"
}
[2026-01-05 15:01:40] Módulo gerado {
    "module": "produtos"
}
[2026-01-05 15:01:40] Pasta criada {
    "path": "C:\\xampp\\htdocs\\Gustavo\\skyline2\/modules\/usuarios"
}
[2026-01-05 15:01:40] Pasta criada {
    "path": "C:\\xampp\\htdocs\\Gustavo\\skyline2\/modules\/usuarios\/views"
}
[2026-01-05 15:01:40] Pasta criada {
    "path": "C:\\xampp\\htdocs\\Gustavo\\skyline2\/modules\/usuarios\/js"
}
[2026-01-05 15:01:40] Pasta criada {
    "path": "C:\\xampp\\htdocs\\Gustavo\\skyline2\/modules\/usuarios\/css"
}
[2026-01-05 15:01:40] View criado {
    "file": "C:\\xampp\\htdocs\\Gustavo\\skyline2\/modules\/usuarios\/views\/edit.php"
}
[2026-01-05 15:01:40] View criado {
    "file": "C:\\xampp\\htdocs\\Gustavo\\skyline2\/modules\/usuarios\/views\/detail.php"
}
[2026-01-05 15:01:40] Router criado {
    "file": "C:\\xampp\\htdocs\\Gustavo\\skyline2\/modules\/usuarios\/router.php"
}
[2026-01-05 15:01:40] Index View criado {
    "file": "C:\\xampp\\htdocs\\Gustavo\\skyline2\/modules\/usuarios\/views\/index.php"
}
[2026-01-05 15:01:40] JS criado {
    "file": "C:\\xampp\\htdocs\\Gustavo\\skyline2\/modules\/usuarios\/js\/usuarios.js"
}
[2026-01-05 15:01:40] CSS criado {
    "file": "C:\\xampp\\htdocs\\Gustavo\\skyline2\/modules\/usuarios\/css\/usuarios.css"
}
[2026-01-05 15:01:40] Módulo gerado {
    "module": "usuarios"
}
[2026-01-05 15:03:32] Tentando atualizar registro {
    "modulo": "categorias",
    "data": {
        "id": "1",
        "nome": "esport"
    }
}
[2026-01-05 15:03:32] UPDATE resultado {
    "modulo": "categorias",
    "id": "1",
    "rows": 1,
    "sql": "UPDATE categorias SET nome = ? WHERE id = ?",
    "values": [
        "esport",
        "1"
    ]
}
[2026-01-05 15:03:35] Tentando atualizar registro {
    "modulo": "categorias",
    "data": {
        "id": "1",
        "nome": "esporte"
    }
}
[2026-01-05 15:03:35] UPDATE resultado {
    "modulo": "categorias",
    "id": "1",
    "rows": 1,
    "sql": "UPDATE categorias SET nome = ? WHERE id = ?",
    "values": [
        "esporte",
        "1"
    ]
}
[2026-01-05 17:39:58] Tentando atualizar registro {
    "modulo": "produtos",
    "data": {
        "id": "1",
        "nome": "carro",
        "preco": "20000.00",
        "descricao": "Descricao deste produto",
        "categoria_id": "3",
        "usado": "1"
    }
}
[2026-01-05 17:39:58] UPDATE resultado {
    "modulo": "produtos",
    "id": "1",
    "rows": 1,
    "sql": "UPDATE produtos SET nome = ?, preco = ?, descricao = ?, categoria_id = ?, usado = ? WHERE id = ?",
    "values": [
        "carro",
        "20000.00",
        "Descricao deste produto",
        "3",
        "1",
        "1"
    ]
}
[2026-01-05 17:40:06] Tentando atualizar registro {
    "modulo": "produtos",
    "data": {
        "id": "1",
        "nome": "carro",
        "preco": "20000.00",
        "descricao": "Descricao deste produto",
        "categoria_id": "3",
        "usado": "0"
    }
}
[2026-01-05 17:40:06] UPDATE resultado {
    "modulo": "produtos",
    "id": "1",
    "rows": 1,
    "sql": "UPDATE produtos SET nome = ?, preco = ?, descricao = ?, categoria_id = ?, usado = ? WHERE id = ?",
    "values": [
        "carro",
        "20000.00",
        "Descricao deste produto",
        "3",
        "0",
        "1"
    ]
}
[2026-01-05 18:26:25] Arquivo de metadata deletado {
    "file": "C:\\xampp\\htdocs\\Gustavo\\skyline2\\metadata\/categorias.json"
}
[2026-01-05 18:26:25] Arquivo de metadata deletado {
    "file": "C:\\xampp\\htdocs\\Gustavo\\skyline2\\metadata\/produtos.json"
}
[2026-01-05 18:26:25] Arquivo de metadata deletado {
    "file": "C:\\xampp\\htdocs\\Gustavo\\skyline2\\metadata\/reports.json"
}
[2026-01-05 18:26:25] Arquivo de metadata deletado {
    "file": "C:\\xampp\\htdocs\\Gustavo\\skyline2\\metadata\/usuarios.json"
}
[2026-01-05 18:26:25] Arquivo de metadata salvo. {
    "table": "categorias"
}
[2026-01-05 18:26:25] Arquivo de metadata salvo. {
    "table": "produtos"
}
[2026-01-05 18:26:25] Arquivo de metadata salvo. {
    "table": "usuarios"
}
[2026-01-05 18:42:05] Arquivo de metadata deletado {
    "file": "C:\\xampp\\htdocs\\Gustavo\\skyline2\\metadata\/categorias.json"
}
[2026-01-05 18:42:05] Arquivo de metadata deletado {
    "file": "C:\\xampp\\htdocs\\Gustavo\\skyline2\\metadata\/produtos.json"
}
[2026-01-05 18:42:05] Arquivo de metadata deletado {
    "file": "C:\\xampp\\htdocs\\Gustavo\\skyline2\\metadata\/reports.json"
}
[2026-01-05 18:42:05] Arquivo de metadata deletado {
    "file": "C:\\xampp\\htdocs\\Gustavo\\skyline2\\metadata\/usuarios.json"
}
[2026-01-05 18:42:05] Arquivo de metadata salvo. {
    "table": "categorias"
}
[2026-01-05 18:42:05] Arquivo de metadata salvo. {
    "table": "clientes"
}
[2026-01-05 18:42:05] Arquivo de metadata salvo. {
    "table": "pagamentos"
}
[2026-01-05 18:42:05] Arquivo de metadata salvo. {
    "table": "pedido_itens"
}
[2026-01-05 18:42:05] Arquivo de metadata salvo. {
    "table": "pedidos"
}
[2026-01-05 18:42:05] Arquivo de metadata salvo. {
    "table": "produtos"
}
[2026-01-05 18:42:05] Arquivo de metadata salvo. {
    "table": "usuarios"
}
[2026-01-05 18:42:08] Módulo removido {
    "module": "categorias"
}
[2026-01-05 18:42:08] Módulo removido {
    "module": "produtos"
}
[2026-01-05 18:42:08] Módulo removido {
    "module": "usuarios"
}
[2026-01-05 18:42:08] Pasta criada {
    "path": "C:\\xampp\\htdocs\\Gustavo\\skyline2\/modules\/categorias"
}
[2026-01-05 18:42:08] Pasta criada {
    "path": "C:\\xampp\\htdocs\\Gustavo\\skyline2\/modules\/categorias\/views"
}
[2026-01-05 18:42:08] Pasta criada {
    "path": "C:\\xampp\\htdocs\\Gustavo\\skyline2\/modules\/categorias\/js"
}
[2026-01-05 18:42:08] Pasta criada {
    "path": "C:\\xampp\\htdocs\\Gustavo\\skyline2\/modules\/categorias\/css"
}
[2026-01-05 18:42:08] View criado {
    "file": "C:\\xampp\\htdocs\\Gustavo\\skyline2\/modules\/categorias\/views\/edit.php"
}
[2026-01-05 18:42:08] View criado {
    "file": "C:\\xampp\\htdocs\\Gustavo\\skyline2\/modules\/categorias\/views\/detail.php"
}
[2026-01-05 18:42:08] Router criado {
    "file": "C:\\xampp\\htdocs\\Gustavo\\skyline2\/modules\/categorias\/router.php"
}
[2026-01-05 18:42:08] Index View criado {
    "file": "C:\\xampp\\htdocs\\Gustavo\\skyline2\/modules\/categorias\/views\/index.php"
}
[2026-01-05 18:42:08] JS criado {
    "file": "C:\\xampp\\htdocs\\Gustavo\\skyline2\/modules\/categorias\/js\/categorias.js"
}
[2026-01-05 18:42:08] CSS criado {
    "file": "C:\\xampp\\htdocs\\Gustavo\\skyline2\/modules\/categorias\/css\/categorias.css"
}
[2026-01-05 18:42:08] Módulo gerado {
    "module": "categorias"
}
[2026-01-05 18:42:08] Pasta criada {
    "path": "C:\\xampp\\htdocs\\Gustavo\\skyline2\/modules\/clientes"
}
[2026-01-05 18:42:08] Pasta criada {
    "path": "C:\\xampp\\htdocs\\Gustavo\\skyline2\/modules\/clientes\/views"
}
[2026-01-05 18:42:08] Pasta criada {
    "path": "C:\\xampp\\htdocs\\Gustavo\\skyline2\/modules\/clientes\/js"
}
[2026-01-05 18:42:08] Pasta criada {
    "path": "C:\\xampp\\htdocs\\Gustavo\\skyline2\/modules\/clientes\/css"
}
[2026-01-05 18:42:08] View criado {
    "file": "C:\\xampp\\htdocs\\Gustavo\\skyline2\/modules\/clientes\/views\/edit.php"
}
[2026-01-05 18:42:08] View criado {
    "file": "C:\\xampp\\htdocs\\Gustavo\\skyline2\/modules\/clientes\/views\/detail.php"
}
[2026-01-05 18:42:08] Router criado {
    "file": "C:\\xampp\\htdocs\\Gustavo\\skyline2\/modules\/clientes\/router.php"
}
[2026-01-05 18:42:08] Index View criado {
    "file": "C:\\xampp\\htdocs\\Gustavo\\skyline2\/modules\/clientes\/views\/index.php"
}
[2026-01-05 18:42:08] JS criado {
    "file": "C:\\xampp\\htdocs\\Gustavo\\skyline2\/modules\/clientes\/js\/clientes.js"
}
[2026-01-05 18:42:08] CSS criado {
    "file": "C:\\xampp\\htdocs\\Gustavo\\skyline2\/modules\/clientes\/css\/clientes.css"
}
[2026-01-05 18:42:08] Módulo gerado {
    "module": "clientes"
}
[2026-01-05 18:42:08] Pasta criada {
    "path": "C:\\xampp\\htdocs\\Gustavo\\skyline2\/modules\/pagamentos"
}
[2026-01-05 18:42:08] Pasta criada {
    "path": "C:\\xampp\\htdocs\\Gustavo\\skyline2\/modules\/pagamentos\/views"
}
[2026-01-05 18:42:08] Pasta criada {
    "path": "C:\\xampp\\htdocs\\Gustavo\\skyline2\/modules\/pagamentos\/js"
}
[2026-01-05 18:42:08] Pasta criada {
    "path": "C:\\xampp\\htdocs\\Gustavo\\skyline2\/modules\/pagamentos\/css"
}
[2026-01-05 18:42:08] View criado {
    "file": "C:\\xampp\\htdocs\\Gustavo\\skyline2\/modules\/pagamentos\/views\/edit.php"
}
[2026-01-05 18:42:08] View criado {
    "file": "C:\\xampp\\htdocs\\Gustavo\\skyline2\/modules\/pagamentos\/views\/detail.php"
}
[2026-01-05 18:42:08] Router criado {
    "file": "C:\\xampp\\htdocs\\Gustavo\\skyline2\/modules\/pagamentos\/router.php"
}
[2026-01-05 18:42:08] Index View criado {
    "file": "C:\\xampp\\htdocs\\Gustavo\\skyline2\/modules\/pagamentos\/views\/index.php"
}
[2026-01-05 18:42:08] JS criado {
    "file": "C:\\xampp\\htdocs\\Gustavo\\skyline2\/modules\/pagamentos\/js\/pagamentos.js"
}
[2026-01-05 18:42:08] CSS criado {
    "file": "C:\\xampp\\htdocs\\Gustavo\\skyline2\/modules\/pagamentos\/css\/pagamentos.css"
}
[2026-01-05 18:42:08] Módulo gerado {
    "module": "pagamentos"
}
[2026-01-05 18:42:08] Pasta criada {
    "path": "C:\\xampp\\htdocs\\Gustavo\\skyline2\/modules\/pedido_itens"
}
[2026-01-05 18:42:08] Pasta criada {
    "path": "C:\\xampp\\htdocs\\Gustavo\\skyline2\/modules\/pedido_itens\/views"
}
[2026-01-05 18:42:08] Pasta criada {
    "path": "C:\\xampp\\htdocs\\Gustavo\\skyline2\/modules\/pedido_itens\/js"
}
[2026-01-05 18:42:08] Pasta criada {
    "path": "C:\\xampp\\htdocs\\Gustavo\\skyline2\/modules\/pedido_itens\/css"
}
[2026-01-05 18:42:08] View criado {
    "file": "C:\\xampp\\htdocs\\Gustavo\\skyline2\/modules\/pedido_itens\/views\/edit.php"
}
[2026-01-05 18:42:08] View criado {
    "file": "C:\\xampp\\htdocs\\Gustavo\\skyline2\/modules\/pedido_itens\/views\/detail.php"
}
[2026-01-05 18:42:08] Router criado {
    "file": "C:\\xampp\\htdocs\\Gustavo\\skyline2\/modules\/pedido_itens\/router.php"
}
[2026-01-05 18:42:08] Index View criado {
    "file": "C:\\xampp\\htdocs\\Gustavo\\skyline2\/modules\/pedido_itens\/views\/index.php"
}
[2026-01-05 18:42:08] JS criado {
    "file": "C:\\xampp\\htdocs\\Gustavo\\skyline2\/modules\/pedido_itens\/js\/pedido_itens.js"
}
[2026-01-05 18:42:08] CSS criado {
    "file": "C:\\xampp\\htdocs\\Gustavo\\skyline2\/modules\/pedido_itens\/css\/pedido_itens.css"
}
[2026-01-05 18:42:08] Módulo gerado {
    "module": "pedido_itens"
}
[2026-01-05 18:42:08] Pasta criada {
    "path": "C:\\xampp\\htdocs\\Gustavo\\skyline2\/modules\/pedidos"
}
[2026-01-05 18:42:08] Pasta criada {
    "path": "C:\\xampp\\htdocs\\Gustavo\\skyline2\/modules\/pedidos\/views"
}
[2026-01-05 18:42:08] Pasta criada {
    "path": "C:\\xampp\\htdocs\\Gustavo\\skyline2\/modules\/pedidos\/js"
}
[2026-01-05 18:42:08] Pasta criada {
    "path": "C:\\xampp\\htdocs\\Gustavo\\skyline2\/modules\/pedidos\/css"
}
[2026-01-05 18:42:08] View criado {
    "file": "C:\\xampp\\htdocs\\Gustavo\\skyline2\/modules\/pedidos\/views\/edit.php"
}
[2026-01-05 18:42:08] View criado {
    "file": "C:\\xampp\\htdocs\\Gustavo\\skyline2\/modules\/pedidos\/views\/detail.php"
}
[2026-01-05 18:42:08] Router criado {
    "file": "C:\\xampp\\htdocs\\Gustavo\\skyline2\/modules\/pedidos\/router.php"
}
[2026-01-05 18:42:08] Index View criado {
    "file": "C:\\xampp\\htdocs\\Gustavo\\skyline2\/modules\/pedidos\/views\/index.php"
}
[2026-01-05 18:42:08] JS criado {
    "file": "C:\\xampp\\htdocs\\Gustavo\\skyline2\/modules\/pedidos\/js\/pedidos.js"
}
[2026-01-05 18:42:08] CSS criado {
    "file": "C:\\xampp\\htdocs\\Gustavo\\skyline2\/modules\/pedidos\/css\/pedidos.css"
}
[2026-01-05 18:42:08] Módulo gerado {
    "module": "pedidos"
}
[2026-01-05 18:42:08] Pasta criada {
    "path": "C:\\xampp\\htdocs\\Gustavo\\skyline2\/modules\/produtos"
}
[2026-01-05 18:42:08] Pasta criada {
    "path": "C:\\xampp\\htdocs\\Gustavo\\skyline2\/modules\/produtos\/views"
}
[2026-01-05 18:42:08] Pasta criada {
    "path": "C:\\xampp\\htdocs\\Gustavo\\skyline2\/modules\/produtos\/js"
}
[2026-01-05 18:42:08] Pasta criada {
    "path": "C:\\xampp\\htdocs\\Gustavo\\skyline2\/modules\/produtos\/css"
}
[2026-01-05 18:42:08] View criado {
    "file": "C:\\xampp\\htdocs\\Gustavo\\skyline2\/modules\/produtos\/views\/edit.php"
}
[2026-01-05 18:42:08] View criado {
    "file": "C:\\xampp\\htdocs\\Gustavo\\skyline2\/modules\/produtos\/views\/detail.php"
}
[2026-01-05 18:42:08] Router criado {
    "file": "C:\\xampp\\htdocs\\Gustavo\\skyline2\/modules\/produtos\/router.php"
}
[2026-01-05 18:42:08] Index View criado {
    "file": "C:\\xampp\\htdocs\\Gustavo\\skyline2\/modules\/produtos\/views\/index.php"
}
[2026-01-05 18:42:08] JS criado {
    "file": "C:\\xampp\\htdocs\\Gustavo\\skyline2\/modules\/produtos\/js\/produtos.js"
}
[2026-01-05 18:42:08] CSS criado {
    "file": "C:\\xampp\\htdocs\\Gustavo\\skyline2\/modules\/produtos\/css\/produtos.css"
}
[2026-01-05 18:42:08] Módulo gerado {
    "module": "produtos"
}
[2026-01-05 18:42:08] Pasta criada {
    "path": "C:\\xampp\\htdocs\\Gustavo\\skyline2\/modules\/usuarios"
}
[2026-01-05 18:42:08] Pasta criada {
    "path": "C:\\xampp\\htdocs\\Gustavo\\skyline2\/modules\/usuarios\/views"
}
[2026-01-05 18:42:08] Pasta criada {
    "path": "C:\\xampp\\htdocs\\Gustavo\\skyline2\/modules\/usuarios\/js"
}
[2026-01-05 18:42:08] Pasta criada {
    "path": "C:\\xampp\\htdocs\\Gustavo\\skyline2\/modules\/usuarios\/css"
}
[2026-01-05 18:42:08] View criado {
    "file": "C:\\xampp\\htdocs\\Gustavo\\skyline2\/modules\/usuarios\/views\/edit.php"
}
[2026-01-05 18:42:08] View criado {
    "file": "C:\\xampp\\htdocs\\Gustavo\\skyline2\/modules\/usuarios\/views\/detail.php"
}
[2026-01-05 18:42:08] Router criado {
    "file": "C:\\xampp\\htdocs\\Gustavo\\skyline2\/modules\/usuarios\/router.php"
}
[2026-01-05 18:42:08] Index View criado {
    "file": "C:\\xampp\\htdocs\\Gustavo\\skyline2\/modules\/usuarios\/views\/index.php"
}
[2026-01-05 18:42:08] JS criado {
    "file": "C:\\xampp\\htdocs\\Gustavo\\skyline2\/modules\/usuarios\/js\/usuarios.js"
}
[2026-01-05 18:42:08] CSS criado {
    "file": "C:\\xampp\\htdocs\\Gustavo\\skyline2\/modules\/usuarios\/css\/usuarios.css"
}
[2026-01-05 18:42:08] Módulo gerado {
    "module": "usuarios"
}
[2026-01-05 18:42:10] Relacionamento items criado {
    "parent": "pedidos",
    "child": "pagamentos",
    "foreign_key": "pedido_id"
}
[2026-01-05 18:42:10] Relacionamento items criado {
    "parent": "pedidos",
    "child": "pedido_itens",
    "foreign_key": "pedido_id"
}
[2026-01-05 18:42:10] Relacionamento items criado {
    "parent": "produtos",
    "child": "pedido_itens",
    "foreign_key": "produto_id"
}
[2026-01-05 18:42:10] Relacionamento items criado {
    "parent": "clientes",
    "child": "pedidos",
    "foreign_key": "cliente_id"
}
[2026-01-05 18:42:10] Relacionamento items criado {
    "parent": "usuarios",
    "child": "pedidos",
    "foreign_key": "usuario_id"
}
[2026-01-05 18:42:10] Relacionamento items criado {
    "parent": "categorias",
    "child": "produtos",
    "foreign_key": "categoria_id"
}
[2026-01-05 18:43:43] Tentando atualizar registro {
    "modulo": "categorias",
    "data": {
        "id": "1",
        "nome": "Eletrônicoss"
    }
}
[2026-01-05 18:43:43] UPDATE resultado {
    "modulo": "categorias",
    "id": "1",
    "rows": 1,
    "sql": "UPDATE categorias SET nome = ? WHERE id = ?",
    "values": [
        "Eletrônicoss",
        "1"
    ]
}
[2026-01-05 18:43:51] Tentando atualizar registro {
    "modulo": "clientes",
    "data": {
        "nome": "João Silva",
        "id": "1",
        "email": "joao@email.com",
        "telefone": "11999999999",
        "criado_em": "",
        "cpf": "teste",
        "data_cadastro": ""
    }
}
[2026-01-05 18:43:51] UPDATE resultado {
    "modulo": "clientes",
    "id": "1",
    "rows": 1,
    "sql": "UPDATE clientes SET nome = ?, email = ?, telefone = ?, criado_em = ? WHERE id = ?",
    "values": [
        "João Silva",
        "joao@email.com",
        "11999999999",
        "",
        "1"
    ]
}
[2026-01-05 18:45:17] Tentando inserir registro {
    "modulo": "clientes",
    "data": {
        "id": "",
        "nome": "teste",
        "email": "teste",
        "telefone": "1111111111111",
        "criado_em": "2025-12-30"
    }
}
[2026-01-05 18:45:17] Registro inserido com sucesso {
    "modulo": "clientes",
    "id": "4"
}
[2026-01-05 18:48:48] Tentando atualizar registro {
    "modulo": "pedidos",
    "data": {
        "id": "1",
        "cliente_id": "1",
        "usuario_id": "1",
        "total": "4740.00",
        "status": "finalizado",
        "criado_em": ""
    }
}
[2026-01-05 18:48:48] UPDATE resultado {
    "modulo": "pedidos",
    "id": "1",
    "rows": 1,
    "sql": "UPDATE pedidos SET cliente_id = ?, usuario_id = ?, total = ?, status = ?, criado_em = ? WHERE id = ?",
    "values": [
        "1",
        "1",
        "4740.00",
        "finalizado",
        "",
        "1"
    ]
}
[2026-01-05 18:48:48] Tentando atualizar registro {
    "modulo": "pedido_itens",
    "data": {
        "id": "1",
        "pedido_id": "1",
        "produto_id": "1",
        "quantidade": "1",
        "preco_unitario": "4500.00"
    }
}
[2026-01-05 18:48:48] UPDATE resultado {
    "modulo": "pedido_itens",
    "id": "1",
    "rows": 0,
    "sql": "UPDATE pedido_itens SET pedido_id = ?, produto_id = ?, quantidade = ?, preco_unitario = ? WHERE id = ?",
    "values": [
        "1",
        "1",
        "1",
        "4500.00",
        "1"
    ]
}
[2026-01-05 18:48:48] Tentando atualizar registro {
    "modulo": "pedido_itens",
    "data": {
        "id": "2",
        "pedido_id": "1",
        "produto_id": "2",
        "quantidade": "2",
        "preco_unitario": "120.00"
    }
}
[2026-01-05 18:48:48] UPDATE resultado {
    "modulo": "pedido_itens",
    "id": "2",
    "rows": 1,
    "sql": "UPDATE pedido_itens SET pedido_id = ?, produto_id = ?, quantidade = ?, preco_unitario = ? WHERE id = ?",
    "values": [
        "1",
        "2",
        "2",
        "120.00",
        "2"
    ]
}
[2026-01-05 19:45:10] Tentando atualizar registro {
    "modulo": "usuarios",
    "data": {
        "id": "1",
        "nome": "Admin",
        "email": "admin@sistema.com",
        "senha": "123456",
        "ativo": "0",
        "criado_em": ""
    }
}
[2026-01-05 19:45:10] UPDATE resultado {
    "modulo": "usuarios",
    "id": "1",
    "rows": 1,
    "sql": "UPDATE usuarios SET nome = ?, email = ?, senha = ?, ativo = ?, criado_em = ? WHERE id = ?",
    "values": [
        "Admin",
        "admin@sistema.com",
        "123456",
        "0",
        "",
        "1"
    ]
}
[2026-01-05 19:45:20] Tentando atualizar registro {
    "modulo": "usuarios",
    "data": {
        "id": "2",
        "nome": "Vendedor 1",
        "email": "vendedor1@sistema.com",
        "senha": "123456",
        "ativo": "0",
        "criado_em": ""
    }
}
[2026-01-05 19:45:20] UPDATE resultado {
    "modulo": "usuarios",
    "id": "2",
    "rows": 1,
    "sql": "UPDATE usuarios SET nome = ?, email = ?, senha = ?, ativo = ?, criado_em = ? WHERE id = ?",
    "values": [
        "Vendedor 1",
        "vendedor1@sistema.com",
        "123456",
        "0",
        "",
        "2"
    ]
}
[2026-01-08 21:23:56] Arquivo de metadata deletado {
    "file": "C:\\xampp\\htdocs\\skyline2\\metadata\/categorias.json"
}
[2026-01-08 21:23:56] Arquivo de metadata deletado {
    "file": "C:\\xampp\\htdocs\\skyline2\\metadata\/clientes.json"
}
[2026-01-08 21:23:56] Arquivo de metadata deletado {
    "file": "C:\\xampp\\htdocs\\skyline2\\metadata\/itens_servico.json"
}
[2026-01-08 21:23:56] Arquivo de metadata deletado {
    "file": "C:\\xampp\\htdocs\\skyline2\\metadata\/pagamentos.json"
}
[2026-01-08 21:23:56] Arquivo de metadata deletado {
    "file": "C:\\xampp\\htdocs\\skyline2\\metadata\/pedido_itens.json"
}
[2026-01-08 21:23:56] Arquivo de metadata deletado {
    "file": "C:\\xampp\\htdocs\\skyline2\\metadata\/pedidos.json"
}
[2026-01-08 21:23:56] Arquivo de metadata deletado {
    "file": "C:\\xampp\\htdocs\\skyline2\\metadata\/produtos.json"
}
[2026-01-08 21:23:56] Arquivo de metadata deletado {
    "file": "C:\\xampp\\htdocs\\skyline2\\metadata\/reports.json"
}
[2026-01-08 21:23:56] Arquivo de metadata deletado {
    "file": "C:\\xampp\\htdocs\\skyline2\\metadata\/servicos.json"
}
[2026-01-08 21:23:56] Arquivo de metadata deletado {
    "file": "C:\\xampp\\htdocs\\skyline2\\metadata\/task_comments.json"
}
[2026-01-08 21:23:56] Arquivo de metadata deletado {
    "file": "C:\\xampp\\htdocs\\skyline2\\metadata\/tasks.json"
}
[2026-01-08 21:23:56] Arquivo de metadata deletado {
    "file": "C:\\xampp\\htdocs\\skyline2\\metadata\/usuarios.json"
}
[2026-01-08 21:23:56] Arquivo de metadata deletado {
    "file": "C:\\xampp\\htdocs\\skyline2\\metadata\/veiculos.json"
}
[2026-01-08 21:23:56] Arquivo de metadata salvo. {
    "table": "clientes"
}
[2026-01-08 21:23:56] Arquivo de metadata salvo. {
    "table": "itens_servico"
}
[2026-01-08 21:23:56] Arquivo de metadata salvo. {
    "table": "servicos"
}
[2026-01-08 21:23:56] Arquivo de metadata salvo. {
    "table": "veiculos"
}
[2026-01-08 21:23:59] Módulo removido {
    "module": "categorias"
}
[2026-01-08 21:23:59] Módulo removido {
    "module": "clientes"
}
[2026-01-08 21:23:59] Módulo removido {
    "module": "itens_servico"
}
[2026-01-08 21:23:59] Módulo removido {
    "module": "pagamentos"
}
[2026-01-08 21:23:59] Módulo removido {
    "module": "pedido_itens"
}
[2026-01-08 21:23:59] Módulo removido {
    "module": "pedidos"
}
[2026-01-08 21:23:59] Módulo removido {
    "module": "produtos"
}
[2026-01-08 21:23:59] Módulo removido {
    "module": "servicos"
}
[2026-01-08 21:23:59] Módulo removido {
    "module": "task_comments"
}
[2026-01-08 21:23:59] Módulo removido {
    "module": "tasks"
}
[2026-01-08 21:23:59] Módulo removido {
    "module": "usuarios"
}
[2026-01-08 21:23:59] Módulo removido {
    "module": "veiculos"
}
[2026-01-08 21:23:59] Pasta criada {
    "path": "C:\\xampp\\htdocs\\skyline2\/modules\/clientes"
}
[2026-01-08 21:23:59] Pasta criada {
    "path": "C:\\xampp\\htdocs\\skyline2\/modules\/clientes\/views"
}
[2026-01-08 21:23:59] Pasta criada {
    "path": "C:\\xampp\\htdocs\\skyline2\/modules\/clientes\/js"
}
[2026-01-08 21:23:59] Pasta criada {
    "path": "C:\\xampp\\htdocs\\skyline2\/modules\/clientes\/css"
}
[2026-01-08 21:23:59] View criado {
    "file": "C:\\xampp\\htdocs\\skyline2\/modules\/clientes\/views\/edit.php"
}
[2026-01-08 21:23:59] View criado {
    "file": "C:\\xampp\\htdocs\\skyline2\/modules\/clientes\/views\/detail.php"
}
[2026-01-08 21:23:59] Router criado {
    "file": "C:\\xampp\\htdocs\\skyline2\/modules\/clientes\/router.php"
}
[2026-01-08 21:23:59] Index View criado {
    "file": "C:\\xampp\\htdocs\\skyline2\/modules\/clientes\/views\/index.php"
}
[2026-01-08 21:23:59] JS criado {
    "file": "C:\\xampp\\htdocs\\skyline2\/modules\/clientes\/js\/clientes.js"
}
[2026-01-08 21:23:59] CSS criado {
    "file": "C:\\xampp\\htdocs\\skyline2\/modules\/clientes\/css\/clientes.css"
}
[2026-01-08 21:23:59] Módulo gerado {
    "module": "clientes"
}
[2026-01-08 21:23:59] Pasta criada {
    "path": "C:\\xampp\\htdocs\\skyline2\/modules\/itens_servico"
}
[2026-01-08 21:23:59] Pasta criada {
    "path": "C:\\xampp\\htdocs\\skyline2\/modules\/itens_servico\/views"
}
[2026-01-08 21:23:59] Pasta criada {
    "path": "C:\\xampp\\htdocs\\skyline2\/modules\/itens_servico\/js"
}
[2026-01-08 21:23:59] Pasta criada {
    "path": "C:\\xampp\\htdocs\\skyline2\/modules\/itens_servico\/css"
}
[2026-01-08 21:23:59] View criado {
    "file": "C:\\xampp\\htdocs\\skyline2\/modules\/itens_servico\/views\/edit.php"
}
[2026-01-08 21:23:59] View criado {
    "file": "C:\\xampp\\htdocs\\skyline2\/modules\/itens_servico\/views\/detail.php"
}
[2026-01-08 21:23:59] Router criado {
    "file": "C:\\xampp\\htdocs\\skyline2\/modules\/itens_servico\/router.php"
}
[2026-01-08 21:23:59] Index View criado {
    "file": "C:\\xampp\\htdocs\\skyline2\/modules\/itens_servico\/views\/index.php"
}
[2026-01-08 21:23:59] JS criado {
    "file": "C:\\xampp\\htdocs\\skyline2\/modules\/itens_servico\/js\/itens_servico.js"
}
[2026-01-08 21:23:59] CSS criado {
    "file": "C:\\xampp\\htdocs\\skyline2\/modules\/itens_servico\/css\/itens_servico.css"
}
[2026-01-08 21:23:59] Módulo gerado {
    "module": "itens_servico"
}
[2026-01-08 21:23:59] Pasta criada {
    "path": "C:\\xampp\\htdocs\\skyline2\/modules\/servicos"
}
[2026-01-08 21:23:59] Pasta criada {
    "path": "C:\\xampp\\htdocs\\skyline2\/modules\/servicos\/views"
}
[2026-01-08 21:23:59] Pasta criada {
    "path": "C:\\xampp\\htdocs\\skyline2\/modules\/servicos\/js"
}
[2026-01-08 21:23:59] Pasta criada {
    "path": "C:\\xampp\\htdocs\\skyline2\/modules\/servicos\/css"
}
[2026-01-08 21:23:59] View criado {
    "file": "C:\\xampp\\htdocs\\skyline2\/modules\/servicos\/views\/edit.php"
}
[2026-01-08 21:23:59] View criado {
    "file": "C:\\xampp\\htdocs\\skyline2\/modules\/servicos\/views\/detail.php"
}
[2026-01-08 21:23:59] Router criado {
    "file": "C:\\xampp\\htdocs\\skyline2\/modules\/servicos\/router.php"
}
[2026-01-08 21:23:59] Index View criado {
    "file": "C:\\xampp\\htdocs\\skyline2\/modules\/servicos\/views\/index.php"
}
[2026-01-08 21:23:59] JS criado {
    "file": "C:\\xampp\\htdocs\\skyline2\/modules\/servicos\/js\/servicos.js"
}
[2026-01-08 21:23:59] CSS criado {
    "file": "C:\\xampp\\htdocs\\skyline2\/modules\/servicos\/css\/servicos.css"
}
[2026-01-08 21:23:59] Módulo gerado {
    "module": "servicos"
}
[2026-01-08 21:23:59] Pasta criada {
    "path": "C:\\xampp\\htdocs\\skyline2\/modules\/veiculos"
}
[2026-01-08 21:23:59] Pasta criada {
    "path": "C:\\xampp\\htdocs\\skyline2\/modules\/veiculos\/views"
}
[2026-01-08 21:23:59] Pasta criada {
    "path": "C:\\xampp\\htdocs\\skyline2\/modules\/veiculos\/js"
}
[2026-01-08 21:23:59] Pasta criada {
    "path": "C:\\xampp\\htdocs\\skyline2\/modules\/veiculos\/css"
}
[2026-01-08 21:23:59] View criado {
    "file": "C:\\xampp\\htdocs\\skyline2\/modules\/veiculos\/views\/edit.php"
}
[2026-01-08 21:23:59] View criado {
    "file": "C:\\xampp\\htdocs\\skyline2\/modules\/veiculos\/views\/detail.php"
}
[2026-01-08 21:23:59] Router criado {
    "file": "C:\\xampp\\htdocs\\skyline2\/modules\/veiculos\/router.php"
}
[2026-01-08 21:23:59] Index View criado {
    "file": "C:\\xampp\\htdocs\\skyline2\/modules\/veiculos\/views\/index.php"
}
[2026-01-08 21:23:59] JS criado {
    "file": "C:\\xampp\\htdocs\\skyline2\/modules\/veiculos\/js\/veiculos.js"
}
[2026-01-08 21:23:59] CSS criado {
    "file": "C:\\xampp\\htdocs\\skyline2\/modules\/veiculos\/css\/veiculos.css"
}
[2026-01-08 21:23:59] Módulo gerado {
    "module": "veiculos"
}
[2026-01-08 21:24:01] Relacionamento items criado {
    "parent": "servicos",
    "child": "itens_servico",
    "foreign_key": "servico_id"
}
[2026-01-08 21:24:01] Relacionamento items criado {
    "parent": "clientes",
    "child": "veiculos",
    "foreign_key": "cliente_id"
}
[2026-01-09 06:07:12] Arquivo de metadata deletado {
    "file": "C:\\xampp\\htdocs\\skyline2\\metadata\/clientes.json"
}
[2026-01-09 06:07:12] Arquivo de metadata deletado {
    "file": "C:\\xampp\\htdocs\\skyline2\\metadata\/itens_servico.json"
}
[2026-01-09 06:07:12] Arquivo de metadata deletado {
    "file": "C:\\xampp\\htdocs\\skyline2\\metadata\/reports.json"
}
[2026-01-09 06:07:12] Arquivo de metadata deletado {
    "file": "C:\\xampp\\htdocs\\skyline2\\metadata\/servicos.json"
}
[2026-01-09 06:07:12] Arquivo de metadata deletado {
    "file": "C:\\xampp\\htdocs\\skyline2\\metadata\/veiculos.json"
}
[2026-01-09 06:07:12] Arquivo de metadata salvo. {
    "table": "clientes"
}
[2026-01-09 06:07:12] Arquivo de metadata salvo. {
    "table": "itens_servico"
}
[2026-01-09 06:07:12] Arquivo de metadata salvo. {
    "table": "servicos"
}
[2026-01-09 06:07:12] Arquivo de metadata salvo. {
    "table": "veiculos"
}
[2026-01-09 06:07:14] Módulo removido {
    "module": "clientes"
}
[2026-01-09 06:07:14] Módulo removido {
    "module": "itens_servico"
}
[2026-01-09 06:07:14] Módulo removido {
    "module": "servicos"
}
[2026-01-09 06:07:14] Módulo removido {
    "module": "veiculos"
}
[2026-01-09 06:07:14] Pasta criada {
    "path": "C:\\xampp\\htdocs\\skyline2\/modules\/clientes"
}
[2026-01-09 06:07:14] Pasta criada {
    "path": "C:\\xampp\\htdocs\\skyline2\/modules\/clientes\/views"
}
[2026-01-09 06:07:14] Pasta criada {
    "path": "C:\\xampp\\htdocs\\skyline2\/modules\/clientes\/js"
}
[2026-01-09 06:07:14] Pasta criada {
    "path": "C:\\xampp\\htdocs\\skyline2\/modules\/clientes\/css"
}
[2026-01-09 06:07:14] View criado {
    "file": "C:\\xampp\\htdocs\\skyline2\/modules\/clientes\/views\/edit.php"
}
[2026-01-09 06:07:14] View criado {
    "file": "C:\\xampp\\htdocs\\skyline2\/modules\/clientes\/views\/detail.php"
}
[2026-01-09 06:07:14] Router criado {
    "file": "C:\\xampp\\htdocs\\skyline2\/modules\/clientes\/router.php"
}
[2026-01-09 06:07:14] Index View criado {
    "file": "C:\\xampp\\htdocs\\skyline2\/modules\/clientes\/views\/index.php"
}
[2026-01-09 06:07:14] JS criado {
    "file": "C:\\xampp\\htdocs\\skyline2\/modules\/clientes\/js\/clientes.js"
}
[2026-01-09 06:07:14] CSS criado {
    "file": "C:\\xampp\\htdocs\\skyline2\/modules\/clientes\/css\/clientes.css"
}
[2026-01-09 06:07:14] Módulo gerado {
    "module": "clientes"
}
[2026-01-09 06:07:14] Pasta criada {
    "path": "C:\\xampp\\htdocs\\skyline2\/modules\/itens_servico"
}
[2026-01-09 06:07:14] Pasta criada {
    "path": "C:\\xampp\\htdocs\\skyline2\/modules\/itens_servico\/views"
}
[2026-01-09 06:07:14] Pasta criada {
    "path": "C:\\xampp\\htdocs\\skyline2\/modules\/itens_servico\/js"
}
[2026-01-09 06:07:14] Pasta criada {
    "path": "C:\\xampp\\htdocs\\skyline2\/modules\/itens_servico\/css"
}
[2026-01-09 06:07:14] View criado {
    "file": "C:\\xampp\\htdocs\\skyline2\/modules\/itens_servico\/views\/edit.php"
}
[2026-01-09 06:07:14] View criado {
    "file": "C:\\xampp\\htdocs\\skyline2\/modules\/itens_servico\/views\/detail.php"
}
[2026-01-09 06:07:14] Router criado {
    "file": "C:\\xampp\\htdocs\\skyline2\/modules\/itens_servico\/router.php"
}
[2026-01-09 06:07:14] Index View criado {
    "file": "C:\\xampp\\htdocs\\skyline2\/modules\/itens_servico\/views\/index.php"
}
[2026-01-09 06:07:14] JS criado {
    "file": "C:\\xampp\\htdocs\\skyline2\/modules\/itens_servico\/js\/itens_servico.js"
}
[2026-01-09 06:07:14] CSS criado {
    "file": "C:\\xampp\\htdocs\\skyline2\/modules\/itens_servico\/css\/itens_servico.css"
}
[2026-01-09 06:07:14] Módulo gerado {
    "module": "itens_servico"
}
[2026-01-09 06:07:14] Pasta criada {
    "path": "C:\\xampp\\htdocs\\skyline2\/modules\/servicos"
}
[2026-01-09 06:07:14] Pasta criada {
    "path": "C:\\xampp\\htdocs\\skyline2\/modules\/servicos\/views"
}
[2026-01-09 06:07:14] Pasta criada {
    "path": "C:\\xampp\\htdocs\\skyline2\/modules\/servicos\/js"
}
[2026-01-09 06:07:14] Pasta criada {
    "path": "C:\\xampp\\htdocs\\skyline2\/modules\/servicos\/css"
}
[2026-01-09 06:07:14] View criado {
    "file": "C:\\xampp\\htdocs\\skyline2\/modules\/servicos\/views\/edit.php"
}
[2026-01-09 06:07:14] View criado {
    "file": "C:\\xampp\\htdocs\\skyline2\/modules\/servicos\/views\/detail.php"
}
[2026-01-09 06:07:14] Router criado {
    "file": "C:\\xampp\\htdocs\\skyline2\/modules\/servicos\/router.php"
}
[2026-01-09 06:07:14] Index View criado {
    "file": "C:\\xampp\\htdocs\\skyline2\/modules\/servicos\/views\/index.php"
}
[2026-01-09 06:07:14] JS criado {
    "file": "C:\\xampp\\htdocs\\skyline2\/modules\/servicos\/js\/servicos.js"
}
[2026-01-09 06:07:14] CSS criado {
    "file": "C:\\xampp\\htdocs\\skyline2\/modules\/servicos\/css\/servicos.css"
}
[2026-01-09 06:07:14] Módulo gerado {
    "module": "servicos"
}
[2026-01-09 06:07:14] Pasta criada {
    "path": "C:\\xampp\\htdocs\\skyline2\/modules\/veiculos"
}
[2026-01-09 06:07:14] Pasta criada {
    "path": "C:\\xampp\\htdocs\\skyline2\/modules\/veiculos\/views"
}
[2026-01-09 06:07:14] Pasta criada {
    "path": "C:\\xampp\\htdocs\\skyline2\/modules\/veiculos\/js"
}
[2026-01-09 06:07:14] Pasta criada {
    "path": "C:\\xampp\\htdocs\\skyline2\/modules\/veiculos\/css"
}
[2026-01-09 06:07:14] View criado {
    "file": "C:\\xampp\\htdocs\\skyline2\/modules\/veiculos\/views\/edit.php"
}
[2026-01-09 06:07:14] View criado {
    "file": "C:\\xampp\\htdocs\\skyline2\/modules\/veiculos\/views\/detail.php"
}
[2026-01-09 06:07:14] Router criado {
    "file": "C:\\xampp\\htdocs\\skyline2\/modules\/veiculos\/router.php"
}
[2026-01-09 06:07:14] Index View criado {
    "file": "C:\\xampp\\htdocs\\skyline2\/modules\/veiculos\/views\/index.php"
}
[2026-01-09 06:07:14] JS criado {
    "file": "C:\\xampp\\htdocs\\skyline2\/modules\/veiculos\/js\/veiculos.js"
}
[2026-01-09 06:07:14] CSS criado {
    "file": "C:\\xampp\\htdocs\\skyline2\/modules\/veiculos\/css\/veiculos.css"
}
[2026-01-09 06:07:14] Módulo gerado {
    "module": "veiculos"
}
[2026-01-09 06:07:16] Relacionamento items criado {
    "parent": "servicos",
    "child": "itens_servico",
    "foreign_key": "servico_id"
}
[2026-01-09 06:07:16] Relacionamento items criado {
    "parent": "clientes",
    "child": "veiculos",
    "foreign_key": "cliente_id"
}
[2026-01-09 21:01:34] Arquivo de metadata deletado {
    "file": "C:\\xampp\\htdocs\\Gustavo\\skyline2\\metadata\/clientes.json"
}
[2026-01-09 21:01:34] Arquivo de metadata deletado {
    "file": "C:\\xampp\\htdocs\\Gustavo\\skyline2\\metadata\/itens_servico.json"
}
[2026-01-09 21:01:34] Arquivo de metadata deletado {
    "file": "C:\\xampp\\htdocs\\Gustavo\\skyline2\\metadata\/reports.json"
}
[2026-01-09 21:01:34] Arquivo de metadata deletado {
    "file": "C:\\xampp\\htdocs\\Gustavo\\skyline2\\metadata\/servicos.json"
}
[2026-01-09 21:01:34] Arquivo de metadata deletado {
    "file": "C:\\xampp\\htdocs\\Gustavo\\skyline2\\metadata\/veiculos.json"
}
[2026-01-09 21:01:34] Arquivo de metadata salvo. {
    "table": "clientes"
}
[2026-01-09 21:01:34] Arquivo de metadata salvo. {
    "table": "pedidos"
}
[2026-01-09 21:01:34] Arquivo de metadata salvo. {
    "table": "task_comments"
}
[2026-01-09 21:01:34] Arquivo de metadata salvo. {
    "table": "tasks"
}
[2026-01-09 21:01:34] Arquivo de metadata salvo. {
    "table": "veiculos"
}
[2026-01-09 21:01:36] Módulo removido {
    "module": "clientes"
}
[2026-01-09 21:01:36] Módulo removido {
    "module": "itens_servico"
}
[2026-01-09 21:01:36] Módulo removido {
    "module": "servicos"
}
[2026-01-09 21:01:36] Módulo removido {
    "module": "veiculos"
}
[2026-01-09 21:01:36] Pasta criada {
    "path": "C:\\xampp\\htdocs\\Gustavo\\skyline2\/modules\/clientes"
}
[2026-01-09 21:01:36] Pasta criada {
    "path": "C:\\xampp\\htdocs\\Gustavo\\skyline2\/modules\/clientes\/views"
}
[2026-01-09 21:01:36] Pasta criada {
    "path": "C:\\xampp\\htdocs\\Gustavo\\skyline2\/modules\/clientes\/js"
}
[2026-01-09 21:01:36] Pasta criada {
    "path": "C:\\xampp\\htdocs\\Gustavo\\skyline2\/modules\/clientes\/css"
}
[2026-01-09 21:01:36] View criado {
    "file": "C:\\xampp\\htdocs\\Gustavo\\skyline2\/modules\/clientes\/views\/edit.php"
}
[2026-01-09 21:01:36] View criado {
    "file": "C:\\xampp\\htdocs\\Gustavo\\skyline2\/modules\/clientes\/views\/detail.php"
}
[2026-01-09 21:01:36] Router criado {
    "file": "C:\\xampp\\htdocs\\Gustavo\\skyline2\/modules\/clientes\/router.php"
}
[2026-01-09 21:01:36] Index View criado {
    "file": "C:\\xampp\\htdocs\\Gustavo\\skyline2\/modules\/clientes\/views\/index.php"
}
[2026-01-09 21:01:36] JS criado {
    "file": "C:\\xampp\\htdocs\\Gustavo\\skyline2\/modules\/clientes\/js\/clientes.js"
}
[2026-01-09 21:01:36] CSS criado {
    "file": "C:\\xampp\\htdocs\\Gustavo\\skyline2\/modules\/clientes\/css\/clientes.css"
}
[2026-01-09 21:01:36] Módulo gerado {
    "module": "clientes"
}
[2026-01-09 21:01:36] Pasta criada {
    "path": "C:\\xampp\\htdocs\\Gustavo\\skyline2\/modules\/pedidos"
}
[2026-01-09 21:01:36] Pasta criada {
    "path": "C:\\xampp\\htdocs\\Gustavo\\skyline2\/modules\/pedidos\/views"
}
[2026-01-09 21:01:36] Pasta criada {
    "path": "C:\\xampp\\htdocs\\Gustavo\\skyline2\/modules\/pedidos\/js"
}
[2026-01-09 21:01:36] Pasta criada {
    "path": "C:\\xampp\\htdocs\\Gustavo\\skyline2\/modules\/pedidos\/css"
}
[2026-01-09 21:01:36] View criado {
    "file": "C:\\xampp\\htdocs\\Gustavo\\skyline2\/modules\/pedidos\/views\/edit.php"
}
[2026-01-09 21:01:36] View criado {
    "file": "C:\\xampp\\htdocs\\Gustavo\\skyline2\/modules\/pedidos\/views\/detail.php"
}
[2026-01-09 21:01:36] Router criado {
    "file": "C:\\xampp\\htdocs\\Gustavo\\skyline2\/modules\/pedidos\/router.php"
}
[2026-01-09 21:01:36] Index View criado {
    "file": "C:\\xampp\\htdocs\\Gustavo\\skyline2\/modules\/pedidos\/views\/index.php"
}
[2026-01-09 21:01:36] JS criado {
    "file": "C:\\xampp\\htdocs\\Gustavo\\skyline2\/modules\/pedidos\/js\/pedidos.js"
}
[2026-01-09 21:01:36] CSS criado {
    "file": "C:\\xampp\\htdocs\\Gustavo\\skyline2\/modules\/pedidos\/css\/pedidos.css"
}
[2026-01-09 21:01:36] Módulo gerado {
    "module": "pedidos"
}
[2026-01-09 21:01:36] Pasta criada {
    "path": "C:\\xampp\\htdocs\\Gustavo\\skyline2\/modules\/task_comments"
}
[2026-01-09 21:01:36] Pasta criada {
    "path": "C:\\xampp\\htdocs\\Gustavo\\skyline2\/modules\/task_comments\/views"
}
[2026-01-09 21:01:36] Pasta criada {
    "path": "C:\\xampp\\htdocs\\Gustavo\\skyline2\/modules\/task_comments\/js"
}
[2026-01-09 21:01:36] Pasta criada {
    "path": "C:\\xampp\\htdocs\\Gustavo\\skyline2\/modules\/task_comments\/css"
}
[2026-01-09 21:01:36] View criado {
    "file": "C:\\xampp\\htdocs\\Gustavo\\skyline2\/modules\/task_comments\/views\/edit.php"
}
[2026-01-09 21:01:36] View criado {
    "file": "C:\\xampp\\htdocs\\Gustavo\\skyline2\/modules\/task_comments\/views\/detail.php"
}
[2026-01-09 21:01:36] Router criado {
    "file": "C:\\xampp\\htdocs\\Gustavo\\skyline2\/modules\/task_comments\/router.php"
}
[2026-01-09 21:01:36] Index View criado {
    "file": "C:\\xampp\\htdocs\\Gustavo\\skyline2\/modules\/task_comments\/views\/index.php"
}
[2026-01-09 21:01:36] JS criado {
    "file": "C:\\xampp\\htdocs\\Gustavo\\skyline2\/modules\/task_comments\/js\/task_comments.js"
}
[2026-01-09 21:01:36] CSS criado {
    "file": "C:\\xampp\\htdocs\\Gustavo\\skyline2\/modules\/task_comments\/css\/task_comments.css"
}
[2026-01-09 21:01:36] Módulo gerado {
    "module": "task_comments"
}
[2026-01-09 21:01:36] Pasta criada {
    "path": "C:\\xampp\\htdocs\\Gustavo\\skyline2\/modules\/tasks"
}
[2026-01-09 21:01:36] Pasta criada {
    "path": "C:\\xampp\\htdocs\\Gustavo\\skyline2\/modules\/tasks\/views"
}
[2026-01-09 21:01:36] Pasta criada {
    "path": "C:\\xampp\\htdocs\\Gustavo\\skyline2\/modules\/tasks\/js"
}
[2026-01-09 21:01:36] Pasta criada {
    "path": "C:\\xampp\\htdocs\\Gustavo\\skyline2\/modules\/tasks\/css"
}
[2026-01-09 21:01:36] View criado {
    "file": "C:\\xampp\\htdocs\\Gustavo\\skyline2\/modules\/tasks\/views\/edit.php"
}
[2026-01-09 21:01:36] View criado {
    "file": "C:\\xampp\\htdocs\\Gustavo\\skyline2\/modules\/tasks\/views\/detail.php"
}
[2026-01-09 21:01:36] Router criado {
    "file": "C:\\xampp\\htdocs\\Gustavo\\skyline2\/modules\/tasks\/router.php"
}
[2026-01-09 21:01:36] Index View criado {
    "file": "C:\\xampp\\htdocs\\Gustavo\\skyline2\/modules\/tasks\/views\/index.php"
}
[2026-01-09 21:01:36] JS criado {
    "file": "C:\\xampp\\htdocs\\Gustavo\\skyline2\/modules\/tasks\/js\/tasks.js"
}
[2026-01-09 21:01:36] CSS criado {
    "file": "C:\\xampp\\htdocs\\Gustavo\\skyline2\/modules\/tasks\/css\/tasks.css"
}
[2026-01-09 21:01:36] Módulo gerado {
    "module": "tasks"
}
[2026-01-09 21:01:36] Pasta criada {
    "path": "C:\\xampp\\htdocs\\Gustavo\\skyline2\/modules\/veiculos"
}
[2026-01-09 21:01:36] Pasta criada {
    "path": "C:\\xampp\\htdocs\\Gustavo\\skyline2\/modules\/veiculos\/views"
}
[2026-01-09 21:01:36] Pasta criada {
    "path": "C:\\xampp\\htdocs\\Gustavo\\skyline2\/modules\/veiculos\/js"
}
[2026-01-09 21:01:36] Pasta criada {
    "path": "C:\\xampp\\htdocs\\Gustavo\\skyline2\/modules\/veiculos\/css"
}
[2026-01-09 21:01:36] View criado {
    "file": "C:\\xampp\\htdocs\\Gustavo\\skyline2\/modules\/veiculos\/views\/edit.php"
}
[2026-01-09 21:01:36] View criado {
    "file": "C:\\xampp\\htdocs\\Gustavo\\skyline2\/modules\/veiculos\/views\/detail.php"
}
[2026-01-09 21:01:36] Router criado {
    "file": "C:\\xampp\\htdocs\\Gustavo\\skyline2\/modules\/veiculos\/router.php"
}
[2026-01-09 21:01:36] Index View criado {
    "file": "C:\\xampp\\htdocs\\Gustavo\\skyline2\/modules\/veiculos\/views\/index.php"
}
[2026-01-09 21:01:36] JS criado {
    "file": "C:\\xampp\\htdocs\\Gustavo\\skyline2\/modules\/veiculos\/js\/veiculos.js"
}
[2026-01-09 21:01:36] CSS criado {
    "file": "C:\\xampp\\htdocs\\Gustavo\\skyline2\/modules\/veiculos\/css\/veiculos.css"
}
[2026-01-09 21:01:36] Módulo gerado {
    "module": "veiculos"
}
[2026-01-09 21:01:39] Relacionamento items criado {
    "parent": "clientes",
    "child": "pedidos",
    "foreign_key": "cliente_id"
}
[2026-01-09 21:01:39] Relacionamento items criado {
    "parent": "tasks",
    "child": "task_comments",
    "foreign_key": "task_id"
}
[2026-01-09 21:01:39] Relacionamento items criado {
    "parent": "clientes",
    "child": "veiculos",
    "foreign_key": "cliente_id"
}
[2026-01-12 14:07:29] Arquivo de metadata deletado {
    "file": "C:\\xampp\\htdocs\\Gustavo\\skyline2\\metadata\/clientes.json"
}
[2026-01-12 14:07:29] Arquivo de metadata deletado {
    "file": "C:\\xampp\\htdocs\\Gustavo\\skyline2\\metadata\/pedidos.json"
}
[2026-01-12 14:07:29] Arquivo de metadata deletado {
    "file": "C:\\xampp\\htdocs\\Gustavo\\skyline2\\metadata\/reports.json"
}
[2026-01-12 14:07:29] Arquivo de metadata deletado {
    "file": "C:\\xampp\\htdocs\\Gustavo\\skyline2\\metadata\/task_comments.json"
}
[2026-01-12 14:07:29] Arquivo de metadata deletado {
    "file": "C:\\xampp\\htdocs\\Gustavo\\skyline2\\metadata\/tasks.json"
}
[2026-01-12 14:07:29] Arquivo de metadata deletado {
    "file": "C:\\xampp\\htdocs\\Gustavo\\skyline2\\metadata\/veiculos.json"
}
[2026-01-12 14:07:29] Arquivo de metadata salvo. {
    "table": "clientes"
}
[2026-01-12 14:07:29] Arquivo de metadata salvo. {
    "table": "pedidos"
}
[2026-01-12 14:07:29] Arquivo de metadata salvo. {
    "table": "task_comments"
}
[2026-01-12 14:07:29] Arquivo de metadata salvo. {
    "table": "tasks"
}
[2026-01-12 14:07:29] Arquivo de metadata salvo. {
    "table": "veiculos"
}
[2026-01-12 14:07:31] Módulo removido {
    "module": "clientes"
}
[2026-01-12 14:07:31] Módulo removido {
    "module": "pedidos"
}
[2026-01-12 14:07:31] Módulo removido {
    "module": "task_comments"
}
[2026-01-12 14:07:31] Módulo removido {
    "module": "tasks"
}
[2026-01-12 14:07:31] Módulo removido {
    "module": "veiculos"
}
[2026-01-12 14:07:31] Pasta criada {
    "path": "C:\\xampp\\htdocs\\Gustavo\\skyline2\/modules\/clientes"
}
[2026-01-12 14:07:31] Pasta criada {
    "path": "C:\\xampp\\htdocs\\Gustavo\\skyline2\/modules\/clientes\/views"
}
[2026-01-12 14:07:31] Pasta criada {
    "path": "C:\\xampp\\htdocs\\Gustavo\\skyline2\/modules\/clientes\/js"
}
[2026-01-12 14:07:31] Pasta criada {
    "path": "C:\\xampp\\htdocs\\Gustavo\\skyline2\/modules\/clientes\/css"
}
[2026-01-12 14:07:31] View criado {
    "file": "C:\\xampp\\htdocs\\Gustavo\\skyline2\/modules\/clientes\/views\/edit.php"
}
[2026-01-12 14:07:31] View criado {
    "file": "C:\\xampp\\htdocs\\Gustavo\\skyline2\/modules\/clientes\/views\/detail.php"
}
[2026-01-12 14:07:31] Router criado {
    "file": "C:\\xampp\\htdocs\\Gustavo\\skyline2\/modules\/clientes\/router.php"
}
[2026-01-12 14:07:31] Index View criado {
    "file": "C:\\xampp\\htdocs\\Gustavo\\skyline2\/modules\/clientes\/views\/index.php"
}
[2026-01-12 14:07:31] JS criado {
    "file": "C:\\xampp\\htdocs\\Gustavo\\skyline2\/modules\/clientes\/js\/clientes.js"
}
[2026-01-12 14:07:31] CSS criado {
    "file": "C:\\xampp\\htdocs\\Gustavo\\skyline2\/modules\/clientes\/css\/clientes.css"
}
[2026-01-12 14:07:31] Módulo gerado {
    "module": "clientes"
}
[2026-01-12 14:07:31] Pasta criada {
    "path": "C:\\xampp\\htdocs\\Gustavo\\skyline2\/modules\/pedidos"
}
[2026-01-12 14:07:31] Pasta criada {
    "path": "C:\\xampp\\htdocs\\Gustavo\\skyline2\/modules\/pedidos\/views"
}
[2026-01-12 14:07:31] Pasta criada {
    "path": "C:\\xampp\\htdocs\\Gustavo\\skyline2\/modules\/pedidos\/js"
}
[2026-01-12 14:07:31] Pasta criada {
    "path": "C:\\xampp\\htdocs\\Gustavo\\skyline2\/modules\/pedidos\/css"
}
[2026-01-12 14:07:31] View criado {
    "file": "C:\\xampp\\htdocs\\Gustavo\\skyline2\/modules\/pedidos\/views\/edit.php"
}
[2026-01-12 14:07:31] View criado {
    "file": "C:\\xampp\\htdocs\\Gustavo\\skyline2\/modules\/pedidos\/views\/detail.php"
}
[2026-01-12 14:07:31] Router criado {
    "file": "C:\\xampp\\htdocs\\Gustavo\\skyline2\/modules\/pedidos\/router.php"
}
[2026-01-12 14:07:31] Index View criado {
    "file": "C:\\xampp\\htdocs\\Gustavo\\skyline2\/modules\/pedidos\/views\/index.php"
}
[2026-01-12 14:07:31] JS criado {
    "file": "C:\\xampp\\htdocs\\Gustavo\\skyline2\/modules\/pedidos\/js\/pedidos.js"
}
[2026-01-12 14:07:31] CSS criado {
    "file": "C:\\xampp\\htdocs\\Gustavo\\skyline2\/modules\/pedidos\/css\/pedidos.css"
}
[2026-01-12 14:07:31] Módulo gerado {
    "module": "pedidos"
}
[2026-01-12 14:07:31] Pasta criada {
    "path": "C:\\xampp\\htdocs\\Gustavo\\skyline2\/modules\/task_comments"
}
[2026-01-12 14:07:31] Pasta criada {
    "path": "C:\\xampp\\htdocs\\Gustavo\\skyline2\/modules\/task_comments\/views"
}
[2026-01-12 14:07:31] Pasta criada {
    "path": "C:\\xampp\\htdocs\\Gustavo\\skyline2\/modules\/task_comments\/js"
}
[2026-01-12 14:07:31] Pasta criada {
    "path": "C:\\xampp\\htdocs\\Gustavo\\skyline2\/modules\/task_comments\/css"
}
[2026-01-12 14:07:31] View criado {
    "file": "C:\\xampp\\htdocs\\Gustavo\\skyline2\/modules\/task_comments\/views\/edit.php"
}
[2026-01-12 14:07:31] View criado {
    "file": "C:\\xampp\\htdocs\\Gustavo\\skyline2\/modules\/task_comments\/views\/detail.php"
}
[2026-01-12 14:07:31] Router criado {
    "file": "C:\\xampp\\htdocs\\Gustavo\\skyline2\/modules\/task_comments\/router.php"
}
[2026-01-12 14:07:31] Index View criado {
    "file": "C:\\xampp\\htdocs\\Gustavo\\skyline2\/modules\/task_comments\/views\/index.php"
}
[2026-01-12 14:07:31] JS criado {
    "file": "C:\\xampp\\htdocs\\Gustavo\\skyline2\/modules\/task_comments\/js\/task_comments.js"
}
[2026-01-12 14:07:31] CSS criado {
    "file": "C:\\xampp\\htdocs\\Gustavo\\skyline2\/modules\/task_comments\/css\/task_comments.css"
}
[2026-01-12 14:07:31] Módulo gerado {
    "module": "task_comments"
}
[2026-01-12 14:07:31] Pasta criada {
    "path": "C:\\xampp\\htdocs\\Gustavo\\skyline2\/modules\/tasks"
}
[2026-01-12 14:07:31] Pasta criada {
    "path": "C:\\xampp\\htdocs\\Gustavo\\skyline2\/modules\/tasks\/views"
}
[2026-01-12 14:07:31] Pasta criada {
    "path": "C:\\xampp\\htdocs\\Gustavo\\skyline2\/modules\/tasks\/js"
}
[2026-01-12 14:07:31] Pasta criada {
    "path": "C:\\xampp\\htdocs\\Gustavo\\skyline2\/modules\/tasks\/css"
}
[2026-01-12 14:07:31] View criado {
    "file": "C:\\xampp\\htdocs\\Gustavo\\skyline2\/modules\/tasks\/views\/edit.php"
}
[2026-01-12 14:07:31] View criado {
    "file": "C:\\xampp\\htdocs\\Gustavo\\skyline2\/modules\/tasks\/views\/detail.php"
}
[2026-01-12 14:07:31] Router criado {
    "file": "C:\\xampp\\htdocs\\Gustavo\\skyline2\/modules\/tasks\/router.php"
}
[2026-01-12 14:07:31] Index View criado {
    "file": "C:\\xampp\\htdocs\\Gustavo\\skyline2\/modules\/tasks\/views\/index.php"
}
[2026-01-12 14:07:31] JS criado {
    "file": "C:\\xampp\\htdocs\\Gustavo\\skyline2\/modules\/tasks\/js\/tasks.js"
}
[2026-01-12 14:07:31] CSS criado {
    "file": "C:\\xampp\\htdocs\\Gustavo\\skyline2\/modules\/tasks\/css\/tasks.css"
}
[2026-01-12 14:07:31] Módulo gerado {
    "module": "tasks"
}
[2026-01-12 14:07:31] Pasta criada {
    "path": "C:\\xampp\\htdocs\\Gustavo\\skyline2\/modules\/veiculos"
}
[2026-01-12 14:07:31] Pasta criada {
    "path": "C:\\xampp\\htdocs\\Gustavo\\skyline2\/modules\/veiculos\/views"
}
[2026-01-12 14:07:32] Pasta criada {
    "path": "C:\\xampp\\htdocs\\Gustavo\\skyline2\/modules\/veiculos\/js"
}
[2026-01-12 14:07:32] Pasta criada {
    "path": "C:\\xampp\\htdocs\\Gustavo\\skyline2\/modules\/veiculos\/css"
}
[2026-01-12 14:07:32] View criado {
    "file": "C:\\xampp\\htdocs\\Gustavo\\skyline2\/modules\/veiculos\/views\/edit.php"
}
[2026-01-12 14:07:32] View criado {
    "file": "C:\\xampp\\htdocs\\Gustavo\\skyline2\/modules\/veiculos\/views\/detail.php"
}
[2026-01-12 14:07:32] Router criado {
    "file": "C:\\xampp\\htdocs\\Gustavo\\skyline2\/modules\/veiculos\/router.php"
}
[2026-01-12 14:07:32] Index View criado {
    "file": "C:\\xampp\\htdocs\\Gustavo\\skyline2\/modules\/veiculos\/views\/index.php"
}
[2026-01-12 14:07:32] JS criado {
    "file": "C:\\xampp\\htdocs\\Gustavo\\skyline2\/modules\/veiculos\/js\/veiculos.js"
}
[2026-01-12 14:07:32] CSS criado {
    "file": "C:\\xampp\\htdocs\\Gustavo\\skyline2\/modules\/veiculos\/css\/veiculos.css"
}
[2026-01-12 14:07:32] Módulo gerado {
    "module": "veiculos"
}
[2026-01-12 14:07:33] Relacionamento items criado {
    "parent": "clientes",
    "child": "pedidos",
    "foreign_key": "cliente_id"
}
[2026-01-12 14:07:33] Relacionamento items criado {
    "parent": "tasks",
    "child": "task_comments",
    "foreign_key": "task_id"
}
[2026-01-12 14:07:33] Relacionamento items criado {
    "parent": "clientes",
    "child": "veiculos",
    "foreign_key": "cliente_id"
}
[2026-01-14 13:55:05] Arquivo de metadata deletado {
    "file": "C:\\xampp\\htdocs\\Gustavo\\skyline2\\metadata\/clientes.json"
}
[2026-01-14 13:55:05] Arquivo de metadata deletado {
    "file": "C:\\xampp\\htdocs\\Gustavo\\skyline2\\metadata\/pedidos.json"
}
[2026-01-14 13:55:05] Arquivo de metadata deletado {
    "file": "C:\\xampp\\htdocs\\Gustavo\\skyline2\\metadata\/reports.json"
}
[2026-01-14 13:55:05] Arquivo de metadata deletado {
    "file": "C:\\xampp\\htdocs\\Gustavo\\skyline2\\metadata\/task_comments.json"
}
[2026-01-14 13:55:05] Arquivo de metadata deletado {
    "file": "C:\\xampp\\htdocs\\Gustavo\\skyline2\\metadata\/tasks.json"
}
[2026-01-14 13:55:05] Arquivo de metadata deletado {
    "file": "C:\\xampp\\htdocs\\Gustavo\\skyline2\\metadata\/veiculos.json"
}
[2026-01-14 13:55:05] Arquivo de metadata salvo. {
    "table": "teste"
}
[2026-01-14 13:55:05] Módulo removido {
    "module": "clientes"
}
[2026-01-14 13:55:05] Módulo removido {
    "module": "pedidos"
}
[2026-01-14 13:55:05] Módulo removido {
    "module": "task_comments"
}
[2026-01-14 13:55:05] Módulo removido {
    "module": "tasks"
}
[2026-01-14 13:55:05] Módulo removido {
    "module": "veiculos"
}
[2026-01-14 13:55:05] Pasta criada {
    "path": "C:\\xampp\\htdocs\\Gustavo\\skyline2\/modules\/teste"
}
[2026-01-14 13:55:05] Pasta criada {
    "path": "C:\\xampp\\htdocs\\Gustavo\\skyline2\/modules\/teste\/views"
}
[2026-01-14 13:55:05] Pasta criada {
    "path": "C:\\xampp\\htdocs\\Gustavo\\skyline2\/modules\/teste\/js"
}
[2026-01-14 13:55:05] Pasta criada {
    "path": "C:\\xampp\\htdocs\\Gustavo\\skyline2\/modules\/teste\/css"
}
[2026-01-14 13:55:05] View criado {
    "file": "C:\\xampp\\htdocs\\Gustavo\\skyline2\/modules\/teste\/views\/edit.php"
}
[2026-01-14 13:55:05] View criado {
    "file": "C:\\xampp\\htdocs\\Gustavo\\skyline2\/modules\/teste\/views\/detail.php"
}
[2026-01-14 13:55:05] Router criado {
    "file": "C:\\xampp\\htdocs\\Gustavo\\skyline2\/modules\/teste\/router.php"
}
[2026-01-14 13:55:05] Index View criado {
    "file": "C:\\xampp\\htdocs\\Gustavo\\skyline2\/modules\/teste\/views\/index.php"
}
[2026-01-14 13:55:05] JS criado {
    "file": "C:\\xampp\\htdocs\\Gustavo\\skyline2\/modules\/teste\/js\/teste.js"
}
[2026-01-14 13:55:05] CSS criado {
    "file": "C:\\xampp\\htdocs\\Gustavo\\skyline2\/modules\/teste\/css\/teste.css"
}
[2026-01-14 13:55:05] Módulo gerado {
    "module": "teste"
}
[2026-01-14 14:36:39] Arquivo de metadata deletado {
    "file": "C:\\xampp\\htdocs\\Gustavo\\skyline2\\metadata\/reports.json"
}
[2026-01-14 14:36:39] Arquivo de metadata deletado {
    "file": "C:\\xampp\\htdocs\\Gustavo\\skyline2\\metadata\/teste.json"
}
[2026-01-14 14:36:39] Arquivo de metadata salvo. {
    "table": "teste"
}
[2026-01-14 15:00:17] Arquivo de metadata deletado {
    "file": "C:\\xampp\\htdocs\\Gustavo\\skyline2\\metadata\/reports.json"
}
[2026-01-14 15:00:17] Arquivo de metadata deletado {
    "file": "C:\\xampp\\htdocs\\Gustavo\\skyline2\\metadata\/teste.json"
}
[2026-01-14 15:00:17] Arquivo de metadata salvo. {
    "table": "clientes"
}
[2026-01-14 15:00:17] Arquivo de metadata salvo. {
    "table": "pedidos"
}
[2026-01-14 15:00:17] Arquivo de metadata salvo. {
    "table": "task_comments"
}
[2026-01-14 15:00:17] Arquivo de metadata salvo. {
    "table": "tasks"
}
[2026-01-14 15:00:17] Arquivo de metadata salvo. {
    "table": "veiculos"
}
[2026-01-14 15:00:17] Módulo removido {
    "module": "teste"
}
[2026-01-14 15:00:17] Pasta criada {
    "path": "C:\\xampp\\htdocs\\Gustavo\\skyline2\/modules\/clientes"
}
[2026-01-14 15:00:17] Pasta criada {
    "path": "C:\\xampp\\htdocs\\Gustavo\\skyline2\/modules\/clientes\/views"
}
[2026-01-14 15:00:17] Pasta criada {
    "path": "C:\\xampp\\htdocs\\Gustavo\\skyline2\/modules\/clientes\/js"
}
[2026-01-14 15:00:17] Pasta criada {
    "path": "C:\\xampp\\htdocs\\Gustavo\\skyline2\/modules\/clientes\/css"
}
[2026-01-14 15:00:17] View criado {
    "file": "C:\\xampp\\htdocs\\Gustavo\\skyline2\/modules\/clientes\/views\/edit.php"
}
[2026-01-14 15:00:17] View criado {
    "file": "C:\\xampp\\htdocs\\Gustavo\\skyline2\/modules\/clientes\/views\/detail.php"
}
[2026-01-14 15:00:17] Router criado {
    "file": "C:\\xampp\\htdocs\\Gustavo\\skyline2\/modules\/clientes\/router.php"
}
[2026-01-14 15:00:17] Index View criado {
    "file": "C:\\xampp\\htdocs\\Gustavo\\skyline2\/modules\/clientes\/views\/index.php"
}
[2026-01-14 15:00:17] JS criado {
    "file": "C:\\xampp\\htdocs\\Gustavo\\skyline2\/modules\/clientes\/js\/clientes.js"
}
[2026-01-14 15:00:17] CSS criado {
    "file": "C:\\xampp\\htdocs\\Gustavo\\skyline2\/modules\/clientes\/css\/clientes.css"
}
[2026-01-14 15:00:17] Módulo gerado {
    "module": "clientes"
}
[2026-01-14 15:00:17] Pasta criada {
    "path": "C:\\xampp\\htdocs\\Gustavo\\skyline2\/modules\/pedidos"
}
[2026-01-14 15:00:17] Pasta criada {
    "path": "C:\\xampp\\htdocs\\Gustavo\\skyline2\/modules\/pedidos\/views"
}
[2026-01-14 15:00:17] Pasta criada {
    "path": "C:\\xampp\\htdocs\\Gustavo\\skyline2\/modules\/pedidos\/js"
}
[2026-01-14 15:00:17] Pasta criada {
    "path": "C:\\xampp\\htdocs\\Gustavo\\skyline2\/modules\/pedidos\/css"
}
[2026-01-14 15:00:17] View criado {
    "file": "C:\\xampp\\htdocs\\Gustavo\\skyline2\/modules\/pedidos\/views\/edit.php"
}
[2026-01-14 15:00:17] View criado {
    "file": "C:\\xampp\\htdocs\\Gustavo\\skyline2\/modules\/pedidos\/views\/detail.php"
}
[2026-01-14 15:00:17] Router criado {
    "file": "C:\\xampp\\htdocs\\Gustavo\\skyline2\/modules\/pedidos\/router.php"
}
[2026-01-14 15:00:17] Index View criado {
    "file": "C:\\xampp\\htdocs\\Gustavo\\skyline2\/modules\/pedidos\/views\/index.php"
}
[2026-01-14 15:00:17] JS criado {
    "file": "C:\\xampp\\htdocs\\Gustavo\\skyline2\/modules\/pedidos\/js\/pedidos.js"
}
[2026-01-14 15:00:17] CSS criado {
    "file": "C:\\xampp\\htdocs\\Gustavo\\skyline2\/modules\/pedidos\/css\/pedidos.css"
}
[2026-01-14 15:00:17] Módulo gerado {
    "module": "pedidos"
}
[2026-01-14 15:00:17] Pasta criada {
    "path": "C:\\xampp\\htdocs\\Gustavo\\skyline2\/modules\/task_comments"
}
[2026-01-14 15:00:17] Pasta criada {
    "path": "C:\\xampp\\htdocs\\Gustavo\\skyline2\/modules\/task_comments\/views"
}
[2026-01-14 15:00:17] Pasta criada {
    "path": "C:\\xampp\\htdocs\\Gustavo\\skyline2\/modules\/task_comments\/js"
}
[2026-01-14 15:00:17] Pasta criada {
    "path": "C:\\xampp\\htdocs\\Gustavo\\skyline2\/modules\/task_comments\/css"
}
[2026-01-14 15:00:17] View criado {
    "file": "C:\\xampp\\htdocs\\Gustavo\\skyline2\/modules\/task_comments\/views\/edit.php"
}
[2026-01-14 15:00:17] View criado {
    "file": "C:\\xampp\\htdocs\\Gustavo\\skyline2\/modules\/task_comments\/views\/detail.php"
}
[2026-01-14 15:00:17] Router criado {
    "file": "C:\\xampp\\htdocs\\Gustavo\\skyline2\/modules\/task_comments\/router.php"
}
[2026-01-14 15:00:17] Index View criado {
    "file": "C:\\xampp\\htdocs\\Gustavo\\skyline2\/modules\/task_comments\/views\/index.php"
}
[2026-01-14 15:00:17] JS criado {
    "file": "C:\\xampp\\htdocs\\Gustavo\\skyline2\/modules\/task_comments\/js\/task_comments.js"
}
[2026-01-14 15:00:17] CSS criado {
    "file": "C:\\xampp\\htdocs\\Gustavo\\skyline2\/modules\/task_comments\/css\/task_comments.css"
}
[2026-01-14 15:00:17] Módulo gerado {
    "module": "task_comments"
}
[2026-01-14 15:00:17] Pasta criada {
    "path": "C:\\xampp\\htdocs\\Gustavo\\skyline2\/modules\/tasks"
}
[2026-01-14 15:00:17] Pasta criada {
    "path": "C:\\xampp\\htdocs\\Gustavo\\skyline2\/modules\/tasks\/views"
}
[2026-01-14 15:00:17] Pasta criada {
    "path": "C:\\xampp\\htdocs\\Gustavo\\skyline2\/modules\/tasks\/js"
}
[2026-01-14 15:00:17] Pasta criada {
    "path": "C:\\xampp\\htdocs\\Gustavo\\skyline2\/modules\/tasks\/css"
}
[2026-01-14 15:00:17] View criado {
    "file": "C:\\xampp\\htdocs\\Gustavo\\skyline2\/modules\/tasks\/views\/edit.php"
}
[2026-01-14 15:00:17] View criado {
    "file": "C:\\xampp\\htdocs\\Gustavo\\skyline2\/modules\/tasks\/views\/detail.php"
}
[2026-01-14 15:00:17] Router criado {
    "file": "C:\\xampp\\htdocs\\Gustavo\\skyline2\/modules\/tasks\/router.php"
}
[2026-01-14 15:00:17] Index View criado {
    "file": "C:\\xampp\\htdocs\\Gustavo\\skyline2\/modules\/tasks\/views\/index.php"
}
[2026-01-14 15:00:17] JS criado {
    "file": "C:\\xampp\\htdocs\\Gustavo\\skyline2\/modules\/tasks\/js\/tasks.js"
}
[2026-01-14 15:00:17] CSS criado {
    "file": "C:\\xampp\\htdocs\\Gustavo\\skyline2\/modules\/tasks\/css\/tasks.css"
}
[2026-01-14 15:00:17] Módulo gerado {
    "module": "tasks"
}
[2026-01-14 15:00:17] Pasta criada {
    "path": "C:\\xampp\\htdocs\\Gustavo\\skyline2\/modules\/veiculos"
}
[2026-01-14 15:00:17] Pasta criada {
    "path": "C:\\xampp\\htdocs\\Gustavo\\skyline2\/modules\/veiculos\/views"
}
[2026-01-14 15:00:17] Pasta criada {
    "path": "C:\\xampp\\htdocs\\Gustavo\\skyline2\/modules\/veiculos\/js"
}
[2026-01-14 15:00:17] Pasta criada {
    "path": "C:\\xampp\\htdocs\\Gustavo\\skyline2\/modules\/veiculos\/css"
}
[2026-01-14 15:00:17] View criado {
    "file": "C:\\xampp\\htdocs\\Gustavo\\skyline2\/modules\/veiculos\/views\/edit.php"
}
[2026-01-14 15:00:17] View criado {
    "file": "C:\\xampp\\htdocs\\Gustavo\\skyline2\/modules\/veiculos\/views\/detail.php"
}
[2026-01-14 15:00:17] Router criado {
    "file": "C:\\xampp\\htdocs\\Gustavo\\skyline2\/modules\/veiculos\/router.php"
}
[2026-01-14 15:00:17] Index View criado {
    "file": "C:\\xampp\\htdocs\\Gustavo\\skyline2\/modules\/veiculos\/views\/index.php"
}
[2026-01-14 15:00:17] JS criado {
    "file": "C:\\xampp\\htdocs\\Gustavo\\skyline2\/modules\/veiculos\/js\/veiculos.js"
}
[2026-01-14 15:00:17] CSS criado {
    "file": "C:\\xampp\\htdocs\\Gustavo\\skyline2\/modules\/veiculos\/css\/veiculos.css"
}
[2026-01-14 15:00:17] Módulo gerado {
    "module": "veiculos"
}
[2026-01-14 15:00:17] Relacionamento items criado {
    "parent": "clientes",
    "child": "pedidos",
    "foreign_key": "cliente_id"
}
[2026-01-14 15:00:17] Relacionamento items criado {
    "parent": "tasks",
    "child": "task_comments",
    "foreign_key": "task_id"
}
[2026-01-14 15:00:17] Relacionamento items criado {
    "parent": "clientes",
    "child": "veiculos",
    "foreign_key": "cliente_id"
}
[2026-01-14 15:08:55] Arquivo de metadata deletado {
    "file": "C:\\xampp\\htdocs\\Gustavo\\skyline2\\metadata\/clientes.json"
}
[2026-01-14 15:08:55] Arquivo de metadata deletado {
    "file": "C:\\xampp\\htdocs\\Gustavo\\skyline2\\metadata\/pedidos.json"
}
[2026-01-14 15:08:55] Arquivo de metadata deletado {
    "file": "C:\\xampp\\htdocs\\Gustavo\\skyline2\\metadata\/reports.json"
}
[2026-01-14 15:08:55] Arquivo de metadata deletado {
    "file": "C:\\xampp\\htdocs\\Gustavo\\skyline2\\metadata\/task_comments.json"
}
[2026-01-14 15:08:55] Arquivo de metadata deletado {
    "file": "C:\\xampp\\htdocs\\Gustavo\\skyline2\\metadata\/tasks.json"
}
[2026-01-14 15:08:55] Arquivo de metadata deletado {
    "file": "C:\\xampp\\htdocs\\Gustavo\\skyline2\\metadata\/veiculos.json"
}
[2026-01-14 15:08:55] Arquivo de metadata salvo. {
    "table": "teste"
}
[2026-01-14 15:08:55] Módulo removido {
    "module": "clientes"
}
[2026-01-14 15:08:55] Módulo removido {
    "module": "pedidos"
}
[2026-01-14 15:08:55] Módulo removido {
    "module": "task_comments"
}
[2026-01-14 15:08:55] Módulo removido {
    "module": "tasks"
}
[2026-01-14 15:08:55] Módulo removido {
    "module": "veiculos"
}
[2026-01-14 15:08:55] Pasta criada {
    "path": "C:\\xampp\\htdocs\\Gustavo\\skyline2\/modules\/teste"
}
[2026-01-14 15:08:55] Pasta criada {
    "path": "C:\\xampp\\htdocs\\Gustavo\\skyline2\/modules\/teste\/views"
}
[2026-01-14 15:08:55] Pasta criada {
    "path": "C:\\xampp\\htdocs\\Gustavo\\skyline2\/modules\/teste\/js"
}
[2026-01-14 15:08:55] Pasta criada {
    "path": "C:\\xampp\\htdocs\\Gustavo\\skyline2\/modules\/teste\/css"
}
[2026-01-14 15:08:55] View criado {
    "file": "C:\\xampp\\htdocs\\Gustavo\\skyline2\/modules\/teste\/views\/edit.php"
}
[2026-01-14 15:08:55] View criado {
    "file": "C:\\xampp\\htdocs\\Gustavo\\skyline2\/modules\/teste\/views\/detail.php"
}
[2026-01-14 15:08:55] Router criado {
    "file": "C:\\xampp\\htdocs\\Gustavo\\skyline2\/modules\/teste\/router.php"
}
[2026-01-14 15:08:55] Index View criado {
    "file": "C:\\xampp\\htdocs\\Gustavo\\skyline2\/modules\/teste\/views\/index.php"
}
[2026-01-14 15:08:55] JS criado {
    "file": "C:\\xampp\\htdocs\\Gustavo\\skyline2\/modules\/teste\/js\/teste.js"
}
[2026-01-14 15:08:55] CSS criado {
    "file": "C:\\xampp\\htdocs\\Gustavo\\skyline2\/modules\/teste\/css\/teste.css"
}
[2026-01-14 15:08:55] Módulo gerado {
    "module": "teste"
}
[2026-01-14 15:59:45] Arquivo de metadata deletado {
    "file": "C:\\xampp\\htdocs\\Gustavo\\skyline2\\metadata\/reports.json"
}
[2026-01-14 15:59:45] Arquivo de metadata deletado {
    "file": "C:\\xampp\\htdocs\\Gustavo\\skyline2\\metadata\/teste.json"
}
[2026-01-14 15:59:45] Arquivo de metadata salvo. {
    "table": "clientes"
}
[2026-01-14 15:59:45] Arquivo de metadata salvo. {
    "table": "teste"
}
[2026-01-14 15:59:45] Arquivo de metadata salvo. {
    "table": "teste2"
}
[2026-01-14 15:59:45] Arquivo de metadata salvo. {
    "table": "testeeeeee"
}
[2026-01-14 16:01:40] Módulo removido {
    "module": "teste"
}
[2026-01-14 16:01:40] Pasta criada {
    "path": "C:\\xampp\\htdocs\\Gustavo\\skyline2\/modules\/clientes"
}
[2026-01-14 16:01:40] Pasta criada {
    "path": "C:\\xampp\\htdocs\\Gustavo\\skyline2\/modules\/clientes\/views"
}
[2026-01-14 16:01:40] Pasta criada {
    "path": "C:\\xampp\\htdocs\\Gustavo\\skyline2\/modules\/clientes\/js"
}
[2026-01-14 16:01:40] Pasta criada {
    "path": "C:\\xampp\\htdocs\\Gustavo\\skyline2\/modules\/clientes\/css"
}
[2026-01-14 16:01:40] View criado {
    "file": "C:\\xampp\\htdocs\\Gustavo\\skyline2\/modules\/clientes\/views\/edit.php"
}
[2026-01-14 16:01:40] View criado {
    "file": "C:\\xampp\\htdocs\\Gustavo\\skyline2\/modules\/clientes\/views\/detail.php"
}
[2026-01-14 16:01:40] Router criado {
    "file": "C:\\xampp\\htdocs\\Gustavo\\skyline2\/modules\/clientes\/router.php"
}
[2026-01-14 16:01:40] Index View criado {
    "file": "C:\\xampp\\htdocs\\Gustavo\\skyline2\/modules\/clientes\/views\/index.php"
}
[2026-01-14 16:01:40] JS criado {
    "file": "C:\\xampp\\htdocs\\Gustavo\\skyline2\/modules\/clientes\/js\/clientes.js"
}
[2026-01-14 16:01:40] CSS criado {
    "file": "C:\\xampp\\htdocs\\Gustavo\\skyline2\/modules\/clientes\/css\/clientes.css"
}
[2026-01-14 16:01:40] Módulo gerado {
    "module": "clientes"
}
[2026-01-14 16:01:40] Pasta criada {
    "path": "C:\\xampp\\htdocs\\Gustavo\\skyline2\/modules\/teste"
}
[2026-01-14 16:01:40] Pasta criada {
    "path": "C:\\xampp\\htdocs\\Gustavo\\skyline2\/modules\/teste\/views"
}
[2026-01-14 16:01:40] Pasta criada {
    "path": "C:\\xampp\\htdocs\\Gustavo\\skyline2\/modules\/teste\/js"
}
[2026-01-14 16:01:40] Pasta criada {
    "path": "C:\\xampp\\htdocs\\Gustavo\\skyline2\/modules\/teste\/css"
}
[2026-01-14 16:01:40] View criado {
    "file": "C:\\xampp\\htdocs\\Gustavo\\skyline2\/modules\/teste\/views\/edit.php"
}
[2026-01-14 16:01:40] View criado {
    "file": "C:\\xampp\\htdocs\\Gustavo\\skyline2\/modules\/teste\/views\/detail.php"
}
[2026-01-14 16:01:40] Router criado {
    "file": "C:\\xampp\\htdocs\\Gustavo\\skyline2\/modules\/teste\/router.php"
}
[2026-01-14 16:01:40] Index View criado {
    "file": "C:\\xampp\\htdocs\\Gustavo\\skyline2\/modules\/teste\/views\/index.php"
}
[2026-01-14 16:01:40] JS criado {
    "file": "C:\\xampp\\htdocs\\Gustavo\\skyline2\/modules\/teste\/js\/teste.js"
}
[2026-01-14 16:01:40] CSS criado {
    "file": "C:\\xampp\\htdocs\\Gustavo\\skyline2\/modules\/teste\/css\/teste.css"
}
[2026-01-14 16:01:40] Módulo gerado {
    "module": "teste"
}
[2026-01-14 16:01:40] Pasta criada {
    "path": "C:\\xampp\\htdocs\\Gustavo\\skyline2\/modules\/teste2"
}
[2026-01-14 16:01:40] Pasta criada {
    "path": "C:\\xampp\\htdocs\\Gustavo\\skyline2\/modules\/teste2\/views"
}
[2026-01-14 16:01:40] Pasta criada {
    "path": "C:\\xampp\\htdocs\\Gustavo\\skyline2\/modules\/teste2\/js"
}
[2026-01-14 16:01:40] Pasta criada {
    "path": "C:\\xampp\\htdocs\\Gustavo\\skyline2\/modules\/teste2\/css"
}
[2026-01-14 16:01:40] View criado {
    "file": "C:\\xampp\\htdocs\\Gustavo\\skyline2\/modules\/teste2\/views\/edit.php"
}
[2026-01-14 16:01:40] View criado {
    "file": "C:\\xampp\\htdocs\\Gustavo\\skyline2\/modules\/teste2\/views\/detail.php"
}
[2026-01-14 16:01:40] Router criado {
    "file": "C:\\xampp\\htdocs\\Gustavo\\skyline2\/modules\/teste2\/router.php"
}
[2026-01-14 16:01:40] Index View criado {
    "file": "C:\\xampp\\htdocs\\Gustavo\\skyline2\/modules\/teste2\/views\/index.php"
}
[2026-01-14 16:01:40] JS criado {
    "file": "C:\\xampp\\htdocs\\Gustavo\\skyline2\/modules\/teste2\/js\/teste2.js"
}
[2026-01-14 16:01:40] CSS criado {
    "file": "C:\\xampp\\htdocs\\Gustavo\\skyline2\/modules\/teste2\/css\/teste2.css"
}
[2026-01-14 16:01:40] Módulo gerado {
    "module": "teste2"
}
[2026-01-14 16:01:40] Pasta criada {
    "path": "C:\\xampp\\htdocs\\Gustavo\\skyline2\/modules\/testeeeeee"
}
[2026-01-14 16:01:40] Pasta criada {
    "path": "C:\\xampp\\htdocs\\Gustavo\\skyline2\/modules\/testeeeeee\/views"
}
[2026-01-14 16:01:40] Pasta criada {
    "path": "C:\\xampp\\htdocs\\Gustavo\\skyline2\/modules\/testeeeeee\/js"
}
[2026-01-14 16:01:40] Pasta criada {
    "path": "C:\\xampp\\htdocs\\Gustavo\\skyline2\/modules\/testeeeeee\/css"
}
[2026-01-14 16:01:40] View criado {
    "file": "C:\\xampp\\htdocs\\Gustavo\\skyline2\/modules\/testeeeeee\/views\/edit.php"
}
[2026-01-14 16:01:40] View criado {
    "file": "C:\\xampp\\htdocs\\Gustavo\\skyline2\/modules\/testeeeeee\/views\/detail.php"
}
[2026-01-14 16:01:40] Router criado {
    "file": "C:\\xampp\\htdocs\\Gustavo\\skyline2\/modules\/testeeeeee\/router.php"
}
[2026-01-14 16:01:40] Index View criado {
    "file": "C:\\xampp\\htdocs\\Gustavo\\skyline2\/modules\/testeeeeee\/views\/index.php"
}
[2026-01-14 16:01:40] JS criado {
    "file": "C:\\xampp\\htdocs\\Gustavo\\skyline2\/modules\/testeeeeee\/js\/testeeeeee.js"
}
[2026-01-14 16:01:40] CSS criado {
    "file": "C:\\xampp\\htdocs\\Gustavo\\skyline2\/modules\/testeeeeee\/css\/testeeeeee.css"
}
[2026-01-14 16:01:40] Módulo gerado {
    "module": "testeeeeee"
}
[2026-01-14 16:03:24] Arquivo de metadata deletado {
    "file": "C:\\xampp\\htdocs\\Gustavo\\skyline2\\metadata\/clientes.json"
}
[2026-01-14 16:03:24] Arquivo de metadata deletado {
    "file": "C:\\xampp\\htdocs\\Gustavo\\skyline2\\metadata\/reports.json"
}
[2026-01-14 16:03:24] Arquivo de metadata deletado {
    "file": "C:\\xampp\\htdocs\\Gustavo\\skyline2\\metadata\/teste.json"
}
[2026-01-14 16:03:24] Arquivo de metadata deletado {
    "file": "C:\\xampp\\htdocs\\Gustavo\\skyline2\\metadata\/teste2.json"
}
[2026-01-14 16:03:24] Arquivo de metadata deletado {
    "file": "C:\\xampp\\htdocs\\Gustavo\\skyline2\\metadata\/testeeeeee.json"
}
[2026-01-14 16:03:24] Arquivo de metadata salvo. {
    "table": "bbbbb"
}
[2026-01-14 16:03:24] Arquivo de metadata salvo. {
    "table": "clientes"
}
[2026-01-14 16:03:24] Arquivo de metadata salvo. {
    "table": "teste"
}
[2026-01-14 16:03:24] Arquivo de metadata salvo. {
    "table": "teste2"
}
[2026-01-14 16:03:24] Arquivo de metadata salvo. {
    "table": "testeeeeee"
}
[2026-01-14 16:03:30] Módulo removido {
    "module": "clientes"
}
[2026-01-14 16:03:30] Módulo removido {
    "module": "teste"
}
[2026-01-14 16:03:30] Módulo removido {
    "module": "teste2"
}
[2026-01-14 16:03:30] Módulo removido {
    "module": "testeeeeee"
}
[2026-01-14 16:03:30] Pasta criada {
    "path": "C:\\xampp\\htdocs\\Gustavo\\skyline2\/modules\/bbbbb"
}
[2026-01-14 16:03:30] Pasta criada {
    "path": "C:\\xampp\\htdocs\\Gustavo\\skyline2\/modules\/bbbbb\/views"
}
[2026-01-14 16:03:30] Pasta criada {
    "path": "C:\\xampp\\htdocs\\Gustavo\\skyline2\/modules\/bbbbb\/js"
}
[2026-01-14 16:03:30] Pasta criada {
    "path": "C:\\xampp\\htdocs\\Gustavo\\skyline2\/modules\/bbbbb\/css"
}
[2026-01-14 16:03:30] View criado {
    "file": "C:\\xampp\\htdocs\\Gustavo\\skyline2\/modules\/bbbbb\/views\/edit.php"
}
[2026-01-14 16:03:30] View criado {
    "file": "C:\\xampp\\htdocs\\Gustavo\\skyline2\/modules\/bbbbb\/views\/detail.php"
}
[2026-01-14 16:03:30] Router criado {
    "file": "C:\\xampp\\htdocs\\Gustavo\\skyline2\/modules\/bbbbb\/router.php"
}
[2026-01-14 16:03:30] Index View criado {
    "file": "C:\\xampp\\htdocs\\Gustavo\\skyline2\/modules\/bbbbb\/views\/index.php"
}
[2026-01-14 16:03:30] JS criado {
    "file": "C:\\xampp\\htdocs\\Gustavo\\skyline2\/modules\/bbbbb\/js\/bbbbb.js"
}
[2026-01-14 16:03:30] CSS criado {
    "file": "C:\\xampp\\htdocs\\Gustavo\\skyline2\/modules\/bbbbb\/css\/bbbbb.css"
}
[2026-01-14 16:03:30] Módulo gerado {
    "module": "bbbbb"
}
[2026-01-14 16:03:30] Pasta criada {
    "path": "C:\\xampp\\htdocs\\Gustavo\\skyline2\/modules\/clientes"
}
[2026-01-14 16:03:30] Pasta criada {
    "path": "C:\\xampp\\htdocs\\Gustavo\\skyline2\/modules\/clientes\/views"
}
[2026-01-14 16:03:30] Pasta criada {
    "path": "C:\\xampp\\htdocs\\Gustavo\\skyline2\/modules\/clientes\/js"
}
[2026-01-14 16:03:30] Pasta criada {
    "path": "C:\\xampp\\htdocs\\Gustavo\\skyline2\/modules\/clientes\/css"
}
[2026-01-14 16:03:30] View criado {
    "file": "C:\\xampp\\htdocs\\Gustavo\\skyline2\/modules\/clientes\/views\/edit.php"
}
[2026-01-14 16:03:30] View criado {
    "file": "C:\\xampp\\htdocs\\Gustavo\\skyline2\/modules\/clientes\/views\/detail.php"
}
[2026-01-14 16:03:30] Router criado {
    "file": "C:\\xampp\\htdocs\\Gustavo\\skyline2\/modules\/clientes\/router.php"
}
[2026-01-14 16:03:30] Index View criado {
    "file": "C:\\xampp\\htdocs\\Gustavo\\skyline2\/modules\/clientes\/views\/index.php"
}
[2026-01-14 16:03:30] JS criado {
    "file": "C:\\xampp\\htdocs\\Gustavo\\skyline2\/modules\/clientes\/js\/clientes.js"
}
[2026-01-14 16:03:30] CSS criado {
    "file": "C:\\xampp\\htdocs\\Gustavo\\skyline2\/modules\/clientes\/css\/clientes.css"
}
[2026-01-14 16:03:30] Módulo gerado {
    "module": "clientes"
}
[2026-01-14 16:03:30] Pasta criada {
    "path": "C:\\xampp\\htdocs\\Gustavo\\skyline2\/modules\/teste"
}
[2026-01-14 16:03:30] Pasta criada {
    "path": "C:\\xampp\\htdocs\\Gustavo\\skyline2\/modules\/teste\/views"
}
[2026-01-14 16:03:30] Pasta criada {
    "path": "C:\\xampp\\htdocs\\Gustavo\\skyline2\/modules\/teste\/js"
}
[2026-01-14 16:03:30] Pasta criada {
    "path": "C:\\xampp\\htdocs\\Gustavo\\skyline2\/modules\/teste\/css"
}
[2026-01-14 16:03:30] View criado {
    "file": "C:\\xampp\\htdocs\\Gustavo\\skyline2\/modules\/teste\/views\/edit.php"
}
[2026-01-14 16:03:30] View criado {
    "file": "C:\\xampp\\htdocs\\Gustavo\\skyline2\/modules\/teste\/views\/detail.php"
}
[2026-01-14 16:03:30] Router criado {
    "file": "C:\\xampp\\htdocs\\Gustavo\\skyline2\/modules\/teste\/router.php"
}
[2026-01-14 16:03:30] Index View criado {
    "file": "C:\\xampp\\htdocs\\Gustavo\\skyline2\/modules\/teste\/views\/index.php"
}
[2026-01-14 16:03:30] JS criado {
    "file": "C:\\xampp\\htdocs\\Gustavo\\skyline2\/modules\/teste\/js\/teste.js"
}
[2026-01-14 16:03:30] CSS criado {
    "file": "C:\\xampp\\htdocs\\Gustavo\\skyline2\/modules\/teste\/css\/teste.css"
}
[2026-01-14 16:03:30] Módulo gerado {
    "module": "teste"
}
[2026-01-14 16:03:30] Pasta criada {
    "path": "C:\\xampp\\htdocs\\Gustavo\\skyline2\/modules\/teste2"
}
[2026-01-14 16:03:30] Pasta criada {
    "path": "C:\\xampp\\htdocs\\Gustavo\\skyline2\/modules\/teste2\/views"
}
[2026-01-14 16:03:30] Pasta criada {
    "path": "C:\\xampp\\htdocs\\Gustavo\\skyline2\/modules\/teste2\/js"
}
[2026-01-14 16:03:30] Pasta criada {
    "path": "C:\\xampp\\htdocs\\Gustavo\\skyline2\/modules\/teste2\/css"
}
[2026-01-14 16:03:30] View criado {
    "file": "C:\\xampp\\htdocs\\Gustavo\\skyline2\/modules\/teste2\/views\/edit.php"
}
[2026-01-14 16:03:30] View criado {
    "file": "C:\\xampp\\htdocs\\Gustavo\\skyline2\/modules\/teste2\/views\/detail.php"
}
[2026-01-14 16:03:30] Router criado {
    "file": "C:\\xampp\\htdocs\\Gustavo\\skyline2\/modules\/teste2\/router.php"
}
[2026-01-14 16:03:30] Index View criado {
    "file": "C:\\xampp\\htdocs\\Gustavo\\skyline2\/modules\/teste2\/views\/index.php"
}
[2026-01-14 16:03:30] JS criado {
    "file": "C:\\xampp\\htdocs\\Gustavo\\skyline2\/modules\/teste2\/js\/teste2.js"
}
[2026-01-14 16:03:30] CSS criado {
    "file": "C:\\xampp\\htdocs\\Gustavo\\skyline2\/modules\/teste2\/css\/teste2.css"
}
[2026-01-14 16:03:30] Módulo gerado {
    "module": "teste2"
}
[2026-01-14 16:03:30] Pasta criada {
    "path": "C:\\xampp\\htdocs\\Gustavo\\skyline2\/modules\/testeeeeee"
}
[2026-01-14 16:03:30] Pasta criada {
    "path": "C:\\xampp\\htdocs\\Gustavo\\skyline2\/modules\/testeeeeee\/views"
}
[2026-01-14 16:03:30] Pasta criada {
    "path": "C:\\xampp\\htdocs\\Gustavo\\skyline2\/modules\/testeeeeee\/js"
}
[2026-01-14 16:03:30] Pasta criada {
    "path": "C:\\xampp\\htdocs\\Gustavo\\skyline2\/modules\/testeeeeee\/css"
}
[2026-01-14 16:03:30] View criado {
    "file": "C:\\xampp\\htdocs\\Gustavo\\skyline2\/modules\/testeeeeee\/views\/edit.php"
}
[2026-01-14 16:03:30] View criado {
    "file": "C:\\xampp\\htdocs\\Gustavo\\skyline2\/modules\/testeeeeee\/views\/detail.php"
}
[2026-01-14 16:03:30] Router criado {
    "file": "C:\\xampp\\htdocs\\Gustavo\\skyline2\/modules\/testeeeeee\/router.php"
}
[2026-01-14 16:03:30] Index View criado {
    "file": "C:\\xampp\\htdocs\\Gustavo\\skyline2\/modules\/testeeeeee\/views\/index.php"
}
[2026-01-14 16:03:30] JS criado {
    "file": "C:\\xampp\\htdocs\\Gustavo\\skyline2\/modules\/testeeeeee\/js\/testeeeeee.js"
}
[2026-01-14 16:03:30] CSS criado {
    "file": "C:\\xampp\\htdocs\\Gustavo\\skyline2\/modules\/testeeeeee\/css\/testeeeeee.css"
}
[2026-01-14 16:03:30] Módulo gerado {
    "module": "testeeeeee"
}
[2026-01-14 19:49:06] Tabela dropada com sucesso {
    "table": "testeeeeee"
}
[2026-01-16 11:50:26] Arquivo de metadata deletado {
    "file": "C:\\xampp\\htdocs\\skyline2trabalho\\skyline2\\metadata\/bbbbb.json"
}
[2026-01-16 11:50:26] Arquivo de metadata deletado {
    "file": "C:\\xampp\\htdocs\\skyline2trabalho\\skyline2\\metadata\/clientes.json"
}
[2026-01-16 11:50:26] Arquivo de metadata deletado {
    "file": "C:\\xampp\\htdocs\\skyline2trabalho\\skyline2\\metadata\/reports.json"
}
[2026-01-16 11:50:26] Arquivo de metadata deletado {
    "file": "C:\\xampp\\htdocs\\skyline2trabalho\\skyline2\\metadata\/teste.json"
}
[2026-01-16 11:50:26] Arquivo de metadata deletado {
    "file": "C:\\xampp\\htdocs\\skyline2trabalho\\skyline2\\metadata\/teste2.json"
}
[2026-01-16 11:50:26] Arquivo de metadata deletado {
    "file": "C:\\xampp\\htdocs\\skyline2trabalho\\skyline2\\metadata\/testeeeeee.json"
}
[2026-01-16 11:50:26] Arquivo de metadata salvo. {
    "table": "clientes"
}
[2026-01-16 11:50:26] Arquivo de metadata salvo. {
    "table": "itens_servico"
}
[2026-01-16 11:50:26] Arquivo de metadata salvo. {
    "table": "servicos"
}
[2026-01-16 11:50:26] Arquivo de metadata salvo. {
    "table": "veiculos"
}
[2026-01-16 11:50:26] Módulo removido {
    "module": "bbbbb"
}
[2026-01-16 11:50:26] Módulo removido {
    "module": "clientes"
}
[2026-01-16 11:50:26] Módulo removido {
    "module": "teste"
}
[2026-01-16 11:50:26] Módulo removido {
    "module": "teste2"
}
[2026-01-16 11:50:26] Módulo removido {
    "module": "testeeeeee"
}
[2026-01-16 11:50:26] Pasta criada {
    "path": "C:\\xampp\\htdocs\\skyline2trabalho\\skyline2\/modules\/clientes"
}
[2026-01-16 11:50:26] Pasta criada {
    "path": "C:\\xampp\\htdocs\\skyline2trabalho\\skyline2\/modules\/clientes\/views"
}
[2026-01-16 11:50:26] Pasta criada {
    "path": "C:\\xampp\\htdocs\\skyline2trabalho\\skyline2\/modules\/clientes\/js"
}
[2026-01-16 11:50:26] Pasta criada {
    "path": "C:\\xampp\\htdocs\\skyline2trabalho\\skyline2\/modules\/clientes\/css"
}
[2026-01-16 11:50:26] View criado {
    "file": "C:\\xampp\\htdocs\\skyline2trabalho\\skyline2\/modules\/clientes\/views\/edit.php"
}
[2026-01-16 11:50:26] View criado {
    "file": "C:\\xampp\\htdocs\\skyline2trabalho\\skyline2\/modules\/clientes\/views\/detail.php"
}
[2026-01-16 11:50:26] Router criado {
    "file": "C:\\xampp\\htdocs\\skyline2trabalho\\skyline2\/modules\/clientes\/router.php"
}
[2026-01-16 11:50:26] Index View criado {
    "file": "C:\\xampp\\htdocs\\skyline2trabalho\\skyline2\/modules\/clientes\/views\/index.php"
}
[2026-01-16 11:50:26] JS criado {
    "file": "C:\\xampp\\htdocs\\skyline2trabalho\\skyline2\/modules\/clientes\/js\/clientes.js"
}
[2026-01-16 11:50:26] CSS criado {
    "file": "C:\\xampp\\htdocs\\skyline2trabalho\\skyline2\/modules\/clientes\/css\/clientes.css"
}
[2026-01-16 11:50:26] Módulo gerado {
    "module": "clientes"
}
[2026-01-16 11:50:26] Pasta criada {
    "path": "C:\\xampp\\htdocs\\skyline2trabalho\\skyline2\/modules\/itens_servico"
}
[2026-01-16 11:50:26] Pasta criada {
    "path": "C:\\xampp\\htdocs\\skyline2trabalho\\skyline2\/modules\/itens_servico\/views"
}
[2026-01-16 11:50:26] Pasta criada {
    "path": "C:\\xampp\\htdocs\\skyline2trabalho\\skyline2\/modules\/itens_servico\/js"
}
[2026-01-16 11:50:26] Pasta criada {
    "path": "C:\\xampp\\htdocs\\skyline2trabalho\\skyline2\/modules\/itens_servico\/css"
}
[2026-01-16 11:50:26] View criado {
    "file": "C:\\xampp\\htdocs\\skyline2trabalho\\skyline2\/modules\/itens_servico\/views\/edit.php"
}
[2026-01-16 11:50:26] View criado {
    "file": "C:\\xampp\\htdocs\\skyline2trabalho\\skyline2\/modules\/itens_servico\/views\/detail.php"
}
[2026-01-16 11:50:26] Router criado {
    "file": "C:\\xampp\\htdocs\\skyline2trabalho\\skyline2\/modules\/itens_servico\/router.php"
}
[2026-01-16 11:50:26] Index View criado {
    "file": "C:\\xampp\\htdocs\\skyline2trabalho\\skyline2\/modules\/itens_servico\/views\/index.php"
}
[2026-01-16 11:50:26] JS criado {
    "file": "C:\\xampp\\htdocs\\skyline2trabalho\\skyline2\/modules\/itens_servico\/js\/itens_servico.js"
}
[2026-01-16 11:50:26] CSS criado {
    "file": "C:\\xampp\\htdocs\\skyline2trabalho\\skyline2\/modules\/itens_servico\/css\/itens_servico.css"
}
[2026-01-16 11:50:26] Módulo gerado {
    "module": "itens_servico"
}
[2026-01-16 11:50:26] Pasta criada {
    "path": "C:\\xampp\\htdocs\\skyline2trabalho\\skyline2\/modules\/servicos"
}
[2026-01-16 11:50:26] Pasta criada {
    "path": "C:\\xampp\\htdocs\\skyline2trabalho\\skyline2\/modules\/servicos\/views"
}
[2026-01-16 11:50:26] Pasta criada {
    "path": "C:\\xampp\\htdocs\\skyline2trabalho\\skyline2\/modules\/servicos\/js"
}
[2026-01-16 11:50:26] Pasta criada {
    "path": "C:\\xampp\\htdocs\\skyline2trabalho\\skyline2\/modules\/servicos\/css"
}
[2026-01-16 11:50:26] View criado {
    "file": "C:\\xampp\\htdocs\\skyline2trabalho\\skyline2\/modules\/servicos\/views\/edit.php"
}
[2026-01-16 11:50:26] View criado {
    "file": "C:\\xampp\\htdocs\\skyline2trabalho\\skyline2\/modules\/servicos\/views\/detail.php"
}
[2026-01-16 11:50:26] Router criado {
    "file": "C:\\xampp\\htdocs\\skyline2trabalho\\skyline2\/modules\/servicos\/router.php"
}
[2026-01-16 11:50:26] Index View criado {
    "file": "C:\\xampp\\htdocs\\skyline2trabalho\\skyline2\/modules\/servicos\/views\/index.php"
}
[2026-01-16 11:50:26] JS criado {
    "file": "C:\\xampp\\htdocs\\skyline2trabalho\\skyline2\/modules\/servicos\/js\/servicos.js"
}
[2026-01-16 11:50:26] CSS criado {
    "file": "C:\\xampp\\htdocs\\skyline2trabalho\\skyline2\/modules\/servicos\/css\/servicos.css"
}
[2026-01-16 11:50:26] Módulo gerado {
    "module": "servicos"
}
[2026-01-16 11:50:26] Pasta criada {
    "path": "C:\\xampp\\htdocs\\skyline2trabalho\\skyline2\/modules\/veiculos"
}
[2026-01-16 11:50:26] Pasta criada {
    "path": "C:\\xampp\\htdocs\\skyline2trabalho\\skyline2\/modules\/veiculos\/views"
}
[2026-01-16 11:50:26] Pasta criada {
    "path": "C:\\xampp\\htdocs\\skyline2trabalho\\skyline2\/modules\/veiculos\/js"
}
[2026-01-16 11:50:26] Pasta criada {
    "path": "C:\\xampp\\htdocs\\skyline2trabalho\\skyline2\/modules\/veiculos\/css"
}
[2026-01-16 11:50:26] View criado {
    "file": "C:\\xampp\\htdocs\\skyline2trabalho\\skyline2\/modules\/veiculos\/views\/edit.php"
}
[2026-01-16 11:50:26] View criado {
    "file": "C:\\xampp\\htdocs\\skyline2trabalho\\skyline2\/modules\/veiculos\/views\/detail.php"
}
[2026-01-16 11:50:26] Router criado {
    "file": "C:\\xampp\\htdocs\\skyline2trabalho\\skyline2\/modules\/veiculos\/router.php"
}
[2026-01-16 11:50:26] Index View criado {
    "file": "C:\\xampp\\htdocs\\skyline2trabalho\\skyline2\/modules\/veiculos\/views\/index.php"
}
[2026-01-16 11:50:26] JS criado {
    "file": "C:\\xampp\\htdocs\\skyline2trabalho\\skyline2\/modules\/veiculos\/js\/veiculos.js"
}
[2026-01-16 11:50:26] CSS criado {
    "file": "C:\\xampp\\htdocs\\skyline2trabalho\\skyline2\/modules\/veiculos\/css\/veiculos.css"
}
[2026-01-16 11:50:26] Módulo gerado {
    "module": "veiculos"
}
[2026-01-16 11:50:26] Relacionamento items criado {
    "parent": "servicos",
    "child": "itens_servico",
    "foreign_key": "servico_id"
}
[2026-01-16 11:50:26] Relacionamento items criado {
    "parent": "clientes",
    "child": "veiculos",
    "foreign_key": "cliente_id"
}
[2026-01-19 13:45:25] Arquivo de metadata deletado {
    "file": "C:\\xampp\\htdocs\\Gustavo\\skyline2\\metadata\/clientes.json"
}
[2026-01-19 13:45:25] Arquivo de metadata deletado {
    "file": "C:\\xampp\\htdocs\\Gustavo\\skyline2\\metadata\/itens_servico.json"
}
[2026-01-19 13:45:25] Arquivo de metadata deletado {
    "file": "C:\\xampp\\htdocs\\Gustavo\\skyline2\\metadata\/reports.json"
}
[2026-01-19 13:45:25] Arquivo de metadata deletado {
    "file": "C:\\xampp\\htdocs\\Gustavo\\skyline2\\metadata\/servicos.json"
}
[2026-01-19 13:45:25] Arquivo de metadata deletado {
    "file": "C:\\xampp\\htdocs\\Gustavo\\skyline2\\metadata\/veiculos.json"
}
[2026-01-19 13:45:25] Arquivo de metadata salvo. {
    "table": "clientes"
}
[2026-01-19 13:45:25] Arquivo de metadata salvo. {
    "table": "pedidos"
}
[2026-01-19 13:45:25] Arquivo de metadata salvo. {
    "table": "task_comments"
}
[2026-01-19 13:45:25] Arquivo de metadata salvo. {
    "table": "tasks"
}
[2026-01-19 13:45:25] Arquivo de metadata salvo. {
    "table": "veiculos"
}
[2026-01-19 13:45:25] Módulo removido {
    "module": "clientes"
}
[2026-01-19 13:45:25] Módulo removido {
    "module": "itens_servico"
}
[2026-01-19 13:45:25] Módulo removido {
    "module": "servicos"
}
[2026-01-19 13:45:25] Módulo removido {
    "module": "veiculos"
}
[2026-01-19 13:45:25] Pasta criada {
    "path": "C:\\xampp\\htdocs\\Gustavo\\skyline2\/modules\/clientes"
}
[2026-01-19 13:45:25] Pasta criada {
    "path": "C:\\xampp\\htdocs\\Gustavo\\skyline2\/modules\/clientes\/views"
}
[2026-01-19 13:45:25] Pasta criada {
    "path": "C:\\xampp\\htdocs\\Gustavo\\skyline2\/modules\/clientes\/js"
}
[2026-01-19 13:45:25] Pasta criada {
    "path": "C:\\xampp\\htdocs\\Gustavo\\skyline2\/modules\/clientes\/css"
}
[2026-01-19 13:45:25] View criado {
    "file": "C:\\xampp\\htdocs\\Gustavo\\skyline2\/modules\/clientes\/views\/edit.php"
}
[2026-01-19 13:45:25] View criado {
    "file": "C:\\xampp\\htdocs\\Gustavo\\skyline2\/modules\/clientes\/views\/detail.php"
}
[2026-01-19 13:45:25] Router criado {
    "file": "C:\\xampp\\htdocs\\Gustavo\\skyline2\/modules\/clientes\/router.php"
}
[2026-01-19 13:45:25] Index View criado {
    "file": "C:\\xampp\\htdocs\\Gustavo\\skyline2\/modules\/clientes\/views\/index.php"
}
[2026-01-19 13:45:25] JS criado {
    "file": "C:\\xampp\\htdocs\\Gustavo\\skyline2\/modules\/clientes\/js\/clientes.js"
}
[2026-01-19 13:45:25] CSS criado {
    "file": "C:\\xampp\\htdocs\\Gustavo\\skyline2\/modules\/clientes\/css\/clientes.css"
}
[2026-01-19 13:45:25] Módulo gerado {
    "module": "clientes"
}
[2026-01-19 13:45:25] Pasta criada {
    "path": "C:\\xampp\\htdocs\\Gustavo\\skyline2\/modules\/pedidos"
}
[2026-01-19 13:45:25] Pasta criada {
    "path": "C:\\xampp\\htdocs\\Gustavo\\skyline2\/modules\/pedidos\/views"
}
[2026-01-19 13:45:25] Pasta criada {
    "path": "C:\\xampp\\htdocs\\Gustavo\\skyline2\/modules\/pedidos\/js"
}
[2026-01-19 13:45:25] Pasta criada {
    "path": "C:\\xampp\\htdocs\\Gustavo\\skyline2\/modules\/pedidos\/css"
}
[2026-01-19 13:45:25] View criado {
    "file": "C:\\xampp\\htdocs\\Gustavo\\skyline2\/modules\/pedidos\/views\/edit.php"
}
[2026-01-19 13:45:25] View criado {
    "file": "C:\\xampp\\htdocs\\Gustavo\\skyline2\/modules\/pedidos\/views\/detail.php"
}
[2026-01-19 13:45:25] Router criado {
    "file": "C:\\xampp\\htdocs\\Gustavo\\skyline2\/modules\/pedidos\/router.php"
}
[2026-01-19 13:45:25] Index View criado {
    "file": "C:\\xampp\\htdocs\\Gustavo\\skyline2\/modules\/pedidos\/views\/index.php"
}
[2026-01-19 13:45:25] JS criado {
    "file": "C:\\xampp\\htdocs\\Gustavo\\skyline2\/modules\/pedidos\/js\/pedidos.js"
}
[2026-01-19 13:45:25] CSS criado {
    "file": "C:\\xampp\\htdocs\\Gustavo\\skyline2\/modules\/pedidos\/css\/pedidos.css"
}
[2026-01-19 13:45:25] Módulo gerado {
    "module": "pedidos"
}
[2026-01-19 13:45:25] Pasta criada {
    "path": "C:\\xampp\\htdocs\\Gustavo\\skyline2\/modules\/task_comments"
}
[2026-01-19 13:45:25] Pasta criada {
    "path": "C:\\xampp\\htdocs\\Gustavo\\skyline2\/modules\/task_comments\/views"
}
[2026-01-19 13:45:25] Pasta criada {
    "path": "C:\\xampp\\htdocs\\Gustavo\\skyline2\/modules\/task_comments\/js"
}
[2026-01-19 13:45:25] Pasta criada {
    "path": "C:\\xampp\\htdocs\\Gustavo\\skyline2\/modules\/task_comments\/css"
}
[2026-01-19 13:45:25] View criado {
    "file": "C:\\xampp\\htdocs\\Gustavo\\skyline2\/modules\/task_comments\/views\/edit.php"
}
[2026-01-19 13:45:25] View criado {
    "file": "C:\\xampp\\htdocs\\Gustavo\\skyline2\/modules\/task_comments\/views\/detail.php"
}
[2026-01-19 13:45:25] Router criado {
    "file": "C:\\xampp\\htdocs\\Gustavo\\skyline2\/modules\/task_comments\/router.php"
}
[2026-01-19 13:45:25] Index View criado {
    "file": "C:\\xampp\\htdocs\\Gustavo\\skyline2\/modules\/task_comments\/views\/index.php"
}
[2026-01-19 13:45:25] JS criado {
    "file": "C:\\xampp\\htdocs\\Gustavo\\skyline2\/modules\/task_comments\/js\/task_comments.js"
}
[2026-01-19 13:45:25] CSS criado {
    "file": "C:\\xampp\\htdocs\\Gustavo\\skyline2\/modules\/task_comments\/css\/task_comments.css"
}
[2026-01-19 13:45:25] Módulo gerado {
    "module": "task_comments"
}
[2026-01-19 13:45:25] Pasta criada {
    "path": "C:\\xampp\\htdocs\\Gustavo\\skyline2\/modules\/tasks"
}
[2026-01-19 13:45:25] Pasta criada {
    "path": "C:\\xampp\\htdocs\\Gustavo\\skyline2\/modules\/tasks\/views"
}
[2026-01-19 13:45:25] Pasta criada {
    "path": "C:\\xampp\\htdocs\\Gustavo\\skyline2\/modules\/tasks\/js"
}
[2026-01-19 13:45:25] Pasta criada {
    "path": "C:\\xampp\\htdocs\\Gustavo\\skyline2\/modules\/tasks\/css"
}
[2026-01-19 13:45:25] View criado {
    "file": "C:\\xampp\\htdocs\\Gustavo\\skyline2\/modules\/tasks\/views\/edit.php"
}
[2026-01-19 13:45:25] View criado {
    "file": "C:\\xampp\\htdocs\\Gustavo\\skyline2\/modules\/tasks\/views\/detail.php"
}
[2026-01-19 13:45:25] Router criado {
    "file": "C:\\xampp\\htdocs\\Gustavo\\skyline2\/modules\/tasks\/router.php"
}
[2026-01-19 13:45:25] Index View criado {
    "file": "C:\\xampp\\htdocs\\Gustavo\\skyline2\/modules\/tasks\/views\/index.php"
}
[2026-01-19 13:45:25] JS criado {
    "file": "C:\\xampp\\htdocs\\Gustavo\\skyline2\/modules\/tasks\/js\/tasks.js"
}
[2026-01-19 13:45:25] CSS criado {
    "file": "C:\\xampp\\htdocs\\Gustavo\\skyline2\/modules\/tasks\/css\/tasks.css"
}
[2026-01-19 13:45:25] Módulo gerado {
    "module": "tasks"
}
[2026-01-19 13:45:25] Pasta criada {
    "path": "C:\\xampp\\htdocs\\Gustavo\\skyline2\/modules\/veiculos"
}
[2026-01-19 13:45:25] Pasta criada {
    "path": "C:\\xampp\\htdocs\\Gustavo\\skyline2\/modules\/veiculos\/views"
}
[2026-01-19 13:45:25] Pasta criada {
    "path": "C:\\xampp\\htdocs\\Gustavo\\skyline2\/modules\/veiculos\/js"
}
[2026-01-19 13:45:25] Pasta criada {
    "path": "C:\\xampp\\htdocs\\Gustavo\\skyline2\/modules\/veiculos\/css"
}
[2026-01-19 13:45:25] View criado {
    "file": "C:\\xampp\\htdocs\\Gustavo\\skyline2\/modules\/veiculos\/views\/edit.php"
}
[2026-01-19 13:45:25] View criado {
    "file": "C:\\xampp\\htdocs\\Gustavo\\skyline2\/modules\/veiculos\/views\/detail.php"
}
[2026-01-19 13:45:25] Router criado {
    "file": "C:\\xampp\\htdocs\\Gustavo\\skyline2\/modules\/veiculos\/router.php"
}
[2026-01-19 13:45:25] Index View criado {
    "file": "C:\\xampp\\htdocs\\Gustavo\\skyline2\/modules\/veiculos\/views\/index.php"
}
[2026-01-19 13:45:25] JS criado {
    "file": "C:\\xampp\\htdocs\\Gustavo\\skyline2\/modules\/veiculos\/js\/veiculos.js"
}
[2026-01-19 13:45:25] CSS criado {
    "file": "C:\\xampp\\htdocs\\Gustavo\\skyline2\/modules\/veiculos\/css\/veiculos.css"
}
[2026-01-19 13:45:25] Módulo gerado {
    "module": "veiculos"
}
[2026-01-19 13:45:25] Relacionamento items criado {
    "parent": "clientes",
    "child": "pedidos",
    "foreign_key": "cliente_id"
}
[2026-01-19 13:45:25] Relacionamento items criado {
    "parent": "tasks",
    "child": "task_comments",
    "foreign_key": "task_id"
}
[2026-01-19 13:45:25] Relacionamento items criado {
    "parent": "clientes",
    "child": "veiculos",
    "foreign_key": "cliente_id"
}
[2026-01-19 13:45:43] Arquivo de metadata deletado {
    "file": "C:\\xampp\\htdocs\\Gustavo\\skyline2\\metadata\/clientes.json"
}
[2026-01-19 13:45:43] Arquivo de metadata deletado {
    "file": "C:\\xampp\\htdocs\\Gustavo\\skyline2\\metadata\/pedidos.json"
}
[2026-01-19 13:45:43] Arquivo de metadata deletado {
    "file": "C:\\xampp\\htdocs\\Gustavo\\skyline2\\metadata\/reports.json"
}
[2026-01-19 13:45:43] Arquivo de metadata deletado {
    "file": "C:\\xampp\\htdocs\\Gustavo\\skyline2\\metadata\/task_comments.json"
}
[2026-01-19 13:45:43] Arquivo de metadata deletado {
    "file": "C:\\xampp\\htdocs\\Gustavo\\skyline2\\metadata\/tasks.json"
}
[2026-01-19 13:45:43] Arquivo de metadata deletado {
    "file": "C:\\xampp\\htdocs\\Gustavo\\skyline2\\metadata\/veiculos.json"
}
[2026-01-19 13:45:43] Arquivo de metadata salvo. {
    "table": "clientes"
}
[2026-01-19 13:45:43] Arquivo de metadata salvo. {
    "table": "pedidos"
}
[2026-01-19 13:45:43] Arquivo de metadata salvo. {
    "table": "task_comments"
}
[2026-01-19 13:45:43] Arquivo de metadata salvo. {
    "table": "tasks"
}
[2026-01-19 13:45:43] Arquivo de metadata salvo. {
    "table": "veiculos"
}
[2026-01-19 13:45:43] Módulo removido {
    "module": "clientes"
}
[2026-01-19 13:45:43] Módulo removido {
    "module": "pedidos"
}
[2026-01-19 13:45:43] Módulo removido {
    "module": "task_comments"
}
[2026-01-19 13:45:43] Módulo removido {
    "module": "tasks"
}
[2026-01-19 13:45:43] Módulo removido {
    "module": "veiculos"
}
[2026-01-19 13:45:43] Pasta criada {
    "path": "C:\\xampp\\htdocs\\Gustavo\\skyline2\/modules\/clientes"
}
[2026-01-19 13:45:43] Pasta criada {
    "path": "C:\\xampp\\htdocs\\Gustavo\\skyline2\/modules\/clientes\/views"
}
[2026-01-19 13:45:43] Pasta criada {
    "path": "C:\\xampp\\htdocs\\Gustavo\\skyline2\/modules\/clientes\/js"
}
[2026-01-19 13:45:43] Pasta criada {
    "path": "C:\\xampp\\htdocs\\Gustavo\\skyline2\/modules\/clientes\/css"
}
[2026-01-19 13:45:43] View criado {
    "file": "C:\\xampp\\htdocs\\Gustavo\\skyline2\/modules\/clientes\/views\/edit.php"
}
[2026-01-19 13:45:43] View criado {
    "file": "C:\\xampp\\htdocs\\Gustavo\\skyline2\/modules\/clientes\/views\/detail.php"
}
[2026-01-19 13:45:43] Router criado {
    "file": "C:\\xampp\\htdocs\\Gustavo\\skyline2\/modules\/clientes\/router.php"
}
[2026-01-19 13:45:43] Index View criado {
    "file": "C:\\xampp\\htdocs\\Gustavo\\skyline2\/modules\/clientes\/views\/index.php"
}
[2026-01-19 13:45:43] JS criado {
    "file": "C:\\xampp\\htdocs\\Gustavo\\skyline2\/modules\/clientes\/js\/clientes.js"
}
[2026-01-19 13:45:43] CSS criado {
    "file": "C:\\xampp\\htdocs\\Gustavo\\skyline2\/modules\/clientes\/css\/clientes.css"
}
[2026-01-19 13:45:43] Módulo gerado {
    "module": "clientes"
}
[2026-01-19 13:45:43] Pasta criada {
    "path": "C:\\xampp\\htdocs\\Gustavo\\skyline2\/modules\/pedidos"
}
[2026-01-19 13:45:43] Pasta criada {
    "path": "C:\\xampp\\htdocs\\Gustavo\\skyline2\/modules\/pedidos\/views"
}
[2026-01-19 13:45:43] Pasta criada {
    "path": "C:\\xampp\\htdocs\\Gustavo\\skyline2\/modules\/pedidos\/js"
}
[2026-01-19 13:45:43] Pasta criada {
    "path": "C:\\xampp\\htdocs\\Gustavo\\skyline2\/modules\/pedidos\/css"
}
[2026-01-19 13:45:43] View criado {
    "file": "C:\\xampp\\htdocs\\Gustavo\\skyline2\/modules\/pedidos\/views\/edit.php"
}
[2026-01-19 13:45:43] View criado {
    "file": "C:\\xampp\\htdocs\\Gustavo\\skyline2\/modules\/pedidos\/views\/detail.php"
}
[2026-01-19 13:45:43] Router criado {
    "file": "C:\\xampp\\htdocs\\Gustavo\\skyline2\/modules\/pedidos\/router.php"
}
[2026-01-19 13:45:43] Index View criado {
    "file": "C:\\xampp\\htdocs\\Gustavo\\skyline2\/modules\/pedidos\/views\/index.php"
}
[2026-01-19 13:45:43] JS criado {
    "file": "C:\\xampp\\htdocs\\Gustavo\\skyline2\/modules\/pedidos\/js\/pedidos.js"
}
[2026-01-19 13:45:43] CSS criado {
    "file": "C:\\xampp\\htdocs\\Gustavo\\skyline2\/modules\/pedidos\/css\/pedidos.css"
}
[2026-01-19 13:45:43] Módulo gerado {
    "module": "pedidos"
}
[2026-01-19 13:45:43] Pasta criada {
    "path": "C:\\xampp\\htdocs\\Gustavo\\skyline2\/modules\/task_comments"
}
[2026-01-19 13:45:43] Pasta criada {
    "path": "C:\\xampp\\htdocs\\Gustavo\\skyline2\/modules\/task_comments\/views"
}
[2026-01-19 13:45:43] Pasta criada {
    "path": "C:\\xampp\\htdocs\\Gustavo\\skyline2\/modules\/task_comments\/js"
}
[2026-01-19 13:45:43] Pasta criada {
    "path": "C:\\xampp\\htdocs\\Gustavo\\skyline2\/modules\/task_comments\/css"
}
[2026-01-19 13:45:43] View criado {
    "file": "C:\\xampp\\htdocs\\Gustavo\\skyline2\/modules\/task_comments\/views\/edit.php"
}
[2026-01-19 13:45:43] View criado {
    "file": "C:\\xampp\\htdocs\\Gustavo\\skyline2\/modules\/task_comments\/views\/detail.php"
}
[2026-01-19 13:45:43] Router criado {
    "file": "C:\\xampp\\htdocs\\Gustavo\\skyline2\/modules\/task_comments\/router.php"
}
[2026-01-19 13:45:43] Index View criado {
    "file": "C:\\xampp\\htdocs\\Gustavo\\skyline2\/modules\/task_comments\/views\/index.php"
}
[2026-01-19 13:45:43] JS criado {
    "file": "C:\\xampp\\htdocs\\Gustavo\\skyline2\/modules\/task_comments\/js\/task_comments.js"
}
[2026-01-19 13:45:43] CSS criado {
    "file": "C:\\xampp\\htdocs\\Gustavo\\skyline2\/modules\/task_comments\/css\/task_comments.css"
}
[2026-01-19 13:45:43] Módulo gerado {
    "module": "task_comments"
}
[2026-01-19 13:45:43] Pasta criada {
    "path": "C:\\xampp\\htdocs\\Gustavo\\skyline2\/modules\/tasks"
}
[2026-01-19 13:45:43] Pasta criada {
    "path": "C:\\xampp\\htdocs\\Gustavo\\skyline2\/modules\/tasks\/views"
}
[2026-01-19 13:45:43] Pasta criada {
    "path": "C:\\xampp\\htdocs\\Gustavo\\skyline2\/modules\/tasks\/js"
}
[2026-01-19 13:45:43] Pasta criada {
    "path": "C:\\xampp\\htdocs\\Gustavo\\skyline2\/modules\/tasks\/css"
}
[2026-01-19 13:45:43] View criado {
    "file": "C:\\xampp\\htdocs\\Gustavo\\skyline2\/modules\/tasks\/views\/edit.php"
}
[2026-01-19 13:45:43] View criado {
    "file": "C:\\xampp\\htdocs\\Gustavo\\skyline2\/modules\/tasks\/views\/detail.php"
}
[2026-01-19 13:45:43] Router criado {
    "file": "C:\\xampp\\htdocs\\Gustavo\\skyline2\/modules\/tasks\/router.php"
}
[2026-01-19 13:45:43] Index View criado {
    "file": "C:\\xampp\\htdocs\\Gustavo\\skyline2\/modules\/tasks\/views\/index.php"
}
[2026-01-19 13:45:43] JS criado {
    "file": "C:\\xampp\\htdocs\\Gustavo\\skyline2\/modules\/tasks\/js\/tasks.js"
}
[2026-01-19 13:45:43] CSS criado {
    "file": "C:\\xampp\\htdocs\\Gustavo\\skyline2\/modules\/tasks\/css\/tasks.css"
}
[2026-01-19 13:45:43] Módulo gerado {
    "module": "tasks"
}
[2026-01-19 13:45:43] Pasta criada {
    "path": "C:\\xampp\\htdocs\\Gustavo\\skyline2\/modules\/veiculos"
}
[2026-01-19 13:45:43] Pasta criada {
    "path": "C:\\xampp\\htdocs\\Gustavo\\skyline2\/modules\/veiculos\/views"
}
[2026-01-19 13:45:43] Pasta criada {
    "path": "C:\\xampp\\htdocs\\Gustavo\\skyline2\/modules\/veiculos\/js"
}
[2026-01-19 13:45:43] Pasta criada {
    "path": "C:\\xampp\\htdocs\\Gustavo\\skyline2\/modules\/veiculos\/css"
}
[2026-01-19 13:45:43] View criado {
    "file": "C:\\xampp\\htdocs\\Gustavo\\skyline2\/modules\/veiculos\/views\/edit.php"
}
[2026-01-19 13:45:43] View criado {
    "file": "C:\\xampp\\htdocs\\Gustavo\\skyline2\/modules\/veiculos\/views\/detail.php"
}
[2026-01-19 13:45:43] Router criado {
    "file": "C:\\xampp\\htdocs\\Gustavo\\skyline2\/modules\/veiculos\/router.php"
}
[2026-01-19 13:45:43] Index View criado {
    "file": "C:\\xampp\\htdocs\\Gustavo\\skyline2\/modules\/veiculos\/views\/index.php"
}
[2026-01-19 13:45:43] JS criado {
    "file": "C:\\xampp\\htdocs\\Gustavo\\skyline2\/modules\/veiculos\/js\/veiculos.js"
}
[2026-01-19 13:45:43] CSS criado {
    "file": "C:\\xampp\\htdocs\\Gustavo\\skyline2\/modules\/veiculos\/css\/veiculos.css"
}
[2026-01-19 13:45:43] Módulo gerado {
    "module": "veiculos"
}
[2026-01-19 13:45:43] Relacionamento items criado {
    "parent": "clientes",
    "child": "pedidos",
    "foreign_key": "cliente_id"
}
[2026-01-19 13:45:43] Relacionamento items criado {
    "parent": "tasks",
    "child": "task_comments",
    "foreign_key": "task_id"
}
[2026-01-19 13:45:43] Relacionamento items criado {
    "parent": "clientes",
    "child": "veiculos",
    "foreign_key": "cliente_id"
}
[2026-01-19 13:45:59] Arquivo de metadata deletado {
    "file": "C:\\xampp\\htdocs\\Gustavo\\skyline2\\metadata\/clientes.json"
}
[2026-01-19 13:45:59] Arquivo de metadata deletado {
    "file": "C:\\xampp\\htdocs\\Gustavo\\skyline2\\metadata\/pedidos.json"
}
[2026-01-19 13:45:59] Arquivo de metadata deletado {
    "file": "C:\\xampp\\htdocs\\Gustavo\\skyline2\\metadata\/reports.json"
}
[2026-01-19 13:45:59] Arquivo de metadata deletado {
    "file": "C:\\xampp\\htdocs\\Gustavo\\skyline2\\metadata\/task_comments.json"
}
[2026-01-19 13:45:59] Arquivo de metadata deletado {
    "file": "C:\\xampp\\htdocs\\Gustavo\\skyline2\\metadata\/tasks.json"
}
[2026-01-19 13:45:59] Arquivo de metadata deletado {
    "file": "C:\\xampp\\htdocs\\Gustavo\\skyline2\\metadata\/veiculos.json"
}
[2026-01-19 13:45:59] Arquivo de metadata salvo. {
    "table": "clientes"
}
[2026-01-19 13:45:59] Arquivo de metadata salvo. {
    "table": "pedidos"
}
[2026-01-19 13:45:59] Arquivo de metadata salvo. {
    "table": "task_comments"
}
[2026-01-19 13:45:59] Arquivo de metadata salvo. {
    "table": "tasks"
}
[2026-01-19 13:45:59] Arquivo de metadata salvo. {
    "table": "veiculos"
}
[2026-01-19 13:45:59] Módulo removido {
    "module": "clientes"
}
[2026-01-19 13:45:59] Módulo removido {
    "module": "pedidos"
}
[2026-01-19 13:45:59] Módulo removido {
    "module": "task_comments"
}
[2026-01-19 13:45:59] Módulo removido {
    "module": "tasks"
}
[2026-01-19 13:45:59] Módulo removido {
    "module": "veiculos"
}
[2026-01-19 13:45:59] Pasta criada {
    "path": "C:\\xampp\\htdocs\\Gustavo\\skyline2\/modules\/clientes"
}
[2026-01-19 13:45:59] Pasta criada {
    "path": "C:\\xampp\\htdocs\\Gustavo\\skyline2\/modules\/clientes\/views"
}
[2026-01-19 13:45:59] Pasta criada {
    "path": "C:\\xampp\\htdocs\\Gustavo\\skyline2\/modules\/clientes\/js"
}
[2026-01-19 13:45:59] Pasta criada {
    "path": "C:\\xampp\\htdocs\\Gustavo\\skyline2\/modules\/clientes\/css"
}
[2026-01-19 13:45:59] View criado {
    "file": "C:\\xampp\\htdocs\\Gustavo\\skyline2\/modules\/clientes\/views\/edit.php"
}
[2026-01-19 13:45:59] View criado {
    "file": "C:\\xampp\\htdocs\\Gustavo\\skyline2\/modules\/clientes\/views\/detail.php"
}
[2026-01-19 13:45:59] Router criado {
    "file": "C:\\xampp\\htdocs\\Gustavo\\skyline2\/modules\/clientes\/router.php"
}
[2026-01-19 13:45:59] Index View criado {
    "file": "C:\\xampp\\htdocs\\Gustavo\\skyline2\/modules\/clientes\/views\/index.php"
}
[2026-01-19 13:45:59] JS criado {
    "file": "C:\\xampp\\htdocs\\Gustavo\\skyline2\/modules\/clientes\/js\/clientes.js"
}
[2026-01-19 13:45:59] CSS criado {
    "file": "C:\\xampp\\htdocs\\Gustavo\\skyline2\/modules\/clientes\/css\/clientes.css"
}
[2026-01-19 13:45:59] Módulo gerado {
    "module": "clientes"
}
[2026-01-19 13:45:59] Pasta criada {
    "path": "C:\\xampp\\htdocs\\Gustavo\\skyline2\/modules\/pedidos"
}
[2026-01-19 13:45:59] Pasta criada {
    "path": "C:\\xampp\\htdocs\\Gustavo\\skyline2\/modules\/pedidos\/views"
}
[2026-01-19 13:45:59] Pasta criada {
    "path": "C:\\xampp\\htdocs\\Gustavo\\skyline2\/modules\/pedidos\/js"
}
[2026-01-19 13:45:59] Pasta criada {
    "path": "C:\\xampp\\htdocs\\Gustavo\\skyline2\/modules\/pedidos\/css"
}
[2026-01-19 13:45:59] View criado {
    "file": "C:\\xampp\\htdocs\\Gustavo\\skyline2\/modules\/pedidos\/views\/edit.php"
}
[2026-01-19 13:45:59] View criado {
    "file": "C:\\xampp\\htdocs\\Gustavo\\skyline2\/modules\/pedidos\/views\/detail.php"
}
[2026-01-19 13:45:59] Router criado {
    "file": "C:\\xampp\\htdocs\\Gustavo\\skyline2\/modules\/pedidos\/router.php"
}
[2026-01-19 13:45:59] Index View criado {
    "file": "C:\\xampp\\htdocs\\Gustavo\\skyline2\/modules\/pedidos\/views\/index.php"
}
[2026-01-19 13:45:59] JS criado {
    "file": "C:\\xampp\\htdocs\\Gustavo\\skyline2\/modules\/pedidos\/js\/pedidos.js"
}
[2026-01-19 13:45:59] CSS criado {
    "file": "C:\\xampp\\htdocs\\Gustavo\\skyline2\/modules\/pedidos\/css\/pedidos.css"
}
[2026-01-19 13:45:59] Módulo gerado {
    "module": "pedidos"
}
[2026-01-19 13:45:59] Pasta criada {
    "path": "C:\\xampp\\htdocs\\Gustavo\\skyline2\/modules\/task_comments"
}
[2026-01-19 13:45:59] Pasta criada {
    "path": "C:\\xampp\\htdocs\\Gustavo\\skyline2\/modules\/task_comments\/views"
}
[2026-01-19 13:45:59] Pasta criada {
    "path": "C:\\xampp\\htdocs\\Gustavo\\skyline2\/modules\/task_comments\/js"
}
[2026-01-19 13:45:59] Pasta criada {
    "path": "C:\\xampp\\htdocs\\Gustavo\\skyline2\/modules\/task_comments\/css"
}
[2026-01-19 13:45:59] View criado {
    "file": "C:\\xampp\\htdocs\\Gustavo\\skyline2\/modules\/task_comments\/views\/edit.php"
}
[2026-01-19 13:45:59] View criado {
    "file": "C:\\xampp\\htdocs\\Gustavo\\skyline2\/modules\/task_comments\/views\/detail.php"
}
[2026-01-19 13:45:59] Router criado {
    "file": "C:\\xampp\\htdocs\\Gustavo\\skyline2\/modules\/task_comments\/router.php"
}
[2026-01-19 13:45:59] Index View criado {
    "file": "C:\\xampp\\htdocs\\Gustavo\\skyline2\/modules\/task_comments\/views\/index.php"
}
[2026-01-19 13:45:59] JS criado {
    "file": "C:\\xampp\\htdocs\\Gustavo\\skyline2\/modules\/task_comments\/js\/task_comments.js"
}
[2026-01-19 13:45:59] CSS criado {
    "file": "C:\\xampp\\htdocs\\Gustavo\\skyline2\/modules\/task_comments\/css\/task_comments.css"
}
[2026-01-19 13:45:59] Módulo gerado {
    "module": "task_comments"
}
[2026-01-19 13:45:59] Pasta criada {
    "path": "C:\\xampp\\htdocs\\Gustavo\\skyline2\/modules\/tasks"
}
[2026-01-19 13:45:59] Pasta criada {
    "path": "C:\\xampp\\htdocs\\Gustavo\\skyline2\/modules\/tasks\/views"
}
[2026-01-19 13:45:59] Pasta criada {
    "path": "C:\\xampp\\htdocs\\Gustavo\\skyline2\/modules\/tasks\/js"
}
[2026-01-19 13:45:59] Pasta criada {
    "path": "C:\\xampp\\htdocs\\Gustavo\\skyline2\/modules\/tasks\/css"
}
[2026-01-19 13:45:59] View criado {
    "file": "C:\\xampp\\htdocs\\Gustavo\\skyline2\/modules\/tasks\/views\/edit.php"
}
[2026-01-19 13:45:59] View criado {
    "file": "C:\\xampp\\htdocs\\Gustavo\\skyline2\/modules\/tasks\/views\/detail.php"
}
[2026-01-19 13:45:59] Router criado {
    "file": "C:\\xampp\\htdocs\\Gustavo\\skyline2\/modules\/tasks\/router.php"
}
[2026-01-19 13:45:59] Index View criado {
    "file": "C:\\xampp\\htdocs\\Gustavo\\skyline2\/modules\/tasks\/views\/index.php"
}
[2026-01-19 13:45:59] JS criado {
    "file": "C:\\xampp\\htdocs\\Gustavo\\skyline2\/modules\/tasks\/js\/tasks.js"
}
[2026-01-19 13:45:59] CSS criado {
    "file": "C:\\xampp\\htdocs\\Gustavo\\skyline2\/modules\/tasks\/css\/tasks.css"
}
[2026-01-19 13:45:59] Módulo gerado {
    "module": "tasks"
}
[2026-01-19 13:45:59] Pasta criada {
    "path": "C:\\xampp\\htdocs\\Gustavo\\skyline2\/modules\/veiculos"
}
[2026-01-19 13:45:59] Pasta criada {
    "path": "C:\\xampp\\htdocs\\Gustavo\\skyline2\/modules\/veiculos\/views"
}
[2026-01-19 13:45:59] Pasta criada {
    "path": "C:\\xampp\\htdocs\\Gustavo\\skyline2\/modules\/veiculos\/js"
}
[2026-01-19 13:45:59] Pasta criada {
    "path": "C:\\xampp\\htdocs\\Gustavo\\skyline2\/modules\/veiculos\/css"
}
[2026-01-19 13:45:59] View criado {
    "file": "C:\\xampp\\htdocs\\Gustavo\\skyline2\/modules\/veiculos\/views\/edit.php"
}
[2026-01-19 13:45:59] View criado {
    "file": "C:\\xampp\\htdocs\\Gustavo\\skyline2\/modules\/veiculos\/views\/detail.php"
}
[2026-01-19 13:45:59] Router criado {
    "file": "C:\\xampp\\htdocs\\Gustavo\\skyline2\/modules\/veiculos\/router.php"
}
[2026-01-19 13:45:59] Index View criado {
    "file": "C:\\xampp\\htdocs\\Gustavo\\skyline2\/modules\/veiculos\/views\/index.php"
}
[2026-01-19 13:45:59] JS criado {
    "file": "C:\\xampp\\htdocs\\Gustavo\\skyline2\/modules\/veiculos\/js\/veiculos.js"
}
[2026-01-19 13:45:59] CSS criado {
    "file": "C:\\xampp\\htdocs\\Gustavo\\skyline2\/modules\/veiculos\/css\/veiculos.css"
}
[2026-01-19 13:45:59] Módulo gerado {
    "module": "veiculos"
}
[2026-01-19 13:45:59] Relacionamento items criado {
    "parent": "clientes",
    "child": "pedidos",
    "foreign_key": "cliente_id"
}
[2026-01-19 13:45:59] Relacionamento items criado {
    "parent": "tasks",
    "child": "task_comments",
    "foreign_key": "task_id"
}
[2026-01-19 13:45:59] Relacionamento items criado {
    "parent": "clientes",
    "child": "veiculos",
    "foreign_key": "cliente_id"
}
[2026-01-19 14:11:49] Tentando atualizar registro {
    "modulo": "clientes",
    "data": {
        "id": "1",
        "nome": "test2334",
        "email": "editado??",
        "telefone": "teste",
        "cpf": "teste",
        "data_cadastro": "0000-00-00 00:00:00"
    }
}
[2026-01-19 14:11:49] UPDATE resultado {
    "modulo": "clientes",
    "id": "1",
    "rows": 1,
    "sql": "UPDATE clientes SET nome = ?, email = ?, telefone = ?, cpf = ?, data_cadastro = ? WHERE id = ?",
    "values": [
        "test2334",
        "editado??",
        "teste",
        "teste",
        "0000-00-00 00:00:00",
        "1"
    ]
}
[2026-01-19 14:13:51] Tentando atualizar registro {
    "modulo": "clientes",
    "data": {
        "id": "1",
        "nome": "test23345",
        "email": "editado??",
        "telefone": "teste",
        "cpf": "teste",
        "data_cadastro": "0000-00-00 00:00:00"
    }
}
[2026-01-19 14:13:51] UPDATE resultado {
    "modulo": "clientes",
    "id": "1",
    "rows": 1,
    "sql": "UPDATE clientes SET nome = ?, email = ?, telefone = ?, cpf = ?, data_cadastro = ? WHERE id = ?",
    "values": [
        "test23345",
        "editado??",
        "teste",
        "teste",
        "0000-00-00 00:00:00",
        "1"
    ]
}
[2026-01-19 14:14:27] Tentando atualizar registro {
    "modulo": "clientes",
    "data": {
        "id": "1",
        "nome": "test23345",
        "email": "editado??",
        "telefone": "teste",
        "cpf": "teste",
        "data_cadastro": "0000-00-00 00:00:00"
    }
}
[2026-01-19 14:14:27] UPDATE resultado {
    "modulo": "clientes",
    "id": "1",
    "rows": 0,
    "sql": "UPDATE clientes SET nome = ?, email = ?, telefone = ?, cpf = ?, data_cadastro = ? WHERE id = ?",
    "values": [
        "test23345",
        "editado??",
        "teste",
        "teste",
        "0000-00-00 00:00:00",
        "1"
    ]
}
[2026-01-19 14:14:27] Tentando atualizar registro {
    "modulo": "pedidos",
    "data": {
        "id": "2",
        "cliente_id": 1,
        "produto": "Mouse Logitechabf",
        "quantidade": "2",
        "preco": "150.00",
        "data_pedido": "2025-12-16 14:43:38",
        "usuario_id": "",
        "total": "",
        "status": "",
        "criado_em": ""
    }
}
[2026-01-19 14:14:27] UPDATE resultado {
    "modulo": "pedidos",
    "id": "2",
    "rows": 1,
    "sql": "UPDATE pedidos SET cliente_id = ?, produto = ?, quantidade = ?, preco = ?, data_pedido = ? WHERE id = ?",
    "values": [
        1,
        "Mouse Logitechabf",
        "2",
        "150.00",
        "2025-12-16 14:43:38",
        "2"
    ]
}
[2026-01-19 14:14:27] Tentando atualizar registro {
    "modulo": "pedidos",
    "data": {
        "id": "5",
        "cliente_id": 1,
        "produto": "Teclado Mecânico",
        "quantidade": "1",
        "preco": "300.00",
        "data_pedido": "0000-00-00 00:00:00",
        "usuario_id": "",
        "total": "",
        "status": "",
        "criado_em": ""
    }
}
[2026-01-19 14:14:27] UPDATE resultado {
    "modulo": "pedidos",
    "id": "5",
    "rows": 0,
    "sql": "UPDATE pedidos SET cliente_id = ?, produto = ?, quantidade = ?, preco = ?, data_pedido = ? WHERE id = ?",
    "values": [
        1,
        "Teclado Mecânico",
        "1",
        "300.00",
        "0000-00-00 00:00:00",
        "5"
    ]
}
[2026-01-19 14:14:27] Tentando atualizar registro {
    "modulo": "pedidos",
    "data": {
        "id": "6",
        "cliente_id": 1,
        "produto": "teste",
        "quantidade": "1",
        "preco": "900.00",
        "data_pedido": "0000-00-00 00:00:00",
        "usuario_id": "",
        "total": "",
        "status": "",
        "criado_em": ""
    }
}
[2026-01-19 14:14:27] UPDATE resultado {
    "modulo": "pedidos",
    "id": "6",
    "rows": 0,
    "sql": "UPDATE pedidos SET cliente_id = ?, produto = ?, quantidade = ?, preco = ?, data_pedido = ? WHERE id = ?",
    "values": [
        1,
        "teste",
        "1",
        "900.00",
        "0000-00-00 00:00:00",
        "6"
    ]
}
[2026-01-19 14:17:28] Arquivo de metadata deletado {
    "file": "C:\\xampp\\htdocs\\Gustavo\\skyline2\\metadata\/clientes.json"
}
[2026-01-19 14:17:28] Arquivo de metadata deletado {
    "file": "C:\\xampp\\htdocs\\Gustavo\\skyline2\\metadata\/pedidos.json"
}
[2026-01-19 14:17:28] Arquivo de metadata deletado {
    "file": "C:\\xampp\\htdocs\\Gustavo\\skyline2\\metadata\/reports.json"
}
[2026-01-19 14:17:28] Arquivo de metadata deletado {
    "file": "C:\\xampp\\htdocs\\Gustavo\\skyline2\\metadata\/task_comments.json"
}
[2026-01-19 14:17:28] Arquivo de metadata deletado {
    "file": "C:\\xampp\\htdocs\\Gustavo\\skyline2\\metadata\/tasks.json"
}
[2026-01-19 14:17:28] Arquivo de metadata deletado {
    "file": "C:\\xampp\\htdocs\\Gustavo\\skyline2\\metadata\/veiculos.json"
}
[2026-01-19 14:17:28] Arquivo de metadata salvo. {
    "table": "clientes"
}
[2026-01-19 14:17:28] Arquivo de metadata salvo. {
    "table": "pedidos"
}
[2026-01-19 14:17:28] Arquivo de metadata salvo. {
    "table": "task_comments"
}
[2026-01-19 14:17:28] Arquivo de metadata salvo. {
    "table": "tasks"
}
[2026-01-19 14:17:28] Arquivo de metadata salvo. {
    "table": "veiculos"
}
[2026-01-19 14:17:29] Arquivo de metadata deletado {
    "file": "C:\\xampp\\htdocs\\Gustavo\\skyline2\\metadata\/clientes.json"
}
[2026-01-19 14:17:29] Arquivo de metadata deletado {
    "file": "C:\\xampp\\htdocs\\Gustavo\\skyline2\\metadata\/pedidos.json"
}
[2026-01-19 14:17:29] Arquivo de metadata deletado {
    "file": "C:\\xampp\\htdocs\\Gustavo\\skyline2\\metadata\/task_comments.json"
}
[2026-01-19 14:17:29] Arquivo de metadata deletado {
    "file": "C:\\xampp\\htdocs\\Gustavo\\skyline2\\metadata\/tasks.json"
}
[2026-01-19 14:17:29] Arquivo de metadata deletado {
    "file": "C:\\xampp\\htdocs\\Gustavo\\skyline2\\metadata\/veiculos.json"
}
[2026-01-19 14:17:29] Arquivo de metadata salvo. {
    "table": "clientes"
}
[2026-01-19 14:17:29] Arquivo de metadata salvo. {
    "table": "pedidos"
}
[2026-01-19 14:17:29] Arquivo de metadata salvo. {
    "table": "task_comments"
}
[2026-01-19 14:17:29] Arquivo de metadata salvo. {
    "table": "tasks"
}
[2026-01-19 14:17:29] Arquivo de metadata salvo. {
    "table": "veiculos"
}
[2026-01-19 14:17:30] Módulo removido {
    "module": "clientes"
}
[2026-01-19 14:17:30] Módulo removido {
    "module": "pedidos"
}
[2026-01-19 14:17:30] Módulo removido {
    "module": "task_comments"
}
[2026-01-19 14:17:30] Módulo removido {
    "module": "tasks"
}
[2026-01-19 14:17:30] Módulo removido {
    "module": "veiculos"
}
[2026-01-19 14:17:30] Pasta criada {
    "path": "C:\\xampp\\htdocs\\Gustavo\\skyline2\/modules\/clientes"
}
[2026-01-19 14:17:30] Pasta criada {
    "path": "C:\\xampp\\htdocs\\Gustavo\\skyline2\/modules\/clientes\/views"
}
[2026-01-19 14:17:30] Pasta criada {
    "path": "C:\\xampp\\htdocs\\Gustavo\\skyline2\/modules\/clientes\/js"
}
[2026-01-19 14:17:30] Pasta criada {
    "path": "C:\\xampp\\htdocs\\Gustavo\\skyline2\/modules\/clientes\/css"
}
[2026-01-19 14:17:30] View criado {
    "file": "C:\\xampp\\htdocs\\Gustavo\\skyline2\/modules\/clientes\/views\/edit.php"
}
[2026-01-19 14:17:30] View criado {
    "file": "C:\\xampp\\htdocs\\Gustavo\\skyline2\/modules\/clientes\/views\/detail.php"
}
[2026-01-19 14:17:30] Router criado {
    "file": "C:\\xampp\\htdocs\\Gustavo\\skyline2\/modules\/clientes\/router.php"
}
[2026-01-19 14:17:30] Index View criado {
    "file": "C:\\xampp\\htdocs\\Gustavo\\skyline2\/modules\/clientes\/views\/index.php"
}
[2026-01-19 14:17:30] JS criado {
    "file": "C:\\xampp\\htdocs\\Gustavo\\skyline2\/modules\/clientes\/js\/clientes.js"
}
[2026-01-19 14:17:30] CSS criado {
    "file": "C:\\xampp\\htdocs\\Gustavo\\skyline2\/modules\/clientes\/css\/clientes.css"
}
[2026-01-19 14:17:30] Módulo gerado {
    "module": "clientes"
}
[2026-01-19 14:17:30] Pasta criada {
    "path": "C:\\xampp\\htdocs\\Gustavo\\skyline2\/modules\/pedidos"
}
[2026-01-19 14:17:30] Pasta criada {
    "path": "C:\\xampp\\htdocs\\Gustavo\\skyline2\/modules\/pedidos\/views"
}
[2026-01-19 14:17:30] Pasta criada {
    "path": "C:\\xampp\\htdocs\\Gustavo\\skyline2\/modules\/pedidos\/js"
}
[2026-01-19 14:17:30] Pasta criada {
    "path": "C:\\xampp\\htdocs\\Gustavo\\skyline2\/modules\/pedidos\/css"
}
[2026-01-19 14:17:30] View criado {
    "file": "C:\\xampp\\htdocs\\Gustavo\\skyline2\/modules\/pedidos\/views\/edit.php"
}
[2026-01-19 14:17:30] View criado {
    "file": "C:\\xampp\\htdocs\\Gustavo\\skyline2\/modules\/pedidos\/views\/detail.php"
}
[2026-01-19 14:17:30] Router criado {
    "file": "C:\\xampp\\htdocs\\Gustavo\\skyline2\/modules\/pedidos\/router.php"
}
[2026-01-19 14:17:30] Index View criado {
    "file": "C:\\xampp\\htdocs\\Gustavo\\skyline2\/modules\/pedidos\/views\/index.php"
}
[2026-01-19 14:17:30] JS criado {
    "file": "C:\\xampp\\htdocs\\Gustavo\\skyline2\/modules\/pedidos\/js\/pedidos.js"
}
[2026-01-19 14:17:30] CSS criado {
    "file": "C:\\xampp\\htdocs\\Gustavo\\skyline2\/modules\/pedidos\/css\/pedidos.css"
}
[2026-01-19 14:17:30] Módulo gerado {
    "module": "pedidos"
}
[2026-01-19 14:17:30] Pasta criada {
    "path": "C:\\xampp\\htdocs\\Gustavo\\skyline2\/modules\/task_comments"
}
[2026-01-19 14:17:30] Pasta criada {
    "path": "C:\\xampp\\htdocs\\Gustavo\\skyline2\/modules\/task_comments\/views"
}
[2026-01-19 14:17:30] Pasta criada {
    "path": "C:\\xampp\\htdocs\\Gustavo\\skyline2\/modules\/task_comments\/js"
}
[2026-01-19 14:17:30] Pasta criada {
    "path": "C:\\xampp\\htdocs\\Gustavo\\skyline2\/modules\/task_comments\/css"
}
[2026-01-19 14:17:30] View criado {
    "file": "C:\\xampp\\htdocs\\Gustavo\\skyline2\/modules\/task_comments\/views\/edit.php"
}
[2026-01-19 14:17:30] View criado {
    "file": "C:\\xampp\\htdocs\\Gustavo\\skyline2\/modules\/task_comments\/views\/detail.php"
}
[2026-01-19 14:17:30] Router criado {
    "file": "C:\\xampp\\htdocs\\Gustavo\\skyline2\/modules\/task_comments\/router.php"
}
[2026-01-19 14:17:30] Index View criado {
    "file": "C:\\xampp\\htdocs\\Gustavo\\skyline2\/modules\/task_comments\/views\/index.php"
}
[2026-01-19 14:17:30] JS criado {
    "file": "C:\\xampp\\htdocs\\Gustavo\\skyline2\/modules\/task_comments\/js\/task_comments.js"
}
[2026-01-19 14:17:30] CSS criado {
    "file": "C:\\xampp\\htdocs\\Gustavo\\skyline2\/modules\/task_comments\/css\/task_comments.css"
}
[2026-01-19 14:17:30] Módulo gerado {
    "module": "task_comments"
}
[2026-01-19 14:17:30] Pasta criada {
    "path": "C:\\xampp\\htdocs\\Gustavo\\skyline2\/modules\/tasks"
}
[2026-01-19 14:17:30] Pasta criada {
    "path": "C:\\xampp\\htdocs\\Gustavo\\skyline2\/modules\/tasks\/views"
}
[2026-01-19 14:17:30] Pasta criada {
    "path": "C:\\xampp\\htdocs\\Gustavo\\skyline2\/modules\/tasks\/js"
}
[2026-01-19 14:17:30] Pasta criada {
    "path": "C:\\xampp\\htdocs\\Gustavo\\skyline2\/modules\/tasks\/css"
}
[2026-01-19 14:17:30] View criado {
    "file": "C:\\xampp\\htdocs\\Gustavo\\skyline2\/modules\/tasks\/views\/edit.php"
}
[2026-01-19 14:17:30] View criado {
    "file": "C:\\xampp\\htdocs\\Gustavo\\skyline2\/modules\/tasks\/views\/detail.php"
}
[2026-01-19 14:17:30] Router criado {
    "file": "C:\\xampp\\htdocs\\Gustavo\\skyline2\/modules\/tasks\/router.php"
}
[2026-01-19 14:17:30] Index View criado {
    "file": "C:\\xampp\\htdocs\\Gustavo\\skyline2\/modules\/tasks\/views\/index.php"
}
[2026-01-19 14:17:30] JS criado {
    "file": "C:\\xampp\\htdocs\\Gustavo\\skyline2\/modules\/tasks\/js\/tasks.js"
}
[2026-01-19 14:17:30] CSS criado {
    "file": "C:\\xampp\\htdocs\\Gustavo\\skyline2\/modules\/tasks\/css\/tasks.css"
}
[2026-01-19 14:17:30] Módulo gerado {
    "module": "tasks"
}
[2026-01-19 14:17:30] Pasta criada {
    "path": "C:\\xampp\\htdocs\\Gustavo\\skyline2\/modules\/veiculos"
}
[2026-01-19 14:17:30] Pasta criada {
    "path": "C:\\xampp\\htdocs\\Gustavo\\skyline2\/modules\/veiculos\/views"
}
[2026-01-19 14:17:30] Pasta criada {
    "path": "C:\\xampp\\htdocs\\Gustavo\\skyline2\/modules\/veiculos\/js"
}
[2026-01-19 14:17:30] Pasta criada {
    "path": "C:\\xampp\\htdocs\\Gustavo\\skyline2\/modules\/veiculos\/css"
}
[2026-01-19 14:17:30] View criado {
    "file": "C:\\xampp\\htdocs\\Gustavo\\skyline2\/modules\/veiculos\/views\/edit.php"
}
[2026-01-19 14:17:30] View criado {
    "file": "C:\\xampp\\htdocs\\Gustavo\\skyline2\/modules\/veiculos\/views\/detail.php"
}
[2026-01-19 14:17:30] Router criado {
    "file": "C:\\xampp\\htdocs\\Gustavo\\skyline2\/modules\/veiculos\/router.php"
}
[2026-01-19 14:17:30] Index View criado {
    "file": "C:\\xampp\\htdocs\\Gustavo\\skyline2\/modules\/veiculos\/views\/index.php"
}
[2026-01-19 14:17:30] JS criado {
    "file": "C:\\xampp\\htdocs\\Gustavo\\skyline2\/modules\/veiculos\/js\/veiculos.js"
}
[2026-01-19 14:17:30] CSS criado {
    "file": "C:\\xampp\\htdocs\\Gustavo\\skyline2\/modules\/veiculos\/css\/veiculos.css"
}
[2026-01-19 14:17:30] Módulo gerado {
    "module": "veiculos"
}
[2026-01-19 14:17:32] Relacionamento items criado {
    "parent": "clientes",
    "child": "pedidos",
    "foreign_key": "cliente_id"
}
[2026-01-19 14:17:32] Relacionamento items criado {
    "parent": "tasks",
    "child": "task_comments",
    "foreign_key": "task_id"
}
[2026-01-19 14:17:32] Relacionamento items criado {
    "parent": "clientes",
    "child": "veiculos",
    "foreign_key": "cliente_id"
}
[2026-01-19 14:46:58] Tentando atualizar registro {
    "modulo": "pedidos",
    "data": {
        "id": "1",
        "cliente_id": "1",
        "produto": "Notebook Dell",
        "quantidade": "2",
        "preco": "3500.00",
        "data_pedido": "2025-12-16 14:43:38"
    }
}
[2026-01-19 14:46:58] UPDATE resultado {
    "modulo": "pedidos",
    "id": "1",
    "rows": 1,
    "sql": "UPDATE pedidos SET cliente_id = ?, produto = ?, quantidade = ?, preco = ?, data_pedido = ? WHERE id = ?",
    "values": [
        "1",
        "Notebook Dell",
        "2",
        "3500.00",
        "2025-12-16 14:43:38",
        "1"
    ]
}
[2026-01-19 14:52:31] Tentando deletar registro {
    "modulo": "clientes",
    "id": "63"
}
[2026-01-19 14:52:31] DELETE executado {
    "modulo": "clientes",
    "id": "63",
    "linhas_afetadas": 1
}
[2026-01-19 14:52:38] Tentando deletar registro {
    "modulo": "pedidos",
    "id": "6"
}
[2026-01-19 14:52:38] DELETE executado {
    "modulo": "pedidos",
    "id": "6",
    "linhas_afetadas": 1
}
[2026-01-19 14:54:43] Tabela dropada com sucesso {
    "table": "pedidos"
}
[2026-01-19 15:28:43] Tabela dropada com sucesso {
    "table": "veiculos"
}
[2026-01-19 15:43:01] Tabela dropada com sucesso {
    "table": "clientes"
}
[2026-01-19 15:44:36] Arquivo de metadata deletado {
    "file": "C:\\xampp\\htdocs\\Gustavo\\skyline2\\metadata\/clientes.json"
}
[2026-01-19 15:44:36] Arquivo de metadata deletado {
    "file": "C:\\xampp\\htdocs\\Gustavo\\skyline2\\metadata\/pedidos.json"
}
[2026-01-19 15:44:36] Arquivo de metadata deletado {
    "file": "C:\\xampp\\htdocs\\Gustavo\\skyline2\\metadata\/reports.json"
}
[2026-01-19 15:44:36] Arquivo de metadata deletado {
    "file": "C:\\xampp\\htdocs\\Gustavo\\skyline2\\metadata\/task_comments.json"
}
[2026-01-19 15:44:36] Arquivo de metadata deletado {
    "file": "C:\\xampp\\htdocs\\Gustavo\\skyline2\\metadata\/tasks.json"
}
[2026-01-19 15:44:36] Arquivo de metadata deletado {
    "file": "C:\\xampp\\htdocs\\Gustavo\\skyline2\\metadata\/veiculos.json"
}
[2026-01-19 15:44:36] Arquivo de metadata salvo. {
    "table": "task_comments"
}
[2026-01-19 15:44:36] Arquivo de metadata salvo. {
    "table": "tasks"
}
[2026-01-19 15:44:38] Módulo removido {
    "module": "clientes"
}
[2026-01-19 15:44:38] Módulo removido {
    "module": "pedidos"
}
[2026-01-19 15:44:38] Módulo removido {
    "module": "task_comments"
}
[2026-01-19 15:44:38] Módulo removido {
    "module": "tasks"
}
[2026-01-19 15:44:38] Módulo removido {
    "module": "veiculos"
}
[2026-01-19 15:44:38] Pasta criada {
    "path": "C:\\xampp\\htdocs\\Gustavo\\skyline2\/modules\/task_comments"
}
[2026-01-19 15:44:38] Pasta criada {
    "path": "C:\\xampp\\htdocs\\Gustavo\\skyline2\/modules\/task_comments\/views"
}
[2026-01-19 15:44:38] Pasta criada {
    "path": "C:\\xampp\\htdocs\\Gustavo\\skyline2\/modules\/task_comments\/js"
}
[2026-01-19 15:44:38] Pasta criada {
    "path": "C:\\xampp\\htdocs\\Gustavo\\skyline2\/modules\/task_comments\/css"
}
[2026-01-19 15:44:38] View criado {
    "file": "C:\\xampp\\htdocs\\Gustavo\\skyline2\/modules\/task_comments\/views\/edit.php"
}
[2026-01-19 15:44:38] View criado {
    "file": "C:\\xampp\\htdocs\\Gustavo\\skyline2\/modules\/task_comments\/views\/detail.php"
}
[2026-01-19 15:44:38] Router criado {
    "file": "C:\\xampp\\htdocs\\Gustavo\\skyline2\/modules\/task_comments\/router.php"
}
[2026-01-19 15:44:38] Index View criado {
    "file": "C:\\xampp\\htdocs\\Gustavo\\skyline2\/modules\/task_comments\/views\/index.php"
}
[2026-01-19 15:44:38] JS criado {
    "file": "C:\\xampp\\htdocs\\Gustavo\\skyline2\/modules\/task_comments\/js\/task_comments.js"
}
[2026-01-19 15:44:38] CSS criado {
    "file": "C:\\xampp\\htdocs\\Gustavo\\skyline2\/modules\/task_comments\/css\/task_comments.css"
}
[2026-01-19 15:44:38] Módulo gerado {
    "module": "task_comments"
}
[2026-01-19 15:44:38] Pasta criada {
    "path": "C:\\xampp\\htdocs\\Gustavo\\skyline2\/modules\/tasks"
}
[2026-01-19 15:44:38] Pasta criada {
    "path": "C:\\xampp\\htdocs\\Gustavo\\skyline2\/modules\/tasks\/views"
}
[2026-01-19 15:44:38] Pasta criada {
    "path": "C:\\xampp\\htdocs\\Gustavo\\skyline2\/modules\/tasks\/js"
}
[2026-01-19 15:44:38] Pasta criada {
    "path": "C:\\xampp\\htdocs\\Gustavo\\skyline2\/modules\/tasks\/css"
}
[2026-01-19 15:44:38] View criado {
    "file": "C:\\xampp\\htdocs\\Gustavo\\skyline2\/modules\/tasks\/views\/edit.php"
}
[2026-01-19 15:44:38] View criado {
    "file": "C:\\xampp\\htdocs\\Gustavo\\skyline2\/modules\/tasks\/views\/detail.php"
}
[2026-01-19 15:44:38] Router criado {
    "file": "C:\\xampp\\htdocs\\Gustavo\\skyline2\/modules\/tasks\/router.php"
}
[2026-01-19 15:44:38] Index View criado {
    "file": "C:\\xampp\\htdocs\\Gustavo\\skyline2\/modules\/tasks\/views\/index.php"
}
[2026-01-19 15:44:38] JS criado {
    "file": "C:\\xampp\\htdocs\\Gustavo\\skyline2\/modules\/tasks\/js\/tasks.js"
}
[2026-01-19 15:44:38] CSS criado {
    "file": "C:\\xampp\\htdocs\\Gustavo\\skyline2\/modules\/tasks\/css\/tasks.css"
}
[2026-01-19 15:44:38] Módulo gerado {
    "module": "tasks"
}
[2026-01-19 15:44:40] Relacionamento items criado {
    "parent": "tasks",
    "child": "task_comments",
    "foreign_key": "task_id"
}
[2026-01-19 15:53:06] Arquivo de metadata deletado {
    "file": "C:\\xampp\\htdocs\\Gustavo\\skyline2\\metadata\/reports.json"
}
[2026-01-19 15:53:06] Arquivo de metadata deletado {
    "file": "C:\\xampp\\htdocs\\Gustavo\\skyline2\\metadata\/task_comments.json"
}
[2026-01-19 15:53:06] Arquivo de metadata deletado {
    "file": "C:\\xampp\\htdocs\\Gustavo\\skyline2\\metadata\/tasks.json"
}
[2026-01-19 15:53:06] Arquivo de metadata salvo. {
    "table": "task_comments"
}
[2026-01-19 15:53:06] Arquivo de metadata salvo. {
    "table": "tasks"
}
[2026-01-19 15:53:06] Custom metadata órfão removido. {
    "file": "C:\\xampp\\htdocs\\Gustavo\\skyline2\\metadata\/custom\/clientes.json"
}
[2026-01-19 15:53:06] Custom metadata órfão removido. {
    "file": "C:\\xampp\\htdocs\\Gustavo\\skyline2\\metadata\/custom\/pedidos.json"
}
[2026-01-19 15:53:06] Custom metadata órfão removido. {
    "file": "C:\\xampp\\htdocs\\Gustavo\\skyline2\\metadata\/custom\/reports.json"
}
[2026-01-19 15:53:06] Custom metadata órfão removido. {
    "file": "C:\\xampp\\htdocs\\Gustavo\\skyline2\\metadata\/custom\/veiculos.json"
}
[2026-01-19 15:56:14] Arquivo de metadata deletado {
    "file": "C:\\xampp\\htdocs\\Gustavo\\skyline2\\metadata\/reports.json"
}
[2026-01-19 15:56:14] Arquivo de metadata deletado {
    "file": "C:\\xampp\\htdocs\\Gustavo\\skyline2\\metadata\/task_comments.json"
}
[2026-01-19 15:56:14] Arquivo de metadata deletado {
    "file": "C:\\xampp\\htdocs\\Gustavo\\skyline2\\metadata\/tasks.json"
}
[2026-01-19 15:56:14] Arquivo de metadata salvo. {
    "table": "task_comments"
}
[2026-01-19 15:56:14] Arquivo de metadata salvo. {
    "table": "tasks"
}
[2026-01-19 16:00:42] Arquivo de metadata deletado {
    "file": "C:\\xampp\\htdocs\\Gustavo\\skyline2\\metadata\/task_comments.json"
}
[2026-01-19 16:00:42] Arquivo de metadata deletado {
    "file": "C:\\xampp\\htdocs\\Gustavo\\skyline2\\metadata\/tasks.json"
}
[2026-01-19 16:00:42] Arquivo de metadata salvo. {
    "table": "task_comments"
}
[2026-01-19 16:00:42] Arquivo de metadata salvo. {
    "table": "tasks"
}
[2026-01-19 16:00:42] Metadata de relatórios gerada.
[2026-01-19 17:18:18] Arquivo de metadata deletado {
    "file": "C:\\xampp\\htdocs\\Gustavo\\skyline2\\metadata\/task_comments.json"
}
[2026-01-19 17:18:18] Arquivo de metadata deletado {
    "file": "C:\\xampp\\htdocs\\Gustavo\\skyline2\\metadata\/tasks.json"
}
[2026-01-19 17:18:18] Arquivo de metadata salvo. {
    "table": "task_comments"
}
[2026-01-19 17:18:18] Arquivo de metadata salvo. {
    "table": "tasks"
}
[2026-01-19 17:18:18] Metadata de relatórios gerada.
[2026-01-19 17:47:05] Arquivo de metadata deletado {
    "file": "C:\\xampp\\htdocs\\Gustavo\\skyline2\\metadata\/task_comments.json"
}
[2026-01-19 17:47:05] Arquivo de metadata deletado {
    "file": "C:\\xampp\\htdocs\\Gustavo\\skyline2\\metadata\/tasks.json"
}
[2026-01-19 17:47:05] Arquivo de metadata salvo. {
    "table": "task_comments"
}
[2026-01-19 17:47:05] Arquivo de metadata salvo. {
    "table": "tasks"
}
[2026-01-19 17:47:05] Metadata de relatórios gerada.
[2026-01-19 17:47:05] Relacionamento items criado {
    "parent": "tasks",
    "child": "task_comments",
    "foreign_key": "task_id"
}
[2026-01-19 17:47:05] Módulo removido {
    "module": "task_comments"
}
[2026-01-19 17:47:05] Módulo removido {
    "module": "tasks"
}
[2026-01-19 17:47:05] Pasta criada {
    "path": "C:\\xampp\\htdocs\\Gustavo\\skyline2\/modules\/task_comments"
}
[2026-01-19 17:47:05] Pasta criada {
    "path": "C:\\xampp\\htdocs\\Gustavo\\skyline2\/modules\/task_comments\/views"
}
[2026-01-19 17:47:05] Pasta criada {
    "path": "C:\\xampp\\htdocs\\Gustavo\\skyline2\/modules\/task_comments\/js"
}
[2026-01-19 17:47:05] Pasta criada {
    "path": "C:\\xampp\\htdocs\\Gustavo\\skyline2\/modules\/task_comments\/css"
}
[2026-01-19 17:47:05] View criado {
    "file": "C:\\xampp\\htdocs\\Gustavo\\skyline2\/modules\/task_comments\/views\/edit.php"
}
[2026-01-19 17:47:05] View criado {
    "file": "C:\\xampp\\htdocs\\Gustavo\\skyline2\/modules\/task_comments\/views\/detail.php"
}
[2026-01-19 17:47:05] Router criado {
    "file": "C:\\xampp\\htdocs\\Gustavo\\skyline2\/modules\/task_comments\/router.php"
}
[2026-01-19 17:47:05] Index View criado {
    "file": "C:\\xampp\\htdocs\\Gustavo\\skyline2\/modules\/task_comments\/views\/index.php"
}
[2026-01-19 17:47:05] JS criado {
    "file": "C:\\xampp\\htdocs\\Gustavo\\skyline2\/modules\/task_comments\/js\/task_comments.js"
}
[2026-01-19 17:47:05] CSS criado {
    "file": "C:\\xampp\\htdocs\\Gustavo\\skyline2\/modules\/task_comments\/css\/task_comments.css"
}
[2026-01-19 17:47:05] Módulo gerado {
    "module": "task_comments"
}
[2026-01-19 17:47:05] Pasta criada {
    "path": "C:\\xampp\\htdocs\\Gustavo\\skyline2\/modules\/tasks"
}
[2026-01-19 17:47:05] Pasta criada {
    "path": "C:\\xampp\\htdocs\\Gustavo\\skyline2\/modules\/tasks\/views"
}
[2026-01-19 17:47:05] Pasta criada {
    "path": "C:\\xampp\\htdocs\\Gustavo\\skyline2\/modules\/tasks\/js"
}
[2026-01-19 17:47:05] Pasta criada {
    "path": "C:\\xampp\\htdocs\\Gustavo\\skyline2\/modules\/tasks\/css"
}
[2026-01-19 17:47:05] View criado {
    "file": "C:\\xampp\\htdocs\\Gustavo\\skyline2\/modules\/tasks\/views\/edit.php"
}
[2026-01-19 17:47:05] View criado {
    "file": "C:\\xampp\\htdocs\\Gustavo\\skyline2\/modules\/tasks\/views\/detail.php"
}
[2026-01-19 17:47:05] Router criado {
    "file": "C:\\xampp\\htdocs\\Gustavo\\skyline2\/modules\/tasks\/router.php"
}
[2026-01-19 17:47:05] Index View criado {
    "file": "C:\\xampp\\htdocs\\Gustavo\\skyline2\/modules\/tasks\/views\/index.php"
}
[2026-01-19 17:47:05] JS criado {
    "file": "C:\\xampp\\htdocs\\Gustavo\\skyline2\/modules\/tasks\/js\/tasks.js"
}
[2026-01-19 17:47:05] CSS criado {
    "file": "C:\\xampp\\htdocs\\Gustavo\\skyline2\/modules\/tasks\/css\/tasks.css"
}
[2026-01-19 17:47:05] Módulo gerado {
    "module": "tasks"
}
[2026-01-19 17:48:36] Arquivo de metadata deletado {
    "file": "C:\\xampp\\htdocs\\Gustavo\\skyline2\\metadata\/task_comments.json"
}
[2026-01-19 17:48:36] Arquivo de metadata deletado {
    "file": "C:\\xampp\\htdocs\\Gustavo\\skyline2\\metadata\/tasks.json"
}
[2026-01-19 17:48:36] Arquivo de metadata salvo. {
    "table": "task_comments"
}
[2026-01-19 17:48:36] Arquivo de metadata salvo. {
    "table": "tasks"
}
[2026-01-19 17:48:36] Metadata de relatórios gerada.
[2026-01-19 17:48:36] Relacionamento items criado {
    "parent": "tasks",
    "child": "task_comments",
    "foreign_key": "task_id"
}
[2026-01-19 17:48:36] Módulo removido {
    "module": "task_comments"
}
[2026-01-19 17:48:36] Módulo removido {
    "module": "tasks"
}
[2026-01-19 17:48:36] Pasta criada {
    "path": "C:\\xampp\\htdocs\\Gustavo\\skyline2\/modules\/task_comments"
}
[2026-01-19 17:48:36] Pasta criada {
    "path": "C:\\xampp\\htdocs\\Gustavo\\skyline2\/modules\/task_comments\/views"
}
[2026-01-19 17:48:36] Pasta criada {
    "path": "C:\\xampp\\htdocs\\Gustavo\\skyline2\/modules\/task_comments\/js"
}
[2026-01-19 17:48:36] Pasta criada {
    "path": "C:\\xampp\\htdocs\\Gustavo\\skyline2\/modules\/task_comments\/css"
}
[2026-01-19 17:48:36] View criado {
    "file": "C:\\xampp\\htdocs\\Gustavo\\skyline2\/modules\/task_comments\/views\/edit.php"
}
[2026-01-19 17:48:36] View criado {
    "file": "C:\\xampp\\htdocs\\Gustavo\\skyline2\/modules\/task_comments\/views\/detail.php"
}
[2026-01-19 17:48:36] Router criado {
    "file": "C:\\xampp\\htdocs\\Gustavo\\skyline2\/modules\/task_comments\/router.php"
}
[2026-01-19 17:48:36] Index View criado {
    "file": "C:\\xampp\\htdocs\\Gustavo\\skyline2\/modules\/task_comments\/views\/index.php"
}
[2026-01-19 17:48:36] JS criado {
    "file": "C:\\xampp\\htdocs\\Gustavo\\skyline2\/modules\/task_comments\/js\/task_comments.js"
}
[2026-01-19 17:48:36] CSS criado {
    "file": "C:\\xampp\\htdocs\\Gustavo\\skyline2\/modules\/task_comments\/css\/task_comments.css"
}
[2026-01-19 17:48:36] Módulo gerado {
    "module": "task_comments"
}
[2026-01-19 17:48:36] Pasta criada {
    "path": "C:\\xampp\\htdocs\\Gustavo\\skyline2\/modules\/tasks"
}
[2026-01-19 17:48:36] Pasta criada {
    "path": "C:\\xampp\\htdocs\\Gustavo\\skyline2\/modules\/tasks\/views"
}
[2026-01-19 17:48:36] Pasta criada {
    "path": "C:\\xampp\\htdocs\\Gustavo\\skyline2\/modules\/tasks\/js"
}
[2026-01-19 17:48:36] Pasta criada {
    "path": "C:\\xampp\\htdocs\\Gustavo\\skyline2\/modules\/tasks\/css"
}
[2026-01-19 17:48:36] View criado {
    "file": "C:\\xampp\\htdocs\\Gustavo\\skyline2\/modules\/tasks\/views\/edit.php"
}
[2026-01-19 17:48:36] View criado {
    "file": "C:\\xampp\\htdocs\\Gustavo\\skyline2\/modules\/tasks\/views\/detail.php"
}
[2026-01-19 17:48:36] Router criado {
    "file": "C:\\xampp\\htdocs\\Gustavo\\skyline2\/modules\/tasks\/router.php"
}
[2026-01-19 17:48:36] Index View criado {
    "file": "C:\\xampp\\htdocs\\Gustavo\\skyline2\/modules\/tasks\/views\/index.php"
}
[2026-01-19 17:48:36] JS criado {
    "file": "C:\\xampp\\htdocs\\Gustavo\\skyline2\/modules\/tasks\/js\/tasks.js"
}
[2026-01-19 17:48:36] CSS criado {
    "file": "C:\\xampp\\htdocs\\Gustavo\\skyline2\/modules\/tasks\/css\/tasks.css"
}
[2026-01-19 17:48:36] Módulo gerado {
    "module": "tasks"
}
[2026-01-19 17:48:44] Arquivo de metadata deletado {
    "file": "C:\\xampp\\htdocs\\Gustavo\\skyline2\\metadata\/task_comments.json"
}
[2026-01-19 17:48:44] Arquivo de metadata deletado {
    "file": "C:\\xampp\\htdocs\\Gustavo\\skyline2\\metadata\/tasks.json"
}
[2026-01-19 17:48:44] Arquivo de metadata salvo. {
    "table": "task_comments"
}
[2026-01-19 17:48:44] Arquivo de metadata salvo. {
    "table": "tasks"
}
[2026-01-19 17:48:44] Metadata de relatórios gerada.
[2026-01-19 17:48:44] Relacionamento items criado {
    "parent": "tasks",
    "child": "task_comments",
    "foreign_key": "task_id"
}
[2026-01-19 17:48:44] Módulo removido {
    "module": "task_comments"
}
[2026-01-19 17:48:44] Módulo removido {
    "module": "tasks"
}
[2026-01-19 17:48:44] Pasta criada {
    "path": "C:\\xampp\\htdocs\\Gustavo\\skyline2\/modules\/task_comments"
}
[2026-01-19 17:48:44] Pasta criada {
    "path": "C:\\xampp\\htdocs\\Gustavo\\skyline2\/modules\/task_comments\/views"
}
[2026-01-19 17:48:44] Pasta criada {
    "path": "C:\\xampp\\htdocs\\Gustavo\\skyline2\/modules\/task_comments\/js"
}
[2026-01-19 17:48:44] Pasta criada {
    "path": "C:\\xampp\\htdocs\\Gustavo\\skyline2\/modules\/task_comments\/css"
}
[2026-01-19 17:48:44] View criado {
    "file": "C:\\xampp\\htdocs\\Gustavo\\skyline2\/modules\/task_comments\/views\/edit.php"
}
[2026-01-19 17:48:44] View criado {
    "file": "C:\\xampp\\htdocs\\Gustavo\\skyline2\/modules\/task_comments\/views\/detail.php"
}
[2026-01-19 17:48:44] Router criado {
    "file": "C:\\xampp\\htdocs\\Gustavo\\skyline2\/modules\/task_comments\/router.php"
}
[2026-01-19 17:48:44] Index View criado {
    "file": "C:\\xampp\\htdocs\\Gustavo\\skyline2\/modules\/task_comments\/views\/index.php"
}
[2026-01-19 17:48:44] JS criado {
    "file": "C:\\xampp\\htdocs\\Gustavo\\skyline2\/modules\/task_comments\/js\/task_comments.js"
}
[2026-01-19 17:48:44] CSS criado {
    "file": "C:\\xampp\\htdocs\\Gustavo\\skyline2\/modules\/task_comments\/css\/task_comments.css"
}
[2026-01-19 17:48:44] Módulo gerado {
    "module": "task_comments"
}
[2026-01-19 17:48:44] Pasta criada {
    "path": "C:\\xampp\\htdocs\\Gustavo\\skyline2\/modules\/tasks"
}
[2026-01-19 17:48:44] Pasta criada {
    "path": "C:\\xampp\\htdocs\\Gustavo\\skyline2\/modules\/tasks\/views"
}
[2026-01-19 17:48:44] Pasta criada {
    "path": "C:\\xampp\\htdocs\\Gustavo\\skyline2\/modules\/tasks\/js"
}
[2026-01-19 17:48:44] Pasta criada {
    "path": "C:\\xampp\\htdocs\\Gustavo\\skyline2\/modules\/tasks\/css"
}
[2026-01-19 17:48:44] View criado {
    "file": "C:\\xampp\\htdocs\\Gustavo\\skyline2\/modules\/tasks\/views\/edit.php"
}
[2026-01-19 17:48:44] View criado {
    "file": "C:\\xampp\\htdocs\\Gustavo\\skyline2\/modules\/tasks\/views\/detail.php"
}
[2026-01-19 17:48:44] Router criado {
    "file": "C:\\xampp\\htdocs\\Gustavo\\skyline2\/modules\/tasks\/router.php"
}
[2026-01-19 17:48:44] Index View criado {
    "file": "C:\\xampp\\htdocs\\Gustavo\\skyline2\/modules\/tasks\/views\/index.php"
}
[2026-01-19 17:48:44] JS criado {
    "file": "C:\\xampp\\htdocs\\Gustavo\\skyline2\/modules\/tasks\/js\/tasks.js"
}
[2026-01-19 17:48:44] CSS criado {
    "file": "C:\\xampp\\htdocs\\Gustavo\\skyline2\/modules\/tasks\/css\/tasks.css"
}
[2026-01-19 17:48:44] Módulo gerado {
    "module": "tasks"
}
[2026-01-19 17:49:32] Arquivo de metadata deletado {
    "file": "C:\\xampp\\htdocs\\Gustavo\\skyline2\\metadata\/task_comments.json"
}
[2026-01-19 17:49:32] Arquivo de metadata deletado {
    "file": "C:\\xampp\\htdocs\\Gustavo\\skyline2\\metadata\/tasks.json"
}
[2026-01-19 17:49:32] Arquivo de metadata salvo. {
    "table": "task_comments"
}
[2026-01-19 17:49:32] Arquivo de metadata salvo. {
    "table": "tasks"
}
[2026-01-19 17:49:32] Metadata de relatórios gerada.
[2026-01-19 17:49:32] Relacionamento items criado {
    "parent": "tasks",
    "child": "task_comments",
    "foreign_key": "task_id"
}
[2026-01-19 17:49:32] Módulo removido {
    "module": "task_comments"
}
[2026-01-19 17:49:32] Módulo removido {
    "module": "tasks"
}
[2026-01-19 17:49:32] Pasta criada {
    "path": "C:\\xampp\\htdocs\\Gustavo\\skyline2\/modules\/task_comments"
}
[2026-01-19 17:49:32] Pasta criada {
    "path": "C:\\xampp\\htdocs\\Gustavo\\skyline2\/modules\/task_comments\/views"
}
[2026-01-19 17:49:32] Pasta criada {
    "path": "C:\\xampp\\htdocs\\Gustavo\\skyline2\/modules\/task_comments\/js"
}
[2026-01-19 17:49:32] Pasta criada {
    "path": "C:\\xampp\\htdocs\\Gustavo\\skyline2\/modules\/task_comments\/css"
}
[2026-01-19 17:49:32] View criado {
    "file": "C:\\xampp\\htdocs\\Gustavo\\skyline2\/modules\/task_comments\/views\/edit.php"
}
[2026-01-19 17:49:32] View criado {
    "file": "C:\\xampp\\htdocs\\Gustavo\\skyline2\/modules\/task_comments\/views\/detail.php"
}
[2026-01-19 17:49:32] Router criado {
    "file": "C:\\xampp\\htdocs\\Gustavo\\skyline2\/modules\/task_comments\/router.php"
}
[2026-01-19 17:49:32] Index View criado {
    "file": "C:\\xampp\\htdocs\\Gustavo\\skyline2\/modules\/task_comments\/views\/index.php"
}
[2026-01-19 17:49:32] JS criado {
    "file": "C:\\xampp\\htdocs\\Gustavo\\skyline2\/modules\/task_comments\/js\/task_comments.js"
}
[2026-01-19 17:49:32] CSS criado {
    "file": "C:\\xampp\\htdocs\\Gustavo\\skyline2\/modules\/task_comments\/css\/task_comments.css"
}
[2026-01-19 17:49:32] Módulo gerado {
    "module": "task_comments"
}
[2026-01-19 17:49:32] Pasta criada {
    "path": "C:\\xampp\\htdocs\\Gustavo\\skyline2\/modules\/tasks"
}
[2026-01-19 17:49:32] Pasta criada {
    "path": "C:\\xampp\\htdocs\\Gustavo\\skyline2\/modules\/tasks\/views"
}
[2026-01-19 17:49:32] Pasta criada {
    "path": "C:\\xampp\\htdocs\\Gustavo\\skyline2\/modules\/tasks\/js"
}
[2026-01-19 17:49:32] Pasta criada {
    "path": "C:\\xampp\\htdocs\\Gustavo\\skyline2\/modules\/tasks\/css"
}
[2026-01-19 17:49:32] View criado {
    "file": "C:\\xampp\\htdocs\\Gustavo\\skyline2\/modules\/tasks\/views\/edit.php"
}
[2026-01-19 17:49:32] View criado {
    "file": "C:\\xampp\\htdocs\\Gustavo\\skyline2\/modules\/tasks\/views\/detail.php"
}
[2026-01-19 17:49:32] Router criado {
    "file": "C:\\xampp\\htdocs\\Gustavo\\skyline2\/modules\/tasks\/router.php"
}
[2026-01-19 17:49:32] Index View criado {
    "file": "C:\\xampp\\htdocs\\Gustavo\\skyline2\/modules\/tasks\/views\/index.php"
}
[2026-01-19 17:49:32] JS criado {
    "file": "C:\\xampp\\htdocs\\Gustavo\\skyline2\/modules\/tasks\/js\/tasks.js"
}
[2026-01-19 17:49:32] CSS criado {
    "file": "C:\\xampp\\htdocs\\Gustavo\\skyline2\/modules\/tasks\/css\/tasks.css"
}
[2026-01-19 17:49:32] Módulo gerado {
    "module": "tasks"
}
[2026-01-19 17:53:12] Arquivo de metadata deletado {
    "file": "C:\\xampp\\htdocs\\Gustavo\\skyline2\\metadata\/task_comments.json"
}
[2026-01-19 17:53:12] Arquivo de metadata deletado {
    "file": "C:\\xampp\\htdocs\\Gustavo\\skyline2\\metadata\/tasks.json"
}
[2026-01-19 17:53:12] Arquivo de metadata salvo. {
    "table": "task_comments"
}
[2026-01-19 17:53:12] Arquivo de metadata salvo. {
    "table": "tasks"
}
[2026-01-19 17:53:12] Metadata de relatórios gerada.
[2026-01-19 17:53:12] Relacionamento items criado {
    "parent": "tasks",
    "child": "task_comments",
    "foreign_key": "task_id"
}
[2026-01-19 17:53:12] Módulo removido {
    "module": "task_comments"
}
[2026-01-19 17:53:12] Módulo removido {
    "module": "tasks"
}
[2026-01-19 17:53:12] Pasta criada {
    "path": "C:\\xampp\\htdocs\\Gustavo\\skyline2\/modules\/task_comments"
}
[2026-01-19 17:53:12] Pasta criada {
    "path": "C:\\xampp\\htdocs\\Gustavo\\skyline2\/modules\/task_comments\/views"
}
[2026-01-19 17:53:12] Pasta criada {
    "path": "C:\\xampp\\htdocs\\Gustavo\\skyline2\/modules\/task_comments\/js"
}
[2026-01-19 17:53:12] Pasta criada {
    "path": "C:\\xampp\\htdocs\\Gustavo\\skyline2\/modules\/task_comments\/css"
}
[2026-01-19 17:53:12] View criado {
    "file": "C:\\xampp\\htdocs\\Gustavo\\skyline2\/modules\/task_comments\/views\/edit.php"
}
[2026-01-19 17:53:12] View criado {
    "file": "C:\\xampp\\htdocs\\Gustavo\\skyline2\/modules\/task_comments\/views\/detail.php"
}
[2026-01-19 17:53:12] Router criado {
    "file": "C:\\xampp\\htdocs\\Gustavo\\skyline2\/modules\/task_comments\/router.php"
}
[2026-01-19 17:53:12] Index View criado {
    "file": "C:\\xampp\\htdocs\\Gustavo\\skyline2\/modules\/task_comments\/views\/index.php"
}
[2026-01-19 17:53:12] JS criado {
    "file": "C:\\xampp\\htdocs\\Gustavo\\skyline2\/modules\/task_comments\/js\/task_comments.js"
}
[2026-01-19 17:53:12] CSS criado {
    "file": "C:\\xampp\\htdocs\\Gustavo\\skyline2\/modules\/task_comments\/css\/task_comments.css"
}
[2026-01-19 17:53:12] Módulo gerado {
    "module": "task_comments"
}
[2026-01-19 17:53:12] Pasta criada {
    "path": "C:\\xampp\\htdocs\\Gustavo\\skyline2\/modules\/tasks"
}
[2026-01-19 17:53:12] Pasta criada {
    "path": "C:\\xampp\\htdocs\\Gustavo\\skyline2\/modules\/tasks\/views"
}
[2026-01-19 17:53:12] Pasta criada {
    "path": "C:\\xampp\\htdocs\\Gustavo\\skyline2\/modules\/tasks\/js"
}
[2026-01-19 17:53:12] Pasta criada {
    "path": "C:\\xampp\\htdocs\\Gustavo\\skyline2\/modules\/tasks\/css"
}
[2026-01-19 17:53:12] View criado {
    "file": "C:\\xampp\\htdocs\\Gustavo\\skyline2\/modules\/tasks\/views\/edit.php"
}
[2026-01-19 17:53:12] View criado {
    "file": "C:\\xampp\\htdocs\\Gustavo\\skyline2\/modules\/tasks\/views\/detail.php"
}
[2026-01-19 17:53:12] Router criado {
    "file": "C:\\xampp\\htdocs\\Gustavo\\skyline2\/modules\/tasks\/router.php"
}
[2026-01-19 17:53:12] Index View criado {
    "file": "C:\\xampp\\htdocs\\Gustavo\\skyline2\/modules\/tasks\/views\/index.php"
}
[2026-01-19 17:53:12] JS criado {
    "file": "C:\\xampp\\htdocs\\Gustavo\\skyline2\/modules\/tasks\/js\/tasks.js"
}
[2026-01-19 17:53:12] CSS criado {
    "file": "C:\\xampp\\htdocs\\Gustavo\\skyline2\/modules\/tasks\/css\/tasks.css"
}
[2026-01-19 17:53:12] Módulo gerado {
    "module": "tasks"
}
[2026-01-19 17:57:29] Tabela dropada com sucesso {
    "table": "task_comments"
}
[2026-01-19 17:57:29] Arquivo de metadata deletado {
    "file": "C:\\xampp\\htdocs\\Gustavo\\skyline2\\metadata\/task_comments.json"
}
[2026-01-19 17:57:29] Arquivo de metadata deletado {
    "file": "C:\\xampp\\htdocs\\Gustavo\\skyline2\\metadata\/tasks.json"
}
[2026-01-19 17:57:29] Arquivo de metadata salvo. {
    "table": "tasks"
}
[2026-01-19 17:57:29] Metadata de relatórios gerada.
[2026-01-19 17:57:29] Módulo removido {
    "module": "task_comments"
}
[2026-01-19 17:57:29] Módulo removido {
    "module": "tasks"
}
[2026-01-19 17:57:29] Pasta criada {
    "path": "C:\\xampp\\htdocs\\Gustavo\\skyline2\/modules\/tasks"
}
[2026-01-19 17:57:29] Pasta criada {
    "path": "C:\\xampp\\htdocs\\Gustavo\\skyline2\/modules\/tasks\/views"
}
[2026-01-19 17:57:29] Pasta criada {
    "path": "C:\\xampp\\htdocs\\Gustavo\\skyline2\/modules\/tasks\/js"
}
[2026-01-19 17:57:29] Pasta criada {
    "path": "C:\\xampp\\htdocs\\Gustavo\\skyline2\/modules\/tasks\/css"
}
[2026-01-19 17:57:29] View criado {
    "file": "C:\\xampp\\htdocs\\Gustavo\\skyline2\/modules\/tasks\/views\/edit.php"
}
[2026-01-19 17:57:29] View criado {
    "file": "C:\\xampp\\htdocs\\Gustavo\\skyline2\/modules\/tasks\/views\/detail.php"
}
[2026-01-19 17:57:29] Router criado {
    "file": "C:\\xampp\\htdocs\\Gustavo\\skyline2\/modules\/tasks\/router.php"
}
[2026-01-19 17:57:29] Index View criado {
    "file": "C:\\xampp\\htdocs\\Gustavo\\skyline2\/modules\/tasks\/views\/index.php"
}
[2026-01-19 17:57:29] JS criado {
    "file": "C:\\xampp\\htdocs\\Gustavo\\skyline2\/modules\/tasks\/js\/tasks.js"
}
[2026-01-19 17:57:29] CSS criado {
    "file": "C:\\xampp\\htdocs\\Gustavo\\skyline2\/modules\/tasks\/css\/tasks.css"
}
[2026-01-19 17:57:29] Módulo gerado {
    "module": "tasks"
}
[2026-01-20 13:12:40] Tabela dropada com sucesso {
    "table": "tasks"
}
[2026-01-20 13:12:40] Arquivo de metadata deletado {
    "file": "C:\\xampp\\htdocs\\Gustavo\\skyline2\\metadata\/tasks.json"
}
[2026-01-20 13:12:40] Metadata de relatórios gerada.
[2026-01-20 13:12:40] Módulo removido {
    "module": "tasks"
}
[2026-01-20 15:52:00] Arquivo de metadata salvo. {
    "table": "categorias"
}
[2026-01-20 15:52:00] Arquivo de metadata salvo. {
    "table": "enderecos"
}
[2026-01-20 15:52:00] Arquivo de metadata salvo. {
    "table": "restaurantes"
}
[2026-01-20 15:52:00] Arquivo de metadata salvo. {
    "table": "usuarios"
}
[2026-01-20 15:52:00] Metadata de relatórios gerada.
[2026-01-20 15:55:27] Arquivo de metadata deletado {
    "file": "C:\\xampp\\htdocs\\Gustavo\\skyline2\\metadata\/categorias.json"
}
[2026-01-20 15:55:27] Arquivo de metadata deletado {
    "file": "C:\\xampp\\htdocs\\Gustavo\\skyline2\\metadata\/enderecos.json"
}
[2026-01-20 15:55:27] Arquivo de metadata deletado {
    "file": "C:\\xampp\\htdocs\\Gustavo\\skyline2\\metadata\/restaurantes.json"
}
[2026-01-20 15:55:27] Arquivo de metadata deletado {
    "file": "C:\\xampp\\htdocs\\Gustavo\\skyline2\\metadata\/usuarios.json"
}
[2026-01-20 15:55:27] Arquivo de metadata salvo. {
    "table": "categorias"
}
[2026-01-20 15:55:27] Arquivo de metadata salvo. {
    "table": "enderecos"
}
[2026-01-20 15:55:27] Arquivo de metadata salvo. {
    "table": "restaurantes"
}
[2026-01-20 15:55:27] Arquivo de metadata salvo. {
    "table": "usuarios"
}
[2026-01-20 15:55:27] Metadata de relatórios gerada.
[2026-01-20 15:55:27] Pasta criada {
    "path": "C:\\xampp\\htdocs\\Gustavo\\skyline2\/modules\/categorias"
}
[2026-01-20 15:55:27] Pasta criada {
    "path": "C:\\xampp\\htdocs\\Gustavo\\skyline2\/modules\/categorias\/views"
}
[2026-01-20 15:55:27] Pasta criada {
    "path": "C:\\xampp\\htdocs\\Gustavo\\skyline2\/modules\/categorias\/js"
}
[2026-01-20 15:55:27] Pasta criada {
    "path": "C:\\xampp\\htdocs\\Gustavo\\skyline2\/modules\/categorias\/css"
}
[2026-01-20 15:56:02] Arquivo de metadata deletado {
    "file": "C:\\xampp\\htdocs\\Gustavo\\skyline2\\metadata\/categorias.json"
}
[2026-01-20 15:56:02] Arquivo de metadata deletado {
    "file": "C:\\xampp\\htdocs\\Gustavo\\skyline2\\metadata\/enderecos.json"
}
[2026-01-20 15:56:02] Arquivo de metadata deletado {
    "file": "C:\\xampp\\htdocs\\Gustavo\\skyline2\\metadata\/restaurantes.json"
}
[2026-01-20 15:56:02] Arquivo de metadata deletado {
    "file": "C:\\xampp\\htdocs\\Gustavo\\skyline2\\metadata\/usuarios.json"
}
[2026-01-20 15:56:02] Arquivo de metadata salvo. {
    "table": "categorias"
}
[2026-01-20 15:56:02] Arquivo de metadata salvo. {
    "table": "enderecos"
}
[2026-01-20 15:56:02] Arquivo de metadata salvo. {
    "table": "restaurantes"
}
[2026-01-20 15:56:02] Arquivo de metadata salvo. {
    "table": "usuarios"
}
[2026-01-20 15:56:02] Metadata de relatórios gerada.
[2026-01-20 15:56:02] Módulo removido {
    "module": "categorias"
}
[2026-01-20 15:56:02] Pasta criada {
    "path": "C:\\xampp\\htdocs\\Gustavo\\skyline2\/modules\/categorias"
}
[2026-01-20 15:56:02] Pasta criada {
    "path": "C:\\xampp\\htdocs\\Gustavo\\skyline2\/modules\/categorias\/views"
}
[2026-01-20 15:56:02] Pasta criada {
    "path": "C:\\xampp\\htdocs\\Gustavo\\skyline2\/modules\/categorias\/js"
}
[2026-01-20 15:56:02] Pasta criada {
    "path": "C:\\xampp\\htdocs\\Gustavo\\skyline2\/modules\/categorias\/css"
}
[2026-01-20 15:56:02] View criado {
    "file": "C:\\xampp\\htdocs\\Gustavo\\skyline2\/modules\/categorias\/views\/edit.php"
}
[2026-01-20 15:56:02] View criado {
    "file": "C:\\xampp\\htdocs\\Gustavo\\skyline2\/modules\/categorias\/views\/detail.php"
}
[2026-01-20 15:56:02] Router criado {
    "file": "C:\\xampp\\htdocs\\Gustavo\\skyline2\/modules\/categorias\/router.php"
}
[2026-01-20 15:56:02] Index View criado {
    "file": "C:\\xampp\\htdocs\\Gustavo\\skyline2\/modules\/categorias\/views\/index.php"
}
[2026-01-20 15:56:02] JS criado {
    "file": "C:\\xampp\\htdocs\\Gustavo\\skyline2\/modules\/categorias\/js\/categorias.js"
}
[2026-01-20 15:56:02] CSS criado {
    "file": "C:\\xampp\\htdocs\\Gustavo\\skyline2\/modules\/categorias\/css\/categorias.css"
}
[2026-01-20 15:56:02] Módulo gerado {
    "module": "categorias"
}
[2026-01-20 15:56:02] Pasta criada {
    "path": "C:\\xampp\\htdocs\\Gustavo\\skyline2\/modules\/enderecos"
}
[2026-01-20 15:56:02] Pasta criada {
    "path": "C:\\xampp\\htdocs\\Gustavo\\skyline2\/modules\/enderecos\/views"
}
[2026-01-20 15:56:02] Pasta criada {
    "path": "C:\\xampp\\htdocs\\Gustavo\\skyline2\/modules\/enderecos\/js"
}
[2026-01-20 15:56:02] Pasta criada {
    "path": "C:\\xampp\\htdocs\\Gustavo\\skyline2\/modules\/enderecos\/css"
}
[2026-01-20 15:56:02] View criado {
    "file": "C:\\xampp\\htdocs\\Gustavo\\skyline2\/modules\/enderecos\/views\/edit.php"
}
[2026-01-20 15:56:02] View criado {
    "file": "C:\\xampp\\htdocs\\Gustavo\\skyline2\/modules\/enderecos\/views\/detail.php"
}
[2026-01-20 15:56:02] Router criado {
    "file": "C:\\xampp\\htdocs\\Gustavo\\skyline2\/modules\/enderecos\/router.php"
}
[2026-01-20 15:56:02] Index View criado {
    "file": "C:\\xampp\\htdocs\\Gustavo\\skyline2\/modules\/enderecos\/views\/index.php"
}
[2026-01-20 15:56:02] JS criado {
    "file": "C:\\xampp\\htdocs\\Gustavo\\skyline2\/modules\/enderecos\/js\/enderecos.js"
}
[2026-01-20 15:56:02] CSS criado {
    "file": "C:\\xampp\\htdocs\\Gustavo\\skyline2\/modules\/enderecos\/css\/enderecos.css"
}
[2026-01-20 15:56:02] Módulo gerado {
    "module": "enderecos"
}
[2026-01-20 15:56:02] Pasta criada {
    "path": "C:\\xampp\\htdocs\\Gustavo\\skyline2\/modules\/restaurantes"
}
[2026-01-20 15:56:02] Pasta criada {
    "path": "C:\\xampp\\htdocs\\Gustavo\\skyline2\/modules\/restaurantes\/views"
}
[2026-01-20 15:56:02] Pasta criada {
    "path": "C:\\xampp\\htdocs\\Gustavo\\skyline2\/modules\/restaurantes\/js"
}
[2026-01-20 15:56:02] Pasta criada {
    "path": "C:\\xampp\\htdocs\\Gustavo\\skyline2\/modules\/restaurantes\/css"
}
[2026-01-20 15:56:02] View criado {
    "file": "C:\\xampp\\htdocs\\Gustavo\\skyline2\/modules\/restaurantes\/views\/edit.php"
}
[2026-01-20 15:56:02] View criado {
    "file": "C:\\xampp\\htdocs\\Gustavo\\skyline2\/modules\/restaurantes\/views\/detail.php"
}
[2026-01-20 15:56:02] Router criado {
    "file": "C:\\xampp\\htdocs\\Gustavo\\skyline2\/modules\/restaurantes\/router.php"
}
[2026-01-20 15:56:02] Index View criado {
    "file": "C:\\xampp\\htdocs\\Gustavo\\skyline2\/modules\/restaurantes\/views\/index.php"
}
[2026-01-20 15:56:02] JS criado {
    "file": "C:\\xampp\\htdocs\\Gustavo\\skyline2\/modules\/restaurantes\/js\/restaurantes.js"
}
[2026-01-20 15:56:02] CSS criado {
    "file": "C:\\xampp\\htdocs\\Gustavo\\skyline2\/modules\/restaurantes\/css\/restaurantes.css"
}
[2026-01-20 15:56:02] Módulo gerado {
    "module": "restaurantes"
}
[2026-01-20 15:56:02] Pasta criada {
    "path": "C:\\xampp\\htdocs\\Gustavo\\skyline2\/modules\/usuarios"
}
[2026-01-20 15:56:02] Pasta criada {
    "path": "C:\\xampp\\htdocs\\Gustavo\\skyline2\/modules\/usuarios\/views"
}
[2026-01-20 15:56:02] Pasta criada {
    "path": "C:\\xampp\\htdocs\\Gustavo\\skyline2\/modules\/usuarios\/js"
}
[2026-01-20 15:56:02] Pasta criada {
    "path": "C:\\xampp\\htdocs\\Gustavo\\skyline2\/modules\/usuarios\/css"
}
[2026-01-20 15:56:02] View criado {
    "file": "C:\\xampp\\htdocs\\Gustavo\\skyline2\/modules\/usuarios\/views\/edit.php"
}
[2026-01-20 15:56:02] View criado {
    "file": "C:\\xampp\\htdocs\\Gustavo\\skyline2\/modules\/usuarios\/views\/detail.php"
}
[2026-01-20 15:56:02] Router criado {
    "file": "C:\\xampp\\htdocs\\Gustavo\\skyline2\/modules\/usuarios\/router.php"
}
[2026-01-20 15:56:02] Index View criado {
    "file": "C:\\xampp\\htdocs\\Gustavo\\skyline2\/modules\/usuarios\/views\/index.php"
}
[2026-01-20 15:56:02] JS criado {
    "file": "C:\\xampp\\htdocs\\Gustavo\\skyline2\/modules\/usuarios\/js\/usuarios.js"
}
[2026-01-20 15:56:02] CSS criado {
    "file": "C:\\xampp\\htdocs\\Gustavo\\skyline2\/modules\/usuarios\/css\/usuarios.css"
}
[2026-01-20 15:56:02] Módulo gerado {
    "module": "usuarios"
}
[2026-01-20 17:27:26] Relacionamento items criado {
    "parent": "usuarios",
    "child": "enderecos",
    "foreign_key": "usuario_id"
}
[2026-01-20 17:28:01] Arquivo de metadata deletado {
    "file": "C:\\xampp\\htdocs\\Gustavo\\skyline2\\metadata\/categorias.json"
}
[2026-01-20 17:28:01] Arquivo de metadata deletado {
    "file": "C:\\xampp\\htdocs\\Gustavo\\skyline2\\metadata\/enderecos.json"
}
[2026-01-20 17:28:01] Arquivo de metadata deletado {
    "file": "C:\\xampp\\htdocs\\Gustavo\\skyline2\\metadata\/restaurantes.json"
}
[2026-01-20 17:28:01] Arquivo de metadata deletado {
    "file": "C:\\xampp\\htdocs\\Gustavo\\skyline2\\metadata\/usuarios.json"
}
[2026-01-20 17:28:01] Arquivo de metadata salvo. {
    "table": "categorias"
}
[2026-01-20 17:28:01] Arquivo de metadata salvo. {
    "table": "enderecos"
}
[2026-01-20 17:28:01] Arquivo de metadata salvo. {
    "table": "restaurantes"
}
[2026-01-20 17:28:01] Arquivo de metadata salvo. {
    "table": "usuarios"
}
[2026-01-20 17:28:01] Metadata de relatórios gerada.
[2026-01-20 17:28:03] Relacionamento items criado {
    "parent": "usuarios",
    "child": "enderecos",
    "foreign_key": "usuario_id"
}
[2026-01-20 17:28:11] Arquivo de metadata deletado {
    "file": "C:\\xampp\\htdocs\\Gustavo\\skyline2\\metadata\/categorias.json"
}
[2026-01-20 17:28:11] Arquivo de metadata deletado {
    "file": "C:\\xampp\\htdocs\\Gustavo\\skyline2\\metadata\/enderecos.json"
}
[2026-01-20 17:28:11] Arquivo de metadata deletado {
    "file": "C:\\xampp\\htdocs\\Gustavo\\skyline2\\metadata\/restaurantes.json"
}
[2026-01-20 17:28:11] Arquivo de metadata deletado {
    "file": "C:\\xampp\\htdocs\\Gustavo\\skyline2\\metadata\/usuarios.json"
}
[2026-01-20 17:28:11] Arquivo de metadata salvo. {
    "table": "categorias"
}
[2026-01-20 17:28:11] Arquivo de metadata salvo. {
    "table": "enderecos"
}
[2026-01-20 17:28:11] Arquivo de metadata salvo. {
    "table": "restaurantes"
}
[2026-01-20 17:28:11] Arquivo de metadata salvo. {
    "table": "usuarios"
}
[2026-01-20 17:28:11] Metadata de relatórios gerada.
[2026-01-20 17:28:34] Relacionamento items criado {
    "parent": "usuarios",
    "child": "enderecos",
    "foreign_key": "usuario_id"
}
[2026-01-20 17:49:09] Arquivo de metadata deletado {
    "file": "C:\\xampp\\htdocs\\Gustavo\\skyline2\\metadata\/categorias.json"
}
[2026-01-20 17:49:09] Arquivo de metadata deletado {
    "file": "C:\\xampp\\htdocs\\Gustavo\\skyline2\\metadata\/enderecos.json"
}
[2026-01-20 17:49:09] Arquivo de metadata deletado {
    "file": "C:\\xampp\\htdocs\\Gustavo\\skyline2\\metadata\/restaurantes.json"
}
[2026-01-20 17:49:09] Arquivo de metadata deletado {
    "file": "C:\\xampp\\htdocs\\Gustavo\\skyline2\\metadata\/usuarios.json"
}
[2026-01-20 17:49:09] Relacionamento items criado {
    "parent": "usuarios",
    "child": "enderecos",
    "foreign_key": "usuario_id"
}
[2026-01-20 17:53:27] Arquivo de metadata deletado {
    "file": "C:\\xampp\\htdocs\\Gustavo\\skyline2\\metadata\/categorias.json"
}
[2026-01-20 17:53:27] Arquivo de metadata deletado {
    "file": "C:\\xampp\\htdocs\\Gustavo\\skyline2\\metadata\/enderecos.json"
}
[2026-01-20 17:53:27] Arquivo de metadata deletado {
    "file": "C:\\xampp\\htdocs\\Gustavo\\skyline2\\metadata\/restaurantes.json"
}
[2026-01-20 17:53:27] Arquivo de metadata deletado {
    "file": "C:\\xampp\\htdocs\\Gustavo\\skyline2\\metadata\/usuarios.json"
}
[2026-01-20 17:53:27] Relacionamento items criado {
    "parent": "usuarios",
    "child": "enderecos",
    "foreign_key": "usuario_id"
}
[2026-01-20 17:55:53] Arquivo de metadata deletado {
    "file": "C:\\xampp\\htdocs\\Gustavo\\skyline2\\metadata\/categorias.json"
}
[2026-01-20 17:55:53] Arquivo de metadata deletado {
    "file": "C:\\xampp\\htdocs\\Gustavo\\skyline2\\metadata\/enderecos.json"
}
[2026-01-20 17:55:53] Arquivo de metadata deletado {
    "file": "C:\\xampp\\htdocs\\Gustavo\\skyline2\\metadata\/restaurantes.json"
}
[2026-01-20 17:55:53] Arquivo de metadata deletado {
    "file": "C:\\xampp\\htdocs\\Gustavo\\skyline2\\metadata\/usuarios.json"
}
[2026-01-20 17:55:54] Relacionamento items criado {
    "parent": "usuarios",
    "child": "enderecos",
    "foreign_key": "usuario_id"
}
[2026-01-20 18:19:56] Tentando atualizar registro {
    "modulo": "usuarios",
    "data": {
        "id": "1",
        "nome": "Gustavo Silva",
        "email": "gustavo@exemplo.com",
        "senha": "$2y$10$dummyhash1",
        "tipo": "admin",
        "data_criacao": "2026-01-20 12:00:25"
    }
}
[2026-01-20 18:19:56] UPDATE resultado {
    "modulo": "usuarios",
    "id": "1",
    "rows": 0,
    "sql": "UPDATE usuarios SET nome = ?, email = ?, senha = ?, tipo = ?, data_criacao = ? WHERE id = ?",
    "values": [
        "Gustavo Silva",
        "gustavo@exemplo.com",
        "$2y$10$dummyhash1",
        "admin",
        "2026-01-20 12:00:25",
        "1"
    ]
}
[2026-01-20 18:19:56] Tentando atualizar registro {
    "modulo": "enderecos",
    "data": {
        "id": "1",
        "usuario_id": 1,
        "rua": "Rua das Palmeirass, 100",
        "cidade": "São Paulo",
        "estado": "SP",
        "cep": "01000-000"
    }
}
[2026-01-20 18:19:56] UPDATE resultado {
    "modulo": "enderecos",
    "id": "1",
    "rows": 1,
    "sql": "UPDATE enderecos SET usuario_id = ?, rua = ?, cidade = ?, estado = ?, cep = ? WHERE id = ?",
    "values": [
        1,
        "Rua das Palmeirass, 100",
        "São Paulo",
        "SP",
        "01000-000",
        "1"
    ]
}
[2026-01-20 18:20:05] Tentando atualizar registro {
    "modulo": "usuarios",
    "data": {
        "id": "1",
        "nome": "Gustavo Silva",
        "email": "gustavo@exemplo.com",
        "senha": "$2y$10$dummyhash1",
        "tipo": "admin",
        "data_criacao": "2026-01-20 12:00:25"
    }
}
[2026-01-20 18:20:05] UPDATE resultado {
    "modulo": "usuarios",
    "id": "1",
    "rows": 0,
    "sql": "UPDATE usuarios SET nome = ?, email = ?, senha = ?, tipo = ?, data_criacao = ? WHERE id = ?",
    "values": [
        "Gustavo Silva",
        "gustavo@exemplo.com",
        "$2y$10$dummyhash1",
        "admin",
        "2026-01-20 12:00:25",
        "1"
    ]
}
[2026-01-20 18:20:05] Tentando deletar registro {
    "modulo": "enderecos",
    "id": "1"
}
[2026-01-20 18:20:05] DELETE executado {
    "modulo": "enderecos",
    "id": "1",
    "linhas_afetadas": 1
}
[2026-01-20 18:30:30] Tentando atualizar registro {
    "modulo": "usuarios",
    "data": {
        "id": "1",
        "nome": "Gustavo Silva",
        "email": "gustavo@exemplo.com",
        "senha": "$2y$10$dummyhash1",
        "tipo": "admin",
        "data_criacao": "2026-01-20 12:00:25"
    }
}
[2026-01-20 18:30:30] UPDATE resultado {
    "modulo": "usuarios",
    "id": "1",
    "rows": 0,
    "sql": "UPDATE usuarios SET nome = ?, email = ?, senha = ?, tipo = ?, data_criacao = ? WHERE id = ?",
    "values": [
        "Gustavo Silva",
        "gustavo@exemplo.com",
        "$2y$10$dummyhash1",
        "admin",
        "2026-01-20 12:00:25",
        "1"
    ]
}
[2026-01-20 18:30:30] Tentando inserir registro {
    "modulo": "enderecos",
    "data": {
        "id": "",
        "usuario_id": 1,
        "rua": "",
        "cidade": "",
        "estado": "",
        "cep": ""
    }
}
[2026-01-20 18:30:30] Registro inserido com sucesso {
    "modulo": "enderecos",
    "id": "5"
}
[2026-01-20 18:30:30] Tentando inserir registro {
    "modulo": "enderecos",
    "data": {
        "id": "",
        "usuario_id": 1,
        "rua": "",
        "cidade": "",
        "estado": "",
        "cep": ""
    }
}
[2026-01-20 18:30:30] Registro inserido com sucesso {
    "modulo": "enderecos",
    "id": "6"
}
[2026-01-20 18:32:30] Tentando atualizar registro {
    "modulo": "usuarios",
    "data": {
        "id": "1",
        "nome": "Gustavo Silva",
        "email": "gustavo@exemplo.com",
        "senha": "$2y$10$dummyhash1",
        "tipo": "admin",
        "data_criacao": "2026-01-20 12:00:25"
    }
}
[2026-01-20 18:32:30] UPDATE resultado {
    "modulo": "usuarios",
    "id": "1",
    "rows": 0,
    "sql": "UPDATE usuarios SET nome = ?, email = ?, senha = ?, tipo = ?, data_criacao = ? WHERE id = ?",
    "values": [
        "Gustavo Silva",
        "gustavo@exemplo.com",
        "$2y$10$dummyhash1",
        "admin",
        "2026-01-20 12:00:25",
        "1"
    ]
}
[2026-01-20 18:32:30] Tentando inserir registro {
    "modulo": "enderecos",
    "data": {
        "id": "",
        "usuario_id": 1,
        "rua": "",
        "cidade": "",
        "estado": "",
        "cep": ""
    }
}
[2026-01-20 18:32:30] Registro inserido com sucesso {
    "modulo": "enderecos",
    "id": "7"
}
[2026-01-20 18:32:30] Tentando atualizar registro {
    "modulo": "enderecos",
    "data": {
        "id": "5",
        "usuario_id": 1,
        "rua": "",
        "cidade": "",
        "estado": "",
        "cep": ""
    }
}
[2026-01-20 18:32:30] UPDATE resultado {
    "modulo": "enderecos",
    "id": "5",
    "rows": 0,
    "sql": "UPDATE enderecos SET usuario_id = ?, rua = ?, cidade = ?, estado = ?, cep = ? WHERE id = ?",
    "values": [
        1,
        "",
        "",
        "",
        "",
        "5"
    ]
}
[2026-01-20 18:32:30] Tentando deletar registro {
    "modulo": "enderecos",
    "id": "6"
}
[2026-01-20 18:32:30] DELETE executado {
    "modulo": "enderecos",
    "id": "6",
    "linhas_afetadas": 1
}
[2026-01-20 18:32:34] Tentando atualizar registro {
    "modulo": "usuarios",
    "data": {
        "id": "1",
        "nome": "Gustavo Silva",
        "email": "gustavo@exemplo.com",
        "senha": "$2y$10$dummyhash1",
        "tipo": "admin",
        "data_criacao": "2026-01-20 12:00:25"
    }
}
[2026-01-20 18:32:34] UPDATE resultado {
    "modulo": "usuarios",
    "id": "1",
    "rows": 0,
    "sql": "UPDATE usuarios SET nome = ?, email = ?, senha = ?, tipo = ?, data_criacao = ? WHERE id = ?",
    "values": [
        "Gustavo Silva",
        "gustavo@exemplo.com",
        "$2y$10$dummyhash1",
        "admin",
        "2026-01-20 12:00:25",
        "1"
    ]
}
[2026-01-20 18:32:34] Tentando inserir registro {
    "modulo": "enderecos",
    "data": {
        "id": "",
        "usuario_id": 1,
        "rua": "",
        "cidade": "",
        "estado": "",
        "cep": ""
    }
}
[2026-01-20 18:32:34] Registro inserido com sucesso {
    "modulo": "enderecos",
    "id": "8"
}
[2026-01-20 18:32:34] Tentando atualizar registro {
    "modulo": "enderecos",
    "data": {
        "id": "5",
        "usuario_id": 1,
        "rua": "",
        "cidade": "",
        "estado": "",
        "cep": ""
    }
}
[2026-01-20 18:32:34] UPDATE resultado {
    "modulo": "enderecos",
    "id": "5",
    "rows": 0,
    "sql": "UPDATE enderecos SET usuario_id = ?, rua = ?, cidade = ?, estado = ?, cep = ? WHERE id = ?",
    "values": [
        1,
        "",
        "",
        "",
        "",
        "5"
    ]
}
[2026-01-20 18:32:34] Tentando deletar registro {
    "modulo": "enderecos",
    "id": "7"
}
[2026-01-20 18:32:34] DELETE executado {
    "modulo": "enderecos",
    "id": "7",
    "linhas_afetadas": 1
}
[2026-01-20 18:32:49] Tentando atualizar registro {
    "modulo": "usuarios",
    "data": {
        "id": "1",
        "nome": "Gustavo Silva",
        "email": "gustavo@exemplo.com",
        "senha": "$2y$10$dummyhash1",
        "tipo": "admin",
        "data_criacao": "2026-01-20 12:00:25"
    }
}
[2026-01-20 18:32:50] UPDATE resultado {
    "modulo": "usuarios",
    "id": "1",
    "rows": 0,
    "sql": "UPDATE usuarios SET nome = ?, email = ?, senha = ?, tipo = ?, data_criacao = ? WHERE id = ?",
    "values": [
        "Gustavo Silva",
        "gustavo@exemplo.com",
        "$2y$10$dummyhash1",
        "admin",
        "2026-01-20 12:00:25",
        "1"
    ]
}
[2026-01-20 18:32:50] Tentando inserir registro {
    "modulo": "enderecos",
    "data": {
        "id": "",
        "usuario_id": 1,
        "rua": "",
        "cidade": "",
        "estado": "",
        "cep": ""
    }
}
[2026-01-20 18:32:50] Registro inserido com sucesso {
    "modulo": "enderecos",
    "id": "9"
}
[2026-01-20 18:32:50] Tentando atualizar registro {
    "modulo": "enderecos",
    "data": {
        "id": "5",
        "usuario_id": 1,
        "rua": "",
        "cidade": "",
        "estado": "",
        "cep": ""
    }
}
[2026-01-20 18:32:50] UPDATE resultado {
    "modulo": "enderecos",
    "id": "5",
    "rows": 0,
    "sql": "UPDATE enderecos SET usuario_id = ?, rua = ?, cidade = ?, estado = ?, cep = ? WHERE id = ?",
    "values": [
        1,
        "",
        "",
        "",
        "",
        "5"
    ]
}
[2026-01-20 18:32:50] Tentando atualizar registro {
    "modulo": "enderecos",
    "data": {
        "id": "8",
        "usuario_id": 1,
        "rua": "",
        "cidade": "",
        "estado": "",
        "cep": ""
    }
}
[2026-01-20 18:32:50] UPDATE resultado {
    "modulo": "enderecos",
    "id": "8",
    "rows": 0,
    "sql": "UPDATE enderecos SET usuario_id = ?, rua = ?, cidade = ?, estado = ?, cep = ? WHERE id = ?",
    "values": [
        1,
        "",
        "",
        "",
        "",
        "8"
    ]
}
[2026-01-20 18:32:50] Tentando inserir registro {
    "modulo": "enderecos",
    "data": {
        "id": "",
        "usuario_id": 1,
        "rua": "",
        "cidade": "",
        "estado": "",
        "cep": ""
    }
}
[2026-01-20 18:32:50] Registro inserido com sucesso {
    "modulo": "enderecos",
    "id": "10"
}
[2026-01-20 19:03:32] Tentando deletar registro {
    "modulo": "enderecos",
    "id": "5"
}
[2026-01-20 19:03:32] DELETE executado {
    "modulo": "enderecos",
    "id": "5",
    "linhas_afetadas": 1
}
[2026-01-20 19:03:40] Tentando atualizar registro {
    "modulo": "usuarios",
    "data": {
        "id": "1",
        "nome": "Gustavo Silva",
        "email": "gustavo@exemplo.com",
        "senha": "$2y$10$dummyhash1",
        "tipo": "admin",
        "data_criacao": "2026-01-20 12:00:25"
    }
}
[2026-01-20 19:03:40] UPDATE resultado {
    "modulo": "usuarios",
    "id": "1",
    "rows": 0,
    "sql": "UPDATE usuarios SET nome = ?, email = ?, senha = ?, tipo = ?, data_criacao = ? WHERE id = ?",
    "values": [
        "Gustavo Silva",
        "gustavo@exemplo.com",
        "$2y$10$dummyhash1",
        "admin",
        "2026-01-20 12:00:25",
        "1"
    ]
}
[2026-01-20 19:03:40] Tentando inserir registro {
    "modulo": "enderecos",
    "data": {
        "id": "",
        "usuario_id": 1,
        "rua": "",
        "cidade": "",
        "estado": "",
        "cep": ""
    }
}
[2026-01-20 19:03:40] Registro inserido com sucesso {
    "modulo": "enderecos",
    "id": "11"
}
[2026-01-20 19:03:40] Tentando atualizar registro {
    "modulo": "enderecos",
    "data": {
        "id": "8",
        "usuario_id": 1,
        "rua": "teste",
        "cidade": "",
        "estado": "",
        "cep": ""
    }
}
[2026-01-20 19:03:40] UPDATE resultado {
    "modulo": "enderecos",
    "id": "8",
    "rows": 1,
    "sql": "UPDATE enderecos SET usuario_id = ?, rua = ?, cidade = ?, estado = ?, cep = ? WHERE id = ?",
    "values": [
        1,
        "teste",
        "",
        "",
        "",
        "8"
    ]
}
[2026-01-20 19:03:40] Tentando atualizar registro {
    "modulo": "enderecos",
    "data": {
        "id": "9",
        "usuario_id": 1,
        "rua": "",
        "cidade": "",
        "estado": "",
        "cep": ""
    }
}
[2026-01-20 19:03:40] UPDATE resultado {
    "modulo": "enderecos",
    "id": "9",
    "rows": 0,
    "sql": "UPDATE enderecos SET usuario_id = ?, rua = ?, cidade = ?, estado = ?, cep = ? WHERE id = ?",
    "values": [
        1,
        "",
        "",
        "",
        "",
        "9"
    ]
}
[2026-01-20 19:03:40] Tentando atualizar registro {
    "modulo": "enderecos",
    "data": {
        "id": "10",
        "usuario_id": 1,
        "rua": "",
        "cidade": "",
        "estado": "",
        "cep": ""
    }
}
[2026-01-20 19:03:40] UPDATE resultado {
    "modulo": "enderecos",
    "id": "10",
    "rows": 0,
    "sql": "UPDATE enderecos SET usuario_id = ?, rua = ?, cidade = ?, estado = ?, cep = ? WHERE id = ?",
    "values": [
        1,
        "",
        "",
        "",
        "",
        "10"
    ]
}
[2026-01-20 19:03:50] Tentando deletar registro {
    "modulo": "enderecos",
    "id": "8"
}
[2026-01-20 19:03:50] DELETE executado {
    "modulo": "enderecos",
    "id": "8",
    "linhas_afetadas": 1
}
[2026-01-20 19:04:03] Tentando atualizar registro {
    "modulo": "usuarios",
    "data": {
        "id": "1",
        "nome": "Gustavo Silva",
        "email": "gustavo@exemplo.com",
        "senha": "$2y$10$dummyhash1",
        "tipo": "admin",
        "data_criacao": "2026-01-20 12:00:25"
    }
}
[2026-01-20 19:04:03] UPDATE resultado {
    "modulo": "usuarios",
    "id": "1",
    "rows": 0,
    "sql": "UPDATE usuarios SET nome = ?, email = ?, senha = ?, tipo = ?, data_criacao = ? WHERE id = ?",
    "values": [
        "Gustavo Silva",
        "gustavo@exemplo.com",
        "$2y$10$dummyhash1",
        "admin",
        "2026-01-20 12:00:25",
        "1"
    ]
}
[2026-01-20 19:04:03] Tentando inserir registro {
    "modulo": "enderecos",
    "data": {
        "id": "",
        "usuario_id": 1,
        "rua": "",
        "cidade": "",
        "estado": "",
        "cep": ""
    }
}
[2026-01-20 19:04:03] Registro inserido com sucesso {
    "modulo": "enderecos",
    "id": "12"
}
[2026-01-20 19:04:03] Tentando atualizar registro {
    "modulo": "enderecos",
    "data": {
        "id": "9",
        "usuario_id": 1,
        "rua": "teste",
        "cidade": "",
        "estado": "",
        "cep": ""
    }
}
[2026-01-20 19:04:03] UPDATE resultado {
    "modulo": "enderecos",
    "id": "9",
    "rows": 1,
    "sql": "UPDATE enderecos SET usuario_id = ?, rua = ?, cidade = ?, estado = ?, cep = ? WHERE id = ?",
    "values": [
        1,
        "teste",
        "",
        "",
        "",
        "9"
    ]
}
[2026-01-20 19:04:03] Tentando atualizar registro {
    "modulo": "enderecos",
    "data": {
        "id": "10",
        "usuario_id": 1,
        "rua": "",
        "cidade": "",
        "estado": "",
        "cep": ""
    }
}
[2026-01-20 19:04:03] UPDATE resultado {
    "modulo": "enderecos",
    "id": "10",
    "rows": 0,
    "sql": "UPDATE enderecos SET usuario_id = ?, rua = ?, cidade = ?, estado = ?, cep = ? WHERE id = ?",
    "values": [
        1,
        "",
        "",
        "",
        "",
        "10"
    ]
}
[2026-01-20 19:04:03] Tentando atualizar registro {
    "modulo": "enderecos",
    "data": {
        "id": "11",
        "usuario_id": 1,
        "rua": "",
        "cidade": "",
        "estado": "",
        "cep": ""
    }
}
[2026-01-20 19:04:03] UPDATE resultado {
    "modulo": "enderecos",
    "id": "11",
    "rows": 0,
    "sql": "UPDATE enderecos SET usuario_id = ?, rua = ?, cidade = ?, estado = ?, cep = ? WHERE id = ?",
    "values": [
        1,
        "",
        "",
        "",
        "",
        "11"
    ]
}
[2026-01-21 15:05:38] Tentando atualizar registro {
    "modulo": "usuarios",
    "data": {
        "id": "1",
        "nome": "Gustavo Silva",
        "email": "gustavo@exemplo.com",
        "senha": "$2y$10$dummyhash1",
        "tipo": "admin",
        "data_criacao": "2026-01-20 12:00:25"
    }
}
[2026-01-21 15:05:38] UPDATE resultado {
    "modulo": "usuarios",
    "id": "1",
    "rows": 0,
    "sql": "UPDATE usuarios SET nome = ?, email = ?, senha = ?, tipo = ?, data_criacao = ? WHERE id = ?",
    "values": [
        "Gustavo Silva",
        "gustavo@exemplo.com",
        "$2y$10$dummyhash1",
        "admin",
        "2026-01-20 12:00:25",
        "1"
    ]
}
[2026-01-21 15:05:38] Tentando inserir registro {
    "modulo": "enderecos",
    "data": {
        "id": "",
        "usuario_id": 1,
        "rua": "",
        "cidade": "",
        "estado": "",
        "cep": ""
    }
}
[2026-01-21 15:05:38] Registro inserido com sucesso {
    "modulo": "enderecos",
    "id": "13"
}
[2026-01-21 15:05:38] Tentando atualizar registro {
    "modulo": "enderecos",
    "data": {
        "id": "9",
        "usuario_id": 1,
        "rua": "teste",
        "cidade": "",
        "estado": "",
        "cep": ""
    }
}
[2026-01-21 15:05:38] UPDATE resultado {
    "modulo": "enderecos",
    "id": "9",
    "rows": 0,
    "sql": "UPDATE enderecos SET usuario_id = ?, rua = ?, cidade = ?, estado = ?, cep = ? WHERE id = ?",
    "values": [
        1,
        "teste",
        "",
        "",
        "",
        "9"
    ]
}
[2026-01-21 15:05:38] Tentando atualizar registro {
    "modulo": "enderecos",
    "data": {
        "id": "10",
        "usuario_id": 1,
        "rua": "",
        "cidade": "",
        "estado": "",
        "cep": ""
    }
}
[2026-01-21 15:05:38] UPDATE resultado {
    "modulo": "enderecos",
    "id": "10",
    "rows": 0,
    "sql": "UPDATE enderecos SET usuario_id = ?, rua = ?, cidade = ?, estado = ?, cep = ? WHERE id = ?",
    "values": [
        1,
        "",
        "",
        "",
        "",
        "10"
    ]
}
[2026-01-21 15:05:38] Tentando atualizar registro {
    "modulo": "enderecos",
    "data": {
        "id": "11",
        "usuario_id": 1,
        "rua": "",
        "cidade": "",
        "estado": "",
        "cep": ""
    }
}
[2026-01-21 15:05:38] UPDATE resultado {
    "modulo": "enderecos",
    "id": "11",
    "rows": 0,
    "sql": "UPDATE enderecos SET usuario_id = ?, rua = ?, cidade = ?, estado = ?, cep = ? WHERE id = ?",
    "values": [
        1,
        "",
        "",
        "",
        "",
        "11"
    ]
}
[2026-01-21 15:05:38] Tentando deletar registro {
    "modulo": "enderecos",
    "id": "12"
}
[2026-01-21 15:05:38] DELETE executado {
    "modulo": "enderecos",
    "id": "12",
    "linhas_afetadas": 1
}
[2026-01-21 15:05:59] Tentando atualizar registro {
    "modulo": "usuarios",
    "data": {
        "id": "1",
        "nome": "Gustavo Silva",
        "email": "gustavo@exemplo.com",
        "senha": "$2y$10$dummyhash1",
        "tipo": "admin",
        "data_criacao": "2026-01-20 12:00:25"
    }
}
[2026-01-21 15:05:59] UPDATE resultado {
    "modulo": "usuarios",
    "id": "1",
    "rows": 0,
    "sql": "UPDATE usuarios SET nome = ?, email = ?, senha = ?, tipo = ?, data_criacao = ? WHERE id = ?",
    "values": [
        "Gustavo Silva",
        "gustavo@exemplo.com",
        "$2y$10$dummyhash1",
        "admin",
        "2026-01-20 12:00:25",
        "1"
    ]
}
[2026-01-21 15:05:59] Tentando inserir registro {
    "modulo": "enderecos",
    "data": {
        "id": "",
        "usuario_id": 1,
        "rua": "",
        "cidade": "",
        "estado": "",
        "cep": ""
    }
}
[2026-01-21 15:05:59] Registro inserido com sucesso {
    "modulo": "enderecos",
    "id": "14"
}
[2026-01-21 15:05:59] Tentando atualizar registro {
    "modulo": "enderecos",
    "data": {
        "id": "9",
        "usuario_id": 1,
        "rua": "teste",
        "cidade": "",
        "estado": "",
        "cep": ""
    }
}
[2026-01-21 15:05:59] UPDATE resultado {
    "modulo": "enderecos",
    "id": "9",
    "rows": 0,
    "sql": "UPDATE enderecos SET usuario_id = ?, rua = ?, cidade = ?, estado = ?, cep = ? WHERE id = ?",
    "values": [
        1,
        "teste",
        "",
        "",
        "",
        "9"
    ]
}
[2026-01-21 15:05:59] Tentando atualizar registro {
    "modulo": "enderecos",
    "data": {
        "id": "10",
        "usuario_id": 1,
        "rua": "",
        "cidade": "",
        "estado": "",
        "cep": ""
    }
}
[2026-01-21 15:05:59] UPDATE resultado {
    "modulo": "enderecos",
    "id": "10",
    "rows": 0,
    "sql": "UPDATE enderecos SET usuario_id = ?, rua = ?, cidade = ?, estado = ?, cep = ? WHERE id = ?",
    "values": [
        1,
        "",
        "",
        "",
        "",
        "10"
    ]
}
[2026-01-21 15:05:59] Tentando atualizar registro {
    "modulo": "enderecos",
    "data": {
        "id": "11",
        "usuario_id": 1,
        "rua": "",
        "cidade": "",
        "estado": "",
        "cep": ""
    }
}
[2026-01-21 15:05:59] UPDATE resultado {
    "modulo": "enderecos",
    "id": "11",
    "rows": 0,
    "sql": "UPDATE enderecos SET usuario_id = ?, rua = ?, cidade = ?, estado = ?, cep = ? WHERE id = ?",
    "values": [
        1,
        "",
        "",
        "",
        "",
        "11"
    ]
}
[2026-01-21 15:05:59] Tentando deletar registro {
    "modulo": "enderecos",
    "id": "13"
}
[2026-01-21 15:05:59] DELETE executado {
    "modulo": "enderecos",
    "id": "13",
    "linhas_afetadas": 1
}
[2026-01-21 15:13:11] Tentando atualizar registro {
    "modulo": "usuarios",
    "data": {
        "id": "1",
        "nome": "Gustavo Silva",
        "email": "gustavo@exemplo.com",
        "senha": "$2y$10$dummyhash1",
        "tipo": "admin",
        "data_criacao": "2026-01-20 12:00:25"
    }
}
[2026-01-21 15:13:11] UPDATE resultado {
    "modulo": "usuarios",
    "id": "1",
    "rows": 0,
    "sql": "UPDATE usuarios SET nome = ?, email = ?, senha = ?, tipo = ?, data_criacao = ? WHERE id = ?",
    "values": [
        "Gustavo Silva",
        "gustavo@exemplo.com",
        "$2y$10$dummyhash1",
        "admin",
        "2026-01-20 12:00:25",
        "1"
    ]
}
[2026-01-21 15:13:11] Tentando atualizar registro {
    "modulo": "enderecos",
    "data": {
        "id": "9",
        "usuario_id": 1,
        "rua": "teste",
        "cidade": "",
        "estado": "",
        "cep": ""
    }
}
[2026-01-21 15:13:11] UPDATE resultado {
    "modulo": "enderecos",
    "id": "9",
    "rows": 0,
    "sql": "UPDATE enderecos SET usuario_id = ?, rua = ?, cidade = ?, estado = ?, cep = ? WHERE id = ?",
    "values": [
        1,
        "teste",
        "",
        "",
        "",
        "9"
    ]
}
[2026-01-21 15:13:17] Tentando atualizar registro {
    "modulo": "usuarios",
    "data": {
        "id": "1",
        "nome": "Gustavo Silva",
        "email": "gustavo@exemplo.com",
        "senha": "$2y$10$dummyhash1",
        "tipo": "admin",
        "data_criacao": "2026-01-20 12:00:25"
    }
}
[2026-01-21 15:13:17] UPDATE resultado {
    "modulo": "usuarios",
    "id": "1",
    "rows": 0,
    "sql": "UPDATE usuarios SET nome = ?, email = ?, senha = ?, tipo = ?, data_criacao = ? WHERE id = ?",
    "values": [
        "Gustavo Silva",
        "gustavo@exemplo.com",
        "$2y$10$dummyhash1",
        "admin",
        "2026-01-20 12:00:25",
        "1"
    ]
}
[2026-01-21 15:13:17] Tentando atualizar registro {
    "modulo": "enderecos",
    "data": {
        "id": "9",
        "usuario_id": 1,
        "rua": "teste",
        "cidade": "",
        "estado": "",
        "cep": ""
    }
}
[2026-01-21 15:13:17] UPDATE resultado {
    "modulo": "enderecos",
    "id": "9",
    "rows": 0,
    "sql": "UPDATE enderecos SET usuario_id = ?, rua = ?, cidade = ?, estado = ?, cep = ? WHERE id = ?",
    "values": [
        1,
        "teste",
        "",
        "",
        "",
        "9"
    ]
}
[2026-01-21 15:17:27] Tentando atualizar registro {
    "modulo": "usuarios",
    "data": {
        "id": "1",
        "nome": "Gustavo Silva",
        "email": "gustavo@exemplo.com",
        "senha": "$2y$10$dummyhash1",
        "tipo": "admin",
        "data_criacao": "2026-01-20 12:00:25"
    }
}
[2026-01-21 15:17:27] UPDATE resultado {
    "modulo": "usuarios",
    "id": "1",
    "rows": 0,
    "sql": "UPDATE usuarios SET nome = ?, email = ?, senha = ?, tipo = ?, data_criacao = ? WHERE id = ?",
    "values": [
        "Gustavo Silva",
        "gustavo@exemplo.com",
        "$2y$10$dummyhash1",
        "admin",
        "2026-01-20 12:00:25",
        "1"
    ]
}
[2026-01-21 15:17:27] Tentando atualizar registro {
    "modulo": "enderecos",
    "data": {
        "id": "9",
        "usuario_id": 1,
        "rua": "teste",
        "cidade": "",
        "estado": "",
        "cep": ""
    }
}
[2026-01-21 15:17:27] UPDATE resultado {
    "modulo": "enderecos",
    "id": "9",
    "rows": 0,
    "sql": "UPDATE enderecos SET usuario_id = ?, rua = ?, cidade = ?, estado = ?, cep = ? WHERE id = ?",
    "values": [
        1,
        "teste",
        "",
        "",
        "",
        "9"
    ]
}
[2026-01-21 15:18:20] Tentando atualizar registro {
    "modulo": "usuarios",
    "data": {
        "id": "1",
        "nome": "Gustavo Silva",
        "email": "gustavo@exemplo.com",
        "senha": "$2y$10$dummyhash1",
        "tipo": "admin",
        "data_criacao": "2026-01-20 12:00:25"
    }
}
[2026-01-21 15:18:20] UPDATE resultado {
    "modulo": "usuarios",
    "id": "1",
    "rows": 0,
    "sql": "UPDATE usuarios SET nome = ?, email = ?, senha = ?, tipo = ?, data_criacao = ? WHERE id = ?",
    "values": [
        "Gustavo Silva",
        "gustavo@exemplo.com",
        "$2y$10$dummyhash1",
        "admin",
        "2026-01-20 12:00:25",
        "1"
    ]
}
[2026-01-21 15:18:20] Tentando atualizar registro {
    "modulo": "enderecos",
    "data": {
        "id": "9",
        "usuario_id": 1,
        "rua": "teste",
        "cidade": "",
        "estado": "",
        "cep": ""
    }
}
[2026-01-21 15:18:20] UPDATE resultado {
    "modulo": "enderecos",
    "id": "9",
    "rows": 0,
    "sql": "UPDATE enderecos SET usuario_id = ?, rua = ?, cidade = ?, estado = ?, cep = ? WHERE id = ?",
    "values": [
        1,
        "teste",
        "",
        "",
        "",
        "9"
    ]
}
[2026-01-21 15:21:31] Tentando atualizar registro {
    "modulo": "usuarios",
    "data": {
        "id": "1",
        "nome": "Gustavo Silva",
        "email": "gustavo@exemplo.com",
        "senha": "$2y$10$dummyhash1",
        "tipo": "admin",
        "data_criacao": "2026-01-20 12:00:25"
    }
}
[2026-01-21 15:21:31] UPDATE resultado {
    "modulo": "usuarios",
    "id": "1",
    "rows": 0,
    "sql": "UPDATE usuarios SET nome = ?, email = ?, senha = ?, tipo = ?, data_criacao = ? WHERE id = ?",
    "values": [
        "Gustavo Silva",
        "gustavo@exemplo.com",
        "$2y$10$dummyhash1",
        "admin",
        "2026-01-20 12:00:25",
        "1"
    ]
}
[2026-01-21 15:21:31] Tentando atualizar registro {
    "modulo": "enderecos",
    "data": {
        "id": "9",
        "usuario_id": 1,
        "rua": "teste",
        "cidade": "",
        "estado": "",
        "cep": ""
    }
}
[2026-01-21 15:21:31] UPDATE resultado {
    "modulo": "enderecos",
    "id": "9",
    "rows": 0,
    "sql": "UPDATE enderecos SET usuario_id = ?, rua = ?, cidade = ?, estado = ?, cep = ? WHERE id = ?",
    "values": [
        1,
        "teste",
        "",
        "",
        "",
        "9"
    ]
}
[2026-01-21 15:21:31] Tentando atualizar registro {
    "modulo": "enderecos",
    "data": {
        "id": "10",
        "usuario_id": 1,
        "rua": "",
        "cidade": "",
        "estado": "",
        "cep": ""
    }
}
[2026-01-21 15:21:31] UPDATE resultado {
    "modulo": "enderecos",
    "id": "10",
    "rows": 0,
    "sql": "UPDATE enderecos SET usuario_id = ?, rua = ?, cidade = ?, estado = ?, cep = ? WHERE id = ?",
    "values": [
        1,
        "",
        "",
        "",
        "",
        "10"
    ]
}
[2026-01-21 15:21:31] Tentando atualizar registro {
    "modulo": "enderecos",
    "data": {
        "id": "11",
        "usuario_id": 1,
        "rua": "",
        "cidade": "",
        "estado": "",
        "cep": ""
    }
}
[2026-01-21 15:21:31] UPDATE resultado {
    "modulo": "enderecos",
    "id": "11",
    "rows": 0,
    "sql": "UPDATE enderecos SET usuario_id = ?, rua = ?, cidade = ?, estado = ?, cep = ? WHERE id = ?",
    "values": [
        1,
        "",
        "",
        "",
        "",
        "11"
    ]
}
[2026-01-21 15:21:36] Tentando atualizar registro {
    "modulo": "usuarios",
    "data": {
        "id": "1",
        "nome": "Gustavo Silva",
        "email": "gustavo@exemplo.com",
        "senha": "$2y$10$dummyhash1",
        "tipo": "admin",
        "data_criacao": "2026-01-20 12:00:25"
    }
}
[2026-01-21 15:21:36] UPDATE resultado {
    "modulo": "usuarios",
    "id": "1",
    "rows": 0,
    "sql": "UPDATE usuarios SET nome = ?, email = ?, senha = ?, tipo = ?, data_criacao = ? WHERE id = ?",
    "values": [
        "Gustavo Silva",
        "gustavo@exemplo.com",
        "$2y$10$dummyhash1",
        "admin",
        "2026-01-20 12:00:25",
        "1"
    ]
}
[2026-01-21 15:21:36] Tentando atualizar registro {
    "modulo": "enderecos",
    "data": {
        "id": "9",
        "usuario_id": 1,
        "rua": "teste",
        "cidade": "",
        "estado": "",
        "cep": ""
    }
}
[2026-01-21 15:21:36] UPDATE resultado {
    "modulo": "enderecos",
    "id": "9",
    "rows": 0,
    "sql": "UPDATE enderecos SET usuario_id = ?, rua = ?, cidade = ?, estado = ?, cep = ? WHERE id = ?",
    "values": [
        1,
        "teste",
        "",
        "",
        "",
        "9"
    ]
}
[2026-01-21 15:21:36] Tentando atualizar registro {
    "modulo": "enderecos",
    "data": {
        "id": "10",
        "usuario_id": 1,
        "rua": "",
        "cidade": "",
        "estado": "",
        "cep": ""
    }
}
[2026-01-21 15:21:36] UPDATE resultado {
    "modulo": "enderecos",
    "id": "10",
    "rows": 0,
    "sql": "UPDATE enderecos SET usuario_id = ?, rua = ?, cidade = ?, estado = ?, cep = ? WHERE id = ?",
    "values": [
        1,
        "",
        "",
        "",
        "",
        "10"
    ]
}
[2026-01-21 15:21:36] Tentando atualizar registro {
    "modulo": "enderecos",
    "data": {
        "id": "11",
        "usuario_id": 1,
        "rua": "",
        "cidade": "",
        "estado": "",
        "cep": ""
    }
}
[2026-01-21 15:21:36] UPDATE resultado {
    "modulo": "enderecos",
    "id": "11",
    "rows": 0,
    "sql": "UPDATE enderecos SET usuario_id = ?, rua = ?, cidade = ?, estado = ?, cep = ? WHERE id = ?",
    "values": [
        1,
        "",
        "",
        "",
        "",
        "11"
    ]
}
[2026-01-21 15:23:40] Tentando atualizar registro {
    "modulo": "usuarios",
    "data": {
        "id": "1",
        "nome": "Gustavo Silva",
        "email": "gustavo@exemplo.com",
        "senha": "$2y$10$dummyhash1",
        "tipo": "admin",
        "data_criacao": "2026-01-20 12:00:25"
    }
}
[2026-01-21 15:23:40] UPDATE resultado {
    "modulo": "usuarios",
    "id": "1",
    "rows": 0,
    "sql": "UPDATE usuarios SET nome = ?, email = ?, senha = ?, tipo = ?, data_criacao = ? WHERE id = ?",
    "values": [
        "Gustavo Silva",
        "gustavo@exemplo.com",
        "$2y$10$dummyhash1",
        "admin",
        "2026-01-20 12:00:25",
        "1"
    ]
}
[2026-01-21 15:39:23] Tentando atualizar registro {
    "modulo": "usuarios",
    "data": {
        "id": "1",
        "nome": "Gustavo Silva",
        "email": "gustavo@exemplo.com",
        "senha": "$2y$10$dummyhash1",
        "tipo": "admin",
        "data_criacao": "2026-01-20 12:00:25"
    }
}
[2026-01-21 15:39:23] UPDATE resultado {
    "modulo": "usuarios",
    "id": "1",
    "rows": 0,
    "sql": "UPDATE usuarios SET nome = ?, email = ?, senha = ?, tipo = ?, data_criacao = ? WHERE id = ?",
    "values": [
        "Gustavo Silva",
        "gustavo@exemplo.com",
        "$2y$10$dummyhash1",
        "admin",
        "2026-01-20 12:00:25",
        "1"
    ]
}
[2026-01-21 17:24:34] Tentando atualizar registro {
    "modulo": "usuarios",
    "data": {
        "id": "1",
        "nome": "Gustavo Silva",
        "email": "gustavo@exemplo.com",
        "senha": "$2y$10$dummyhash1",
        "tipo": "admin",
        "data_criacao": "2026-01-20 12:00:25"
    }
}
[2026-01-21 17:24:34] UPDATE resultado {
    "modulo": "usuarios",
    "id": "1",
    "rows": 0,
    "sql": "UPDATE usuarios SET nome = ?, email = ?, senha = ?, tipo = ?, data_criacao = ? WHERE id = ?",
    "values": [
        "Gustavo Silva",
        "gustavo@exemplo.com",
        "$2y$10$dummyhash1",
        "admin",
        "2026-01-20 12:00:25",
        "1"
    ]
}
[2026-01-21 17:24:43] Tentando atualizar registro {
    "modulo": "usuarios",
    "data": {
        "id": "1",
        "nome": "Gustavo Silva",
        "email": "gustavo@exemplo.com",
        "senha": "$2y$10$dummyhash1",
        "tipo": "admin",
        "data_criacao": "2026-01-20 12:00:25"
    }
}
[2026-01-21 17:24:43] UPDATE resultado {
    "modulo": "usuarios",
    "id": "1",
    "rows": 0,
    "sql": "UPDATE usuarios SET nome = ?, email = ?, senha = ?, tipo = ?, data_criacao = ? WHERE id = ?",
    "values": [
        "Gustavo Silva",
        "gustavo@exemplo.com",
        "$2y$10$dummyhash1",
        "admin",
        "2026-01-20 12:00:25",
        "1"
    ]
}
[2026-01-21 17:24:52] Tentando atualizar registro {
    "modulo": "usuarios",
    "data": {
        "id": "1",
        "nome": "Gustavo Silva",
        "email": "gustavo@exemplo.com",
        "senha": "$2y$10$dummyhash1",
        "tipo": "admin",
        "data_criacao": "2026-01-20 12:00:25"
    }
}
[2026-01-21 17:24:52] UPDATE resultado {
    "modulo": "usuarios",
    "id": "1",
    "rows": 0,
    "sql": "UPDATE usuarios SET nome = ?, email = ?, senha = ?, tipo = ?, data_criacao = ? WHERE id = ?",
    "values": [
        "Gustavo Silva",
        "gustavo@exemplo.com",
        "$2y$10$dummyhash1",
        "admin",
        "2026-01-20 12:00:25",
        "1"
    ]
}
[2026-01-21 17:25:05] Tentando atualizar registro {
    "modulo": "usuarios",
    "data": {
        "id": "1",
        "nome": "Gustavo Silva",
        "email": "gustavo@exemplo.com",
        "senha": "$2y$10$dummyhash1",
        "tipo": "admin",
        "data_criacao": "2026-01-20 12:00:25"
    }
}
[2026-01-21 17:25:05] UPDATE resultado {
    "modulo": "usuarios",
    "id": "1",
    "rows": 0,
    "sql": "UPDATE usuarios SET nome = ?, email = ?, senha = ?, tipo = ?, data_criacao = ? WHERE id = ?",
    "values": [
        "Gustavo Silva",
        "gustavo@exemplo.com",
        "$2y$10$dummyhash1",
        "admin",
        "2026-01-20 12:00:25",
        "1"
    ]
}
[2026-01-21 17:25:50] Tentando atualizar registro {
    "modulo": "usuarios",
    "data": {
        "id": "1",
        "nome": "Gustavo Silva",
        "email": "gustavo@exemplo.com",
        "senha": "$2y$10$dummyhash1",
        "tipo": "admin",
        "data_criacao": "2026-01-20 12:00:25"
    }
}
[2026-01-21 17:25:50] UPDATE resultado {
    "modulo": "usuarios",
    "id": "1",
    "rows": 0,
    "sql": "UPDATE usuarios SET nome = ?, email = ?, senha = ?, tipo = ?, data_criacao = ? WHERE id = ?",
    "values": [
        "Gustavo Silva",
        "gustavo@exemplo.com",
        "$2y$10$dummyhash1",
        "admin",
        "2026-01-20 12:00:25",
        "1"
    ]
}
[2026-01-21 17:34:42] Tentando atualizar registro {
    "modulo": "usuarios",
    "data": {
        "id": "1",
        "nome": "Gustavo Silva",
        "email": "gustavo@exemplo.com",
        "senha": "$2y$10$dummyhash1",
        "tipo": "admin",
        "data_criacao": "2026-01-20 12:00:25"
    }
}
[2026-01-21 17:34:42] UPDATE resultado {
    "modulo": "usuarios",
    "id": "1",
    "rows": 0,
    "sql": "UPDATE usuarios SET nome = ?, email = ?, senha = ?, tipo = ?, data_criacao = ? WHERE id = ?",
    "values": [
        "Gustavo Silva",
        "gustavo@exemplo.com",
        "$2y$10$dummyhash1",
        "admin",
        "2026-01-20 12:00:25",
        "1"
    ]
}
[2026-01-21 17:34:58] Tentando atualizar registro {
    "modulo": "usuarios",
    "data": {
        "id": "1",
        "nome": "Gustavo Silva",
        "email": "gustavo@exemplo.com",
        "senha": "$2y$10$dummyhash1",
        "tipo": "admin",
        "data_criacao": "2026-01-20 12:00:25"
    }
}
[2026-01-21 17:34:58] UPDATE resultado {
    "modulo": "usuarios",
    "id": "1",
    "rows": 0,
    "sql": "UPDATE usuarios SET nome = ?, email = ?, senha = ?, tipo = ?, data_criacao = ? WHERE id = ?",
    "values": [
        "Gustavo Silva",
        "gustavo@exemplo.com",
        "$2y$10$dummyhash1",
        "admin",
        "2026-01-20 12:00:25",
        "1"
    ]
}
[2026-01-21 17:38:13] Tentando atualizar registro {
    "modulo": "usuarios",
    "data": {
        "id": "1",
        "nome": "Gustavo Silva",
        "email": "gustavo@exemplo.com",
        "senha": "$2y$10$dummyhash1",
        "tipo": "admin",
        "data_criacao": "2026-01-20 12:00:25"
    }
}
[2026-01-21 17:38:13] UPDATE resultado {
    "modulo": "usuarios",
    "id": "1",
    "rows": 0,
    "sql": "UPDATE usuarios SET nome = ?, email = ?, senha = ?, tipo = ?, data_criacao = ? WHERE id = ?",
    "values": [
        "Gustavo Silva",
        "gustavo@exemplo.com",
        "$2y$10$dummyhash1",
        "admin",
        "2026-01-20 12:00:25",
        "1"
    ]
}
[2026-01-21 17:38:13] Tentando atualizar registro {
    "modulo": "enderecos",
    "data": {
        "id": "9",
        "usuario_id": 1,
        "rua": "teste",
        "cidade": "",
        "estado": "",
        "cep": ""
    }
}
[2026-01-21 17:38:13] UPDATE resultado {
    "modulo": "enderecos",
    "id": "9",
    "rows": 0,
    "sql": "UPDATE enderecos SET usuario_id = ?, rua = ?, cidade = ?, estado = ?, cep = ? WHERE id = ?",
    "values": [
        1,
        "teste",
        "",
        "",
        "",
        "9"
    ]
}
[2026-01-21 17:38:13] Tentando atualizar registro {
    "modulo": "enderecos",
    "data": {
        "id": "10",
        "usuario_id": 1,
        "rua": "",
        "cidade": "",
        "estado": "",
        "cep": ""
    }
}
[2026-01-21 17:38:13] UPDATE resultado {
    "modulo": "enderecos",
    "id": "10",
    "rows": 0,
    "sql": "UPDATE enderecos SET usuario_id = ?, rua = ?, cidade = ?, estado = ?, cep = ? WHERE id = ?",
    "values": [
        1,
        "",
        "",
        "",
        "",
        "10"
    ]
}
[2026-01-21 17:38:13] Tentando atualizar registro {
    "modulo": "enderecos",
    "data": {
        "id": "11",
        "usuario_id": 1,
        "rua": "",
        "cidade": "",
        "estado": "",
        "cep": ""
    }
}
[2026-01-21 17:38:13] UPDATE resultado {
    "modulo": "enderecos",
    "id": "11",
    "rows": 0,
    "sql": "UPDATE enderecos SET usuario_id = ?, rua = ?, cidade = ?, estado = ?, cep = ? WHERE id = ?",
    "values": [
        1,
        "",
        "",
        "",
        "",
        "11"
    ]
}
[2026-01-21 17:38:13] Tentando deletar registro {
    "modulo": "enderecos",
    "id": "14"
}
[2026-01-21 17:38:13] DELETE executado {
    "modulo": "enderecos",
    "id": "14",
    "linhas_afetadas": 1
}
[2026-01-21 17:38:50] Tentando atualizar registro {
    "modulo": "usuarios",
    "data": {
        "id": "1",
        "nome": "Gustavo Silva",
        "email": "gustavo@exemplo.com",
        "senha": "$2y$10$dummyhash1",
        "tipo": "admin",
        "data_criacao": "2026-01-20 12:00:25"
    }
}
[2026-01-21 17:38:50] UPDATE resultado {
    "modulo": "usuarios",
    "id": "1",
    "rows": 0,
    "sql": "UPDATE usuarios SET nome = ?, email = ?, senha = ?, tipo = ?, data_criacao = ? WHERE id = ?",
    "values": [
        "Gustavo Silva",
        "gustavo@exemplo.com",
        "$2y$10$dummyhash1",
        "admin",
        "2026-01-20 12:00:25",
        "1"
    ]
}
[2026-01-21 17:38:50] Tentando atualizar registro {
    "modulo": "enderecos",
    "data": {
        "id": "9",
        "usuario_id": 1,
        "rua": "teste",
        "cidade": "",
        "estado": "",
        "cep": ""
    }
}
[2026-01-21 17:38:50] UPDATE resultado {
    "modulo": "enderecos",
    "id": "9",
    "rows": 0,
    "sql": "UPDATE enderecos SET usuario_id = ?, rua = ?, cidade = ?, estado = ?, cep = ? WHERE id = ?",
    "values": [
        1,
        "teste",
        "",
        "",
        "",
        "9"
    ]
}
[2026-01-21 17:38:50] Tentando deletar registro {
    "modulo": "enderecos",
    "id": "10"
}
[2026-01-21 17:38:50] DELETE executado {
    "modulo": "enderecos",
    "id": "10",
    "linhas_afetadas": 1
}
[2026-01-21 17:38:50] Tentando deletar registro {
    "modulo": "enderecos",
    "id": "11"
}
[2026-01-21 17:38:50] DELETE executado {
    "modulo": "enderecos",
    "id": "11",
    "linhas_afetadas": 1
}
[2026-01-21 17:38:56] Tentando atualizar registro {
    "modulo": "usuarios",
    "data": {
        "id": "1",
        "nome": "Gustavo Silva",
        "email": "gustavo@exemplo.com",
        "senha": "$2y$10$dummyhash1",
        "tipo": "admin",
        "data_criacao": "2026-01-20 12:00:25"
    }
}
[2026-01-21 17:38:56] UPDATE resultado {
    "modulo": "usuarios",
    "id": "1",
    "rows": 0,
    "sql": "UPDATE usuarios SET nome = ?, email = ?, senha = ?, tipo = ?, data_criacao = ? WHERE id = ?",
    "values": [
        "Gustavo Silva",
        "gustavo@exemplo.com",
        "$2y$10$dummyhash1",
        "admin",
        "2026-01-20 12:00:25",
        "1"
    ]
}
[2026-01-21 17:38:56] Tentando atualizar registro {
    "modulo": "enderecos",
    "data": {
        "id": "9",
        "usuario_id": 1,
        "rua": "testesss",
        "cidade": "",
        "estado": "",
        "cep": ""
    }
}
[2026-01-21 17:38:56] UPDATE resultado {
    "modulo": "enderecos",
    "id": "9",
    "rows": 1,
    "sql": "UPDATE enderecos SET usuario_id = ?, rua = ?, cidade = ?, estado = ?, cep = ? WHERE id = ?",
    "values": [
        1,
        "testesss",
        "",
        "",
        "",
        "9"
    ]
}
[2026-01-21 17:39:05] Tentando atualizar registro {
    "modulo": "usuarios",
    "data": {
        "id": "1",
        "nome": "Gustavo Silva",
        "email": "gustavo@exemplo.com",
        "senha": "$2y$10$dummyhash1",
        "tipo": "admin",
        "data_criacao": "2026-01-20 12:00:25"
    }
}
[2026-01-21 17:39:05] UPDATE resultado {
    "modulo": "usuarios",
    "id": "1",
    "rows": 0,
    "sql": "UPDATE usuarios SET nome = ?, email = ?, senha = ?, tipo = ?, data_criacao = ? WHERE id = ?",
    "values": [
        "Gustavo Silva",
        "gustavo@exemplo.com",
        "$2y$10$dummyhash1",
        "admin",
        "2026-01-20 12:00:25",
        "1"
    ]
}
[2026-01-21 17:39:05] Tentando atualizar registro {
    "modulo": "enderecos",
    "data": {
        "id": "9",
        "usuario_id": 1,
        "rua": "testesss",
        "cidade": "",
        "estado": "",
        "cep": ""
    }
}
[2026-01-21 17:39:05] UPDATE resultado {
    "modulo": "enderecos",
    "id": "9",
    "rows": 0,
    "sql": "UPDATE enderecos SET usuario_id = ?, rua = ?, cidade = ?, estado = ?, cep = ? WHERE id = ?",
    "values": [
        1,
        "testesss",
        "",
        "",
        "",
        "9"
    ]
}
[2026-01-21 17:39:05] Tentando inserir registro {
    "modulo": "enderecos",
    "data": {
        "id": "",
        "usuario_id": 1,
        "rua": "testa",
        "cidade": "",
        "estado": "",
        "cep": ""
    }
}
[2026-01-21 17:39:05] Registro inserido com sucesso {
    "modulo": "enderecos",
    "id": "15"
}
[2026-01-21 17:48:16] Tentando atualizar registro {
    "modulo": "usuarios",
    "data": {
        "id": "1",
        "nome": "Gustavo Silva",
        "email": "gustavo@exemplo.com",
        "senha": "$2y$10$dummyhash1",
        "tipo": "admin",
        "data_criacao": "2026-01-20 12:00:25"
    }
}
[2026-01-21 17:48:16] UPDATE resultado {
    "modulo": "usuarios",
    "id": "1",
    "rows": 0,
    "sql": "UPDATE usuarios SET nome = ?, email = ?, senha = ?, tipo = ?, data_criacao = ? WHERE id = ?",
    "values": [
        "Gustavo Silva",
        "gustavo@exemplo.com",
        "$2y$10$dummyhash1",
        "admin",
        "2026-01-20 12:00:25",
        "1"
    ]
}
[2026-01-21 17:48:16] Tentando atualizar registro {
    "modulo": "enderecos",
    "data": {
        "id": "9",
        "usuario_id": 1,
        "rua": "testesss",
        "cidade": "aaaaa",
        "estado": "",
        "cep": ""
    }
}
[2026-01-21 17:48:16] UPDATE resultado {
    "modulo": "enderecos",
    "id": "9",
    "rows": 1,
    "sql": "UPDATE enderecos SET usuario_id = ?, rua = ?, cidade = ?, estado = ?, cep = ? WHERE id = ?",
    "values": [
        1,
        "testesss",
        "aaaaa",
        "",
        "",
        "9"
    ]
}
[2026-01-21 17:48:16] Tentando atualizar registro {
    "modulo": "enderecos",
    "data": {
        "id": "15",
        "usuario_id": 1,
        "rua": "testa",
        "cidade": "bbbbb",
        "estado": "",
        "cep": ""
    }
}
[2026-01-21 17:48:16] UPDATE resultado {
    "modulo": "enderecos",
    "id": "15",
    "rows": 1,
    "sql": "UPDATE enderecos SET usuario_id = ?, rua = ?, cidade = ?, estado = ?, cep = ? WHERE id = ?",
    "values": [
        1,
        "testa",
        "bbbbb",
        "",
        "",
        "15"
    ]
}
[2026-01-21 17:56:55] Tentando atualizar registro {
    "modulo": "enderecos",
    "data": {
        "id": "2",
        "usuario_id": "1",
        "rua": "Av. Brasil, 250",
        "cidade": "Rio de Janeiro",
        "estado": "RJ",
        "cep": "20000-000"
    }
}
[2026-01-21 17:56:55] UPDATE resultado {
    "modulo": "enderecos",
    "id": "2",
    "rows": 1,
    "sql": "UPDATE enderecos SET usuario_id = ?, rua = ?, cidade = ?, estado = ?, cep = ? WHERE id = ?",
    "values": [
        "1",
        "Av. Brasil, 250",
        "Rio de Janeiro",
        "RJ",
        "20000-000",
        "2"
    ]
}
[2026-01-21 17:57:03] Tentando atualizar registro {
    "modulo": "enderecos",
    "data": {
        "id": "2",
        "usuario_id": "4",
        "rua": "Av. Brasil, 250",
        "cidade": "Rio de Janeiro",
        "estado": "RJ",
        "cep": "20000-000"
    }
}
[2026-01-21 17:57:04] UPDATE resultado {
    "modulo": "enderecos",
    "id": "2",
    "rows": 1,
    "sql": "UPDATE enderecos SET usuario_id = ?, rua = ?, cidade = ?, estado = ?, cep = ? WHERE id = ?",
    "values": [
        "4",
        "Av. Brasil, 250",
        "Rio de Janeiro",
        "RJ",
        "20000-000",
        "2"
    ]
}
[2026-01-21 18:00:09] Tentando atualizar registro {
    "modulo": "usuarios",
    "data": {
        "id": "4",
        "nome": "Mariana Costa",
        "email": "mariana@exemplo.com",
        "senha": "$2y$10$dummyhash4",
        "tipo": "",
        "data_criacao": "2026-01-20 12:00:25"
    }
}
[2026-01-21 18:00:09] UPDATE resultado {
    "modulo": "usuarios",
    "id": "4",
    "rows": 0,
    "sql": "UPDATE usuarios SET nome = ?, email = ?, senha = ?, tipo = ?, data_criacao = ? WHERE id = ?",
    "values": [
        "Mariana Costa",
        "mariana@exemplo.com",
        "$2y$10$dummyhash4",
        "",
        "2026-01-20 12:00:25",
        "4"
    ]
}
[2026-01-21 18:00:09] Tentando atualizar registro {
    "modulo": "enderecos",
    "data": {
        "id": "2",
        "usuario_id": 4,
        "rua": "Av. Brasil, 250",
        "cidade": "Rio de Janeiro",
        "estado": "RJ",
        "cep": "20000-000"
    }
}
[2026-01-21 18:00:09] UPDATE resultado {
    "modulo": "enderecos",
    "id": "2",
    "rows": 0,
    "sql": "UPDATE enderecos SET usuario_id = ?, rua = ?, cidade = ?, estado = ?, cep = ? WHERE id = ?",
    "values": [
        4,
        "Av. Brasil, 250",
        "Rio de Janeiro",
        "RJ",
        "20000-000",
        "2"
    ]
}
[2026-01-21 18:00:09] Tentando atualizar registro {
    "modulo": "enderecos",
    "data": {
        "id": "4",
        "usuario_id": 4,
        "rua": "Av. Gastronômica, 999",
        "cidade": "Curitiba",
        "estado": "PR",
        "cep": "80000-000"
    }
}
[2026-01-21 18:00:09] UPDATE resultado {
    "modulo": "enderecos",
    "id": "4",
    "rows": 0,
    "sql": "UPDATE enderecos SET usuario_id = ?, rua = ?, cidade = ?, estado = ?, cep = ? WHERE id = ?",
    "values": [
        4,
        "Av. Gastronômica, 999",
        "Curitiba",
        "PR",
        "80000-000",
        "4"
    ]
}
[2026-01-21 18:12:21] Arquivo de metadata deletado {
    "file": "C:\\xampp\\htdocs\\Gustavo\\skyline2\\metadata\/categorias.json"
}
[2026-01-21 18:12:21] Arquivo de metadata deletado {
    "file": "C:\\xampp\\htdocs\\Gustavo\\skyline2\\metadata\/enderecos.json"
}
[2026-01-21 18:12:21] Arquivo de metadata deletado {
    "file": "C:\\xampp\\htdocs\\Gustavo\\skyline2\\metadata\/restaurantes.json"
}
[2026-01-21 18:12:21] Arquivo de metadata deletado {
    "file": "C:\\xampp\\htdocs\\Gustavo\\skyline2\\metadata\/usuarios.json"
}
[2026-01-21 18:12:22] Relacionamento items criado {
    "parent": "tarefas",
    "child": "alocacoes",
    "foreign_key": "tarefa_id"
}
[2026-01-21 18:12:22] Relacionamento items criado {
    "parent": "recursos",
    "child": "alocacoes",
    "foreign_key": "recurso_id"
}
[2026-01-21 18:12:22] Relacionamento items criado {
    "parent": "pessoas",
    "child": "alocacoes",
    "foreign_key": "aprovado_por"
}
[2026-01-21 18:12:22] Relacionamento items criado {
    "parent": "tarefas",
    "child": "comentarios",
    "foreign_key": "tarefa_id"
}
[2026-01-21 18:12:22] Relacionamento items criado {
    "parent": "pessoas",
    "child": "comentarios",
    "foreign_key": "autor_id"
}
[2026-01-21 18:12:22] Relacionamento items criado {
    "parent": "pessoas",
    "child": "projetos",
    "foreign_key": "responsavel_id"
}
[2026-01-21 18:12:22] Relacionamento items criado {
    "parent": "pessoas",
    "child": "projetos",
    "foreign_key": "cliente_id"
}
[2026-01-21 18:12:22] Relacionamento items criado {
    "parent": "projetos",
    "child": "tarefas",
    "foreign_key": "projeto_id"
}
[2026-01-21 18:12:22] Relacionamento items criado {
    "parent": "pessoas",
    "child": "tarefas",
    "foreign_key": "atribuido_a"
}
[2026-01-21 18:12:22] Relacionamento items criado {
    "parent": "categorias",
    "child": "tarefas",
    "foreign_key": "categoria_id"
}
[2026-01-21 18:12:22] Relacionamento items criado {
    "parent": "prioridades",
    "child": "tarefas",
    "foreign_key": "prioridade_id"
}
[2026-01-21 18:12:22] Custom metadata órfão removido. {
    "file": "C:\\xampp\\htdocs\\Gustavo\\skyline2\\metadata\/custom\/usuarios.json"
}
[2026-01-21 18:13:13] Arquivo de metadata deletado {
    "file": "C:\\xampp\\htdocs\\Gustavo\\skyline2\\metadata\/alocacoes.json"
}
[2026-01-21 18:13:13] Arquivo de metadata deletado {
    "file": "C:\\xampp\\htdocs\\Gustavo\\skyline2\\metadata\/categorias.json"
}
[2026-01-21 18:13:13] Arquivo de metadata deletado {
    "file": "C:\\xampp\\htdocs\\Gustavo\\skyline2\\metadata\/comentarios.json"
}
[2026-01-21 18:13:13] Arquivo de metadata deletado {
    "file": "C:\\xampp\\htdocs\\Gustavo\\skyline2\\metadata\/pessoas.json"
}
[2026-01-21 18:13:13] Arquivo de metadata deletado {
    "file": "C:\\xampp\\htdocs\\Gustavo\\skyline2\\metadata\/prioridades.json"
}
[2026-01-21 18:13:13] Arquivo de metadata deletado {
    "file": "C:\\xampp\\htdocs\\Gustavo\\skyline2\\metadata\/projetos.json"
}
[2026-01-21 18:13:13] Arquivo de metadata deletado {
    "file": "C:\\xampp\\htdocs\\Gustavo\\skyline2\\metadata\/recursos.json"
}
[2026-01-21 18:13:13] Arquivo de metadata deletado {
    "file": "C:\\xampp\\htdocs\\Gustavo\\skyline2\\metadata\/tarefas.json"
}
[2026-01-21 18:13:13] Relacionamento items criado {
    "parent": "tarefas",
    "child": "alocacoes",
    "foreign_key": "tarefa_id"
}
[2026-01-21 18:13:13] Relacionamento items criado {
    "parent": "recursos",
    "child": "alocacoes",
    "foreign_key": "recurso_id"
}
[2026-01-21 18:13:13] Relacionamento items criado {
    "parent": "pessoas",
    "child": "alocacoes",
    "foreign_key": "aprovado_por"
}
[2026-01-21 18:13:13] Relacionamento items criado {
    "parent": "tarefas",
    "child": "comentarios",
    "foreign_key": "tarefa_id"
}
[2026-01-21 18:13:13] Relacionamento items criado {
    "parent": "pessoas",
    "child": "comentarios",
    "foreign_key": "autor_id"
}
[2026-01-21 18:13:13] Relacionamento items criado {
    "parent": "pessoas",
    "child": "projetos",
    "foreign_key": "responsavel_id"
}
[2026-01-21 18:13:13] Relacionamento items criado {
    "parent": "pessoas",
    "child": "projetos",
    "foreign_key": "cliente_id"
}
[2026-01-21 18:13:13] Relacionamento items criado {
    "parent": "projetos",
    "child": "tarefas",
    "foreign_key": "projeto_id"
}
[2026-01-21 18:13:13] Relacionamento items criado {
    "parent": "pessoas",
    "child": "tarefas",
    "foreign_key": "atribuido_a"
}
[2026-01-21 18:13:13] Relacionamento items criado {
    "parent": "categorias",
    "child": "tarefas",
    "foreign_key": "categoria_id"
}
[2026-01-21 18:13:13] Relacionamento items criado {
    "parent": "prioridades",
    "child": "tarefas",
    "foreign_key": "prioridade_id"
}
[2026-01-21 18:13:13] Módulo removido {
    "module": "categorias"
}
[2026-01-21 18:13:13] Módulo removido {
    "module": "enderecos"
}
[2026-01-21 18:13:13] Módulo removido {
    "module": "restaurantes"
}
[2026-01-21 18:13:13] Módulo removido {
    "module": "usuarios"
}
[2026-01-21 18:13:14] Pasta criada {
    "path": "C:\\xampp\\htdocs\\Gustavo\\skyline2\/modules\/alocacoes"
}
[2026-01-21 18:13:14] Pasta criada {
    "path": "C:\\xampp\\htdocs\\Gustavo\\skyline2\/modules\/alocacoes\/views"
}
[2026-01-21 18:13:14] Pasta criada {
    "path": "C:\\xampp\\htdocs\\Gustavo\\skyline2\/modules\/alocacoes\/js"
}
[2026-01-21 18:13:14] Pasta criada {
    "path": "C:\\xampp\\htdocs\\Gustavo\\skyline2\/modules\/alocacoes\/css"
}
[2026-01-21 18:13:14] View criado {
    "file": "C:\\xampp\\htdocs\\Gustavo\\skyline2\/modules\/alocacoes\/views\/edit.php"
}
[2026-01-21 18:13:14] View criado {
    "file": "C:\\xampp\\htdocs\\Gustavo\\skyline2\/modules\/alocacoes\/views\/detail.php"
}
[2026-01-21 18:13:14] Router criado {
    "file": "C:\\xampp\\htdocs\\Gustavo\\skyline2\/modules\/alocacoes\/router.php"
}
[2026-01-21 18:13:14] Index View criado {
    "file": "C:\\xampp\\htdocs\\Gustavo\\skyline2\/modules\/alocacoes\/views\/index.php"
}
[2026-01-21 18:13:14] JS criado {
    "file": "C:\\xampp\\htdocs\\Gustavo\\skyline2\/modules\/alocacoes\/js\/alocacoes.js"
}
[2026-01-21 18:13:14] CSS criado {
    "file": "C:\\xampp\\htdocs\\Gustavo\\skyline2\/modules\/alocacoes\/css\/alocacoes.css"
}
[2026-01-21 18:13:14] Módulo gerado {
    "module": "alocacoes"
}
[2026-01-21 18:13:14] Pasta criada {
    "path": "C:\\xampp\\htdocs\\Gustavo\\skyline2\/modules\/categorias"
}
[2026-01-21 18:13:14] Pasta criada {
    "path": "C:\\xampp\\htdocs\\Gustavo\\skyline2\/modules\/categorias\/views"
}
[2026-01-21 18:13:14] Pasta criada {
    "path": "C:\\xampp\\htdocs\\Gustavo\\skyline2\/modules\/categorias\/js"
}
[2026-01-21 18:13:14] Pasta criada {
    "path": "C:\\xampp\\htdocs\\Gustavo\\skyline2\/modules\/categorias\/css"
}
[2026-01-21 18:13:14] View criado {
    "file": "C:\\xampp\\htdocs\\Gustavo\\skyline2\/modules\/categorias\/views\/edit.php"
}
[2026-01-21 18:13:14] View criado {
    "file": "C:\\xampp\\htdocs\\Gustavo\\skyline2\/modules\/categorias\/views\/detail.php"
}
[2026-01-21 18:13:14] Router criado {
    "file": "C:\\xampp\\htdocs\\Gustavo\\skyline2\/modules\/categorias\/router.php"
}
[2026-01-21 18:13:14] Index View criado {
    "file": "C:\\xampp\\htdocs\\Gustavo\\skyline2\/modules\/categorias\/views\/index.php"
}
[2026-01-21 18:13:14] JS criado {
    "file": "C:\\xampp\\htdocs\\Gustavo\\skyline2\/modules\/categorias\/js\/categorias.js"
}
[2026-01-21 18:13:14] CSS criado {
    "file": "C:\\xampp\\htdocs\\Gustavo\\skyline2\/modules\/categorias\/css\/categorias.css"
}
[2026-01-21 18:13:14] Módulo gerado {
    "module": "categorias"
}
[2026-01-21 18:13:14] Pasta criada {
    "path": "C:\\xampp\\htdocs\\Gustavo\\skyline2\/modules\/comentarios"
}
[2026-01-21 18:13:14] Pasta criada {
    "path": "C:\\xampp\\htdocs\\Gustavo\\skyline2\/modules\/comentarios\/views"
}
[2026-01-21 18:13:14] Pasta criada {
    "path": "C:\\xampp\\htdocs\\Gustavo\\skyline2\/modules\/comentarios\/js"
}
[2026-01-21 18:13:14] Pasta criada {
    "path": "C:\\xampp\\htdocs\\Gustavo\\skyline2\/modules\/comentarios\/css"
}
[2026-01-21 18:13:14] View criado {
    "file": "C:\\xampp\\htdocs\\Gustavo\\skyline2\/modules\/comentarios\/views\/edit.php"
}
[2026-01-21 18:13:14] View criado {
    "file": "C:\\xampp\\htdocs\\Gustavo\\skyline2\/modules\/comentarios\/views\/detail.php"
}
[2026-01-21 18:13:14] Router criado {
    "file": "C:\\xampp\\htdocs\\Gustavo\\skyline2\/modules\/comentarios\/router.php"
}
[2026-01-21 18:13:14] Index View criado {
    "file": "C:\\xampp\\htdocs\\Gustavo\\skyline2\/modules\/comentarios\/views\/index.php"
}
[2026-01-21 18:13:14] JS criado {
    "file": "C:\\xampp\\htdocs\\Gustavo\\skyline2\/modules\/comentarios\/js\/comentarios.js"
}
[2026-01-21 18:13:14] CSS criado {
    "file": "C:\\xampp\\htdocs\\Gustavo\\skyline2\/modules\/comentarios\/css\/comentarios.css"
}
[2026-01-21 18:13:14] Módulo gerado {
    "module": "comentarios"
}
[2026-01-21 18:13:14] Pasta criada {
    "path": "C:\\xampp\\htdocs\\Gustavo\\skyline2\/modules\/pessoas"
}
[2026-01-21 18:13:14] Pasta criada {
    "path": "C:\\xampp\\htdocs\\Gustavo\\skyline2\/modules\/pessoas\/views"
}
[2026-01-21 18:13:14] Pasta criada {
    "path": "C:\\xampp\\htdocs\\Gustavo\\skyline2\/modules\/pessoas\/js"
}
[2026-01-21 18:13:14] Pasta criada {
    "path": "C:\\xampp\\htdocs\\Gustavo\\skyline2\/modules\/pessoas\/css"
}
[2026-01-21 18:13:14] View criado {
    "file": "C:\\xampp\\htdocs\\Gustavo\\skyline2\/modules\/pessoas\/views\/edit.php"
}
[2026-01-21 18:13:14] View criado {
    "file": "C:\\xampp\\htdocs\\Gustavo\\skyline2\/modules\/pessoas\/views\/detail.php"
}
[2026-01-21 18:13:14] Router criado {
    "file": "C:\\xampp\\htdocs\\Gustavo\\skyline2\/modules\/pessoas\/router.php"
}
[2026-01-21 18:13:14] Index View criado {
    "file": "C:\\xampp\\htdocs\\Gustavo\\skyline2\/modules\/pessoas\/views\/index.php"
}
[2026-01-21 18:13:14] JS criado {
    "file": "C:\\xampp\\htdocs\\Gustavo\\skyline2\/modules\/pessoas\/js\/pessoas.js"
}
[2026-01-21 18:13:14] CSS criado {
    "file": "C:\\xampp\\htdocs\\Gustavo\\skyline2\/modules\/pessoas\/css\/pessoas.css"
}
[2026-01-21 18:13:14] Módulo gerado {
    "module": "pessoas"
}
[2026-01-21 18:13:14] Pasta criada {
    "path": "C:\\xampp\\htdocs\\Gustavo\\skyline2\/modules\/prioridades"
}
[2026-01-21 18:13:14] Pasta criada {
    "path": "C:\\xampp\\htdocs\\Gustavo\\skyline2\/modules\/prioridades\/views"
}
[2026-01-21 18:13:14] Pasta criada {
    "path": "C:\\xampp\\htdocs\\Gustavo\\skyline2\/modules\/prioridades\/js"
}
[2026-01-21 18:13:14] Pasta criada {
    "path": "C:\\xampp\\htdocs\\Gustavo\\skyline2\/modules\/prioridades\/css"
}
[2026-01-21 18:13:14] View criado {
    "file": "C:\\xampp\\htdocs\\Gustavo\\skyline2\/modules\/prioridades\/views\/edit.php"
}
[2026-01-21 18:13:14] View criado {
    "file": "C:\\xampp\\htdocs\\Gustavo\\skyline2\/modules\/prioridades\/views\/detail.php"
}
[2026-01-21 18:13:14] Router criado {
    "file": "C:\\xampp\\htdocs\\Gustavo\\skyline2\/modules\/prioridades\/router.php"
}
[2026-01-21 18:13:14] Index View criado {
    "file": "C:\\xampp\\htdocs\\Gustavo\\skyline2\/modules\/prioridades\/views\/index.php"
}
[2026-01-21 18:13:14] JS criado {
    "file": "C:\\xampp\\htdocs\\Gustavo\\skyline2\/modules\/prioridades\/js\/prioridades.js"
}
[2026-01-21 18:13:14] CSS criado {
    "file": "C:\\xampp\\htdocs\\Gustavo\\skyline2\/modules\/prioridades\/css\/prioridades.css"
}
[2026-01-21 18:13:14] Módulo gerado {
    "module": "prioridades"
}
[2026-01-21 18:13:14] Pasta criada {
    "path": "C:\\xampp\\htdocs\\Gustavo\\skyline2\/modules\/projetos"
}
[2026-01-21 18:13:14] Pasta criada {
    "path": "C:\\xampp\\htdocs\\Gustavo\\skyline2\/modules\/projetos\/views"
}
[2026-01-21 18:13:14] Pasta criada {
    "path": "C:\\xampp\\htdocs\\Gustavo\\skyline2\/modules\/projetos\/js"
}
[2026-01-21 18:13:14] Pasta criada {
    "path": "C:\\xampp\\htdocs\\Gustavo\\skyline2\/modules\/projetos\/css"
}
[2026-01-21 18:13:14] View criado {
    "file": "C:\\xampp\\htdocs\\Gustavo\\skyline2\/modules\/projetos\/views\/edit.php"
}
[2026-01-21 18:13:14] View criado {
    "file": "C:\\xampp\\htdocs\\Gustavo\\skyline2\/modules\/projetos\/views\/detail.php"
}
[2026-01-21 18:13:14] Router criado {
    "file": "C:\\xampp\\htdocs\\Gustavo\\skyline2\/modules\/projetos\/router.php"
}
[2026-01-21 18:13:14] Index View criado {
    "file": "C:\\xampp\\htdocs\\Gustavo\\skyline2\/modules\/projetos\/views\/index.php"
}
[2026-01-21 18:13:14] JS criado {
    "file": "C:\\xampp\\htdocs\\Gustavo\\skyline2\/modules\/projetos\/js\/projetos.js"
}
[2026-01-21 18:13:14] CSS criado {
    "file": "C:\\xampp\\htdocs\\Gustavo\\skyline2\/modules\/projetos\/css\/projetos.css"
}
[2026-01-21 18:13:14] Módulo gerado {
    "module": "projetos"
}
[2026-01-21 18:13:14] Pasta criada {
    "path": "C:\\xampp\\htdocs\\Gustavo\\skyline2\/modules\/recursos"
}
[2026-01-21 18:13:14] Pasta criada {
    "path": "C:\\xampp\\htdocs\\Gustavo\\skyline2\/modules\/recursos\/views"
}
[2026-01-21 18:13:14] Pasta criada {
    "path": "C:\\xampp\\htdocs\\Gustavo\\skyline2\/modules\/recursos\/js"
}
[2026-01-21 18:13:14] Pasta criada {
    "path": "C:\\xampp\\htdocs\\Gustavo\\skyline2\/modules\/recursos\/css"
}
[2026-01-21 18:13:14] View criado {
    "file": "C:\\xampp\\htdocs\\Gustavo\\skyline2\/modules\/recursos\/views\/edit.php"
}
[2026-01-21 18:13:14] View criado {
    "file": "C:\\xampp\\htdocs\\Gustavo\\skyline2\/modules\/recursos\/views\/detail.php"
}
[2026-01-21 18:13:14] Router criado {
    "file": "C:\\xampp\\htdocs\\Gustavo\\skyline2\/modules\/recursos\/router.php"
}
[2026-01-21 18:13:14] Index View criado {
    "file": "C:\\xampp\\htdocs\\Gustavo\\skyline2\/modules\/recursos\/views\/index.php"
}
[2026-01-21 18:13:14] JS criado {
    "file": "C:\\xampp\\htdocs\\Gustavo\\skyline2\/modules\/recursos\/js\/recursos.js"
}
[2026-01-21 18:13:14] CSS criado {
    "file": "C:\\xampp\\htdocs\\Gustavo\\skyline2\/modules\/recursos\/css\/recursos.css"
}
[2026-01-21 18:13:14] Módulo gerado {
    "module": "recursos"
}
[2026-01-21 18:13:14] Pasta criada {
    "path": "C:\\xampp\\htdocs\\Gustavo\\skyline2\/modules\/tarefas"
}
[2026-01-21 18:13:14] Pasta criada {
    "path": "C:\\xampp\\htdocs\\Gustavo\\skyline2\/modules\/tarefas\/views"
}
[2026-01-21 18:13:14] Pasta criada {
    "path": "C:\\xampp\\htdocs\\Gustavo\\skyline2\/modules\/tarefas\/js"
}
[2026-01-21 18:13:14] Pasta criada {
    "path": "C:\\xampp\\htdocs\\Gustavo\\skyline2\/modules\/tarefas\/css"
}
[2026-01-21 18:13:14] View criado {
    "file": "C:\\xampp\\htdocs\\Gustavo\\skyline2\/modules\/tarefas\/views\/edit.php"
}
[2026-01-21 18:13:14] View criado {
    "file": "C:\\xampp\\htdocs\\Gustavo\\skyline2\/modules\/tarefas\/views\/detail.php"
}
[2026-01-21 18:13:14] Router criado {
    "file": "C:\\xampp\\htdocs\\Gustavo\\skyline2\/modules\/tarefas\/router.php"
}
[2026-01-21 18:13:14] Index View criado {
    "file": "C:\\xampp\\htdocs\\Gustavo\\skyline2\/modules\/tarefas\/views\/index.php"
}
[2026-01-21 18:13:14] JS criado {
    "file": "C:\\xampp\\htdocs\\Gustavo\\skyline2\/modules\/tarefas\/js\/tarefas.js"
}
[2026-01-21 18:13:14] CSS criado {
    "file": "C:\\xampp\\htdocs\\Gustavo\\skyline2\/modules\/tarefas\/css\/tarefas.css"
}
[2026-01-21 18:13:14] Módulo gerado {
    "module": "tarefas"
}
[2026-01-21 18:31:40] Tentando atualizar registro {
    "modulo": "pessoas",
    "data": {
        "id": "1",
        "nome": "Ana Silva",
        "tipo": "funcionario"
    }
}
[2026-01-21 18:31:40] UPDATE resultado {
    "modulo": "pessoas",
    "id": "1",
    "rows": 0,
    "sql": "UPDATE pessoas SET nome = ?, tipo = ? WHERE id = ?",
    "values": [
        "Ana Silva",
        "funcionario",
        "1"
    ]
}
[2026-01-21 18:31:40] Tentando atualizar registro {
    "modulo": "alocacoes",
    "data": {
        "id": "1",
        "tarefa_id": "1",
        "recurso_id": "2",
        "quantidade": "1.00",
        "observacao": "",
        "aprovado_por": 1
    }
}
[2026-01-21 18:31:40] UPDATE resultado {
    "modulo": "alocacoes",
    "id": "1",
    "rows": 1,
    "sql": "UPDATE alocacoes SET tarefa_id = ?, recurso_id = ?, quantidade = ?, observacao = ?, aprovado_por = ? WHERE id = ?",
    "values": [
        "1",
        "2",
        "1.00",
        "",
        1,
        "1"
    ]
}
[2026-01-21 18:31:40] Tentando atualizar registro {
    "modulo": "comentarios",
    "data": {
        "id": "2",
        "tarefa_id": "2",
        "autor_id": 1,
        "texto": "Endpoint \/auth\/login pronto!",
        "criado_em": "2026-01-21"
    }
}
[2026-01-21 18:31:40] UPDATE resultado {
    "modulo": "comentarios",
    "id": "2",
    "rows": 1,
    "sql": "UPDATE comentarios SET tarefa_id = ?, autor_id = ?, texto = ?, criado_em = ? WHERE id = ?",
    "values": [
        "2",
        1,
        "Endpoint \/auth\/login pronto!",
        "2026-01-21",
        "2"
    ]
}
[2026-01-21 18:31:40] Tentando atualizar registro {
    "modulo": "projetos",
    "data": {
        "id": "1",
        "nome": "App Mobile Banco",
        "responsavel_id": 1,
        "cliente_id": "3"
    }
}
[2026-01-21 18:31:40] UPDATE resultado {
    "modulo": "projetos",
    "id": "1",
    "rows": 0,
    "sql": "UPDATE projetos SET nome = ?, responsavel_id = ?, cliente_id = ? WHERE id = ?",
    "values": [
        "App Mobile Banco",
        1,
        "3",
        "1"
    ]
}
[2026-01-21 18:31:40] Tentando atualizar registro {
    "modulo": "projetos",
    "data": {
        "id": "1",
        "nome": "App Mobile Banco",
        "responsavel_id": "1",
        "cliente_id": 1
    }
}
[2026-01-21 18:31:40] UPDATE resultado {
    "modulo": "projetos",
    "id": "1",
    "rows": 1,
    "sql": "UPDATE projetos SET nome = ?, responsavel_id = ?, cliente_id = ? WHERE id = ?",
    "values": [
        "App Mobile Banco",
        "1",
        1,
        "1"
    ]
}
[2026-01-21 18:31:40] Tentando atualizar registro {
    "modulo": "tarefas",
    "data": {
        "id": "1",
        "projeto_id": "1",
        "descricao": "Criar wireframes",
        "atribuido_a": 1,
        "categoria_id": "2",
        "prioridade_id": "2"
    }
}
[2026-01-21 18:31:40] UPDATE resultado {
    "modulo": "tarefas",
    "id": "1",
    "rows": 0,
    "sql": "UPDATE tarefas SET projeto_id = ?, descricao = ?, atribuido_a = ?, categoria_id = ?, prioridade_id = ? WHERE id = ?",
    "values": [
        "1",
        "Criar wireframes",
        1,
        "2",
        "2",
        "1"
    ]
}
[2026-01-21 18:31:40] Tentando atualizar registro {
    "modulo": "tarefas",
    "data": {
        "id": "4",
        "projeto_id": "2",
        "descricao": "Deploy produção",
        "atribuido_a": 1,
        "categoria_id": "4",
        "prioridade_id": "3"
    }
}
[2026-01-21 18:31:40] UPDATE resultado {
    "modulo": "tarefas",
    "id": "4",
    "rows": 0,
    "sql": "UPDATE tarefas SET projeto_id = ?, descricao = ?, atribuido_a = ?, categoria_id = ?, prioridade_id = ? WHERE id = ?",
    "values": [
        "2",
        "Deploy produção",
        1,
        "4",
        "3",
        "4"
    ]
}
[2026-01-21 18:37:32] Arquivo de metadata deletado {
    "file": "C:\\xampp\\htdocs\\Gustavo\\skyline2\\metadata\/alocacoes.json"
}
[2026-01-21 18:37:32] Arquivo de metadata deletado {
    "file": "C:\\xampp\\htdocs\\Gustavo\\skyline2\\metadata\/categorias.json"
}
[2026-01-21 18:37:32] Arquivo de metadata deletado {
    "file": "C:\\xampp\\htdocs\\Gustavo\\skyline2\\metadata\/comentarios.json"
}
[2026-01-21 18:37:32] Arquivo de metadata deletado {
    "file": "C:\\xampp\\htdocs\\Gustavo\\skyline2\\metadata\/pessoas.json"
}
[2026-01-21 18:37:32] Arquivo de metadata deletado {
    "file": "C:\\xampp\\htdocs\\Gustavo\\skyline2\\metadata\/prioridades.json"
}
[2026-01-21 18:37:32] Arquivo de metadata deletado {
    "file": "C:\\xampp\\htdocs\\Gustavo\\skyline2\\metadata\/projetos.json"
}
[2026-01-21 18:37:32] Arquivo de metadata deletado {
    "file": "C:\\xampp\\htdocs\\Gustavo\\skyline2\\metadata\/recursos.json"
}
[2026-01-21 18:37:32] Arquivo de metadata deletado {
    "file": "C:\\xampp\\htdocs\\Gustavo\\skyline2\\metadata\/tarefas.json"
}
[2026-01-21 18:37:32] Relacionamento items criado {
    "parent": "tarefas",
    "child": "alocacoes",
    "foreign_key": "tarefa_id"
}
[2026-01-21 18:37:32] Relacionamento items criado {
    "parent": "recursos",
    "child": "alocacoes",
    "foreign_key": "recurso_id"
}
[2026-01-21 18:37:32] Relacionamento items criado {
    "parent": "pessoas",
    "child": "alocacoes",
    "foreign_key": "aprovado_por"
}
[2026-01-21 18:37:32] Relacionamento items criado {
    "parent": "tarefas",
    "child": "comentarios",
    "foreign_key": "tarefa_id"
}
[2026-01-21 18:37:32] Relacionamento items criado {
    "parent": "pessoas",
    "child": "comentarios",
    "foreign_key": "autor_id"
}
[2026-01-21 18:37:32] Relacionamento items criado {
    "parent": "pessoas",
    "child": "projetos",
    "foreign_key": "responsavel_id"
}
[2026-01-21 18:37:32] Relacionamento items criado {
    "parent": "pessoas",
    "child": "projetos",
    "foreign_key": "cliente_id"
}
[2026-01-21 18:37:32] Relacionamento items criado {
    "parent": "projetos",
    "child": "tarefas",
    "foreign_key": "projeto_id"
}
[2026-01-21 18:37:32] Relacionamento items criado {
    "parent": "pessoas",
    "child": "tarefas",
    "foreign_key": "atribuido_a"
}
[2026-01-21 18:37:32] Relacionamento items criado {
    "parent": "categorias",
    "child": "tarefas",
    "foreign_key": "categoria_id"
}
[2026-01-21 18:37:32] Relacionamento items criado {
    "parent": "prioridades",
    "child": "tarefas",
    "foreign_key": "prioridade_id"
}
[2026-01-21 19:02:31] Tentando atualizar registro {
    "modulo": "pessoas",
    "data": {
        "id": "1",
        "nome": "Ana Silva",
        "tipo": "funcionario"
    }
}
[2026-01-21 19:02:31] UPDATE resultado {
    "modulo": "pessoas",
    "id": "1",
    "rows": 0,
    "sql": "UPDATE pessoas SET nome = ?, tipo = ? WHERE id = ?",
    "values": [
        "Ana Silva",
        "funcionario",
        "1"
    ]
}
[2026-01-21 19:02:31] Tentando atualizar registro {
    "modulo": "alocacoes",
    "data": {
        "id": "1",
        "tarefa_id": "1",
        "recurso_id": "2",
        "quantidade": "1.00",
        "observacao": "teste",
        "aprovado_por": "1"
    }
}
[2026-01-21 19:02:31] UPDATE resultado {
    "modulo": "alocacoes",
    "id": "1",
    "rows": 1,
    "sql": "UPDATE alocacoes SET tarefa_id = ?, recurso_id = ?, quantidade = ?, observacao = ?, aprovado_por = ? WHERE id = ?",
    "values": [
        "1",
        "2",
        "1.00",
        "teste",
        "1",
        "1"
    ]
}
[2026-01-21 19:02:31] Tentando atualizar registro {
    "modulo": "comentarios",
    "data": {
        "id": "2",
        "tarefa_id": "2",
        "autor_id": "1",
        "texto": "Endpoint \/auth\/login pronto!",
        "criado_em": ""
    }
}
[2026-01-21 19:02:31] UPDATE resultado {
    "modulo": "comentarios",
    "id": "2",
    "rows": 1,
    "sql": "UPDATE comentarios SET tarefa_id = ?, autor_id = ?, texto = ?, criado_em = ? WHERE id = ?",
    "values": [
        "2",
        "1",
        "Endpoint \/auth\/login pronto!",
        "",
        "2"
    ]
}
[2026-01-21 19:02:31] Tentando atualizar registro {
    "modulo": "projetos",
    "data": {
        "id": "1",
        "nome": "App Mobile Banco",
        "responsavel_id": "1",
        "cliente_id": "1"
    }
}
[2026-01-21 19:02:31] UPDATE resultado {
    "modulo": "projetos",
    "id": "1",
    "rows": 0,
    "sql": "UPDATE projetos SET nome = ?, responsavel_id = ?, cliente_id = ? WHERE id = ?",
    "values": [
        "App Mobile Banco",
        "1",
        "1",
        "1"
    ]
}
[2026-01-21 19:02:31] Tentando atualizar registro {
    "modulo": "tarefas",
    "data": {
        "id": "1",
        "projeto_id": "1",
        "descricao": "Criar wireframes",
        "atribuido_a": "1",
        "categoria_id": "2",
        "prioridade_id": "2"
    }
}
[2026-01-21 19:02:31] UPDATE resultado {
    "modulo": "tarefas",
    "id": "1",
    "rows": 0,
    "sql": "UPDATE tarefas SET projeto_id = ?, descricao = ?, atribuido_a = ?, categoria_id = ?, prioridade_id = ? WHERE id = ?",
    "values": [
        "1",
        "Criar wireframes",
        "1",
        "2",
        "2",
        "1"
    ]
}
[2026-01-21 19:02:31] Tentando atualizar registro {
    "modulo": "tarefas",
    "data": {
        "id": "4",
        "projeto_id": "2",
        "descricao": "Deploy produção",
        "atribuido_a": "1",
        "categoria_id": "4",
        "prioridade_id": "3"
    }
}
[2026-01-21 19:02:31] UPDATE resultado {
    "modulo": "tarefas",
    "id": "4",
    "rows": 0,
    "sql": "UPDATE tarefas SET projeto_id = ?, descricao = ?, atribuido_a = ?, categoria_id = ?, prioridade_id = ? WHERE id = ?",
    "values": [
        "2",
        "Deploy produção",
        "1",
        "4",
        "3",
        "4"
    ]
}
[2026-01-21 19:09:36] Arquivo de metadata deletado {
    "file": "C:\\xampp\\htdocs\\Gustavo\\skyline2\\metadata\/alocacoes.json"
}
[2026-01-21 19:09:36] Arquivo de metadata deletado {
    "file": "C:\\xampp\\htdocs\\Gustavo\\skyline2\\metadata\/categorias.json"
}
[2026-01-21 19:09:36] Arquivo de metadata deletado {
    "file": "C:\\xampp\\htdocs\\Gustavo\\skyline2\\metadata\/comentarios.json"
}
[2026-01-21 19:09:36] Arquivo de metadata deletado {
    "file": "C:\\xampp\\htdocs\\Gustavo\\skyline2\\metadata\/pessoas.json"
}
[2026-01-21 19:09:36] Arquivo de metadata deletado {
    "file": "C:\\xampp\\htdocs\\Gustavo\\skyline2\\metadata\/prioridades.json"
}
[2026-01-21 19:09:36] Arquivo de metadata deletado {
    "file": "C:\\xampp\\htdocs\\Gustavo\\skyline2\\metadata\/projetos.json"
}
[2026-01-21 19:09:36] Arquivo de metadata deletado {
    "file": "C:\\xampp\\htdocs\\Gustavo\\skyline2\\metadata\/recursos.json"
}
[2026-01-21 19:09:36] Arquivo de metadata deletado {
    "file": "C:\\xampp\\htdocs\\Gustavo\\skyline2\\metadata\/tarefas.json"
}
[2026-01-21 19:09:37] Relacionamento items criado {
    "parent": "tarefas",
    "child": "alocacoes",
    "foreign_key": "tarefa_id"
}
[2026-01-21 19:09:37] Relacionamento items criado {
    "parent": "recursos",
    "child": "alocacoes",
    "foreign_key": "recurso_id"
}
[2026-01-21 19:09:37] Relacionamento items criado {
    "parent": "pessoas",
    "child": "alocacoes",
    "foreign_key": "aprovado_por"
}
[2026-01-21 19:09:37] Relacionamento items criado {
    "parent": "tarefas",
    "child": "comentarios",
    "foreign_key": "tarefa_id"
}
[2026-01-21 19:09:37] Relacionamento items criado {
    "parent": "pessoas",
    "child": "comentarios",
    "foreign_key": "autor_id"
}
[2026-01-21 19:09:37] Relacionamento items criado {
    "parent": "pessoas",
    "child": "projetos",
    "foreign_key": "responsavel_id"
}
[2026-01-21 19:09:37] Relacionamento items criado {
    "parent": "pessoas",
    "child": "projetos",
    "foreign_key": "cliente_id"
}
[2026-01-21 19:09:37] Relacionamento items criado {
    "parent": "projetos",
    "child": "tarefas",
    "foreign_key": "projeto_id"
}
[2026-01-21 19:09:37] Relacionamento items criado {
    "parent": "pessoas",
    "child": "tarefas",
    "foreign_key": "atribuido_a"
}
[2026-01-21 19:09:37] Relacionamento items criado {
    "parent": "categorias",
    "child": "tarefas",
    "foreign_key": "categoria_id"
}
[2026-01-21 19:09:37] Relacionamento items criado {
    "parent": "prioridades",
    "child": "tarefas",
    "foreign_key": "prioridade_id"
}
[2026-01-22 14:36:28] Arquivo de metadata deletado {
    "file": "C:\\xampp\\htdocs\\Gustavo\\skyline2\\metadata\/alocacoes.json"
}
[2026-01-22 14:36:28] Arquivo de metadata deletado {
    "file": "C:\\xampp\\htdocs\\Gustavo\\skyline2\\metadata\/categorias.json"
}
[2026-01-22 14:36:28] Arquivo de metadata deletado {
    "file": "C:\\xampp\\htdocs\\Gustavo\\skyline2\\metadata\/comentarios.json"
}
[2026-01-22 14:36:28] Arquivo de metadata deletado {
    "file": "C:\\xampp\\htdocs\\Gustavo\\skyline2\\metadata\/pessoas.json"
}
[2026-01-22 14:36:28] Arquivo de metadata deletado {
    "file": "C:\\xampp\\htdocs\\Gustavo\\skyline2\\metadata\/prioridades.json"
}
[2026-01-22 14:36:28] Arquivo de metadata deletado {
    "file": "C:\\xampp\\htdocs\\Gustavo\\skyline2\\metadata\/projetos.json"
}
[2026-01-22 14:36:28] Arquivo de metadata deletado {
    "file": "C:\\xampp\\htdocs\\Gustavo\\skyline2\\metadata\/recursos.json"
}
[2026-01-22 14:36:28] Arquivo de metadata deletado {
    "file": "C:\\xampp\\htdocs\\Gustavo\\skyline2\\metadata\/tarefas.json"
}
[2026-01-22 14:36:28] Relacionamento items criado {
    "parent": "tarefas",
    "child": "alocacoes",
    "foreign_key": "tarefa_id"
}
[2026-01-22 14:36:28] Relacionamento items criado {
    "parent": "recursos",
    "child": "alocacoes",
    "foreign_key": "recurso_id"
}
[2026-01-22 14:36:28] Relacionamento items criado {
    "parent": "pessoas",
    "child": "alocacoes",
    "foreign_key": "aprovado_por"
}
[2026-01-22 14:36:28] Relacionamento items criado {
    "parent": "tarefas",
    "child": "comentarios",
    "foreign_key": "tarefa_id"
}
[2026-01-22 14:36:28] Relacionamento items criado {
    "parent": "pessoas",
    "child": "comentarios",
    "foreign_key": "autor_id"
}
[2026-01-22 14:36:28] Relacionamento items criado {
    "parent": "pessoas",
    "child": "projetos",
    "foreign_key": "responsavel_id"
}
[2026-01-22 14:36:28] Relacionamento items criado {
    "parent": "pessoas",
    "child": "projetos",
    "foreign_key": "cliente_id"
}
[2026-01-22 14:36:28] Relacionamento items criado {
    "parent": "projetos",
    "child": "tarefas",
    "foreign_key": "projeto_id"
}
[2026-01-22 14:36:28] Relacionamento items criado {
    "parent": "pessoas",
    "child": "tarefas",
    "foreign_key": "atribuido_a"
}
[2026-01-22 14:36:28] Relacionamento items criado {
    "parent": "categorias",
    "child": "tarefas",
    "foreign_key": "categoria_id"
}
[2026-01-22 14:36:28] Relacionamento items criado {
    "parent": "prioridades",
    "child": "tarefas",
    "foreign_key": "prioridade_id"
}
[2026-01-22 14:36:28] Metadata de relatórios gerado/atualizado
[2026-01-22 14:38:11] Arquivo de metadata deletado {
    "file": "C:\\xampp\\htdocs\\Gustavo\\skyline2\\metadata\/alocacoes.json"
}
[2026-01-22 14:38:11] Arquivo de metadata deletado {
    "file": "C:\\xampp\\htdocs\\Gustavo\\skyline2\\metadata\/categorias.json"
}
[2026-01-22 14:38:11] Arquivo de metadata deletado {
    "file": "C:\\xampp\\htdocs\\Gustavo\\skyline2\\metadata\/comentarios.json"
}
[2026-01-22 14:38:11] Arquivo de metadata deletado {
    "file": "C:\\xampp\\htdocs\\Gustavo\\skyline2\\metadata\/pessoas.json"
}
[2026-01-22 14:38:11] Arquivo de metadata deletado {
    "file": "C:\\xampp\\htdocs\\Gustavo\\skyline2\\metadata\/prioridades.json"
}
[2026-01-22 14:38:11] Arquivo de metadata deletado {
    "file": "C:\\xampp\\htdocs\\Gustavo\\skyline2\\metadata\/projetos.json"
}
[2026-01-22 14:38:11] Arquivo de metadata deletado {
    "file": "C:\\xampp\\htdocs\\Gustavo\\skyline2\\metadata\/recursos.json"
}
[2026-01-22 14:38:11] Arquivo de metadata deletado {
    "file": "C:\\xampp\\htdocs\\Gustavo\\skyline2\\metadata\/tarefas.json"
}
[2026-01-22 14:38:11] Relacionamento items criado {
    "parent": "tarefas",
    "child": "alocacoes",
    "foreign_key": "tarefa_id"
}
[2026-01-22 14:38:11] Relacionamento items criado {
    "parent": "recursos",
    "child": "alocacoes",
    "foreign_key": "recurso_id"
}
[2026-01-22 14:38:11] Relacionamento items criado {
    "parent": "pessoas",
    "child": "alocacoes",
    "foreign_key": "aprovado_por"
}
[2026-01-22 14:38:11] Relacionamento items criado {
    "parent": "tarefas",
    "child": "comentarios",
    "foreign_key": "tarefa_id"
}
[2026-01-22 14:38:11] Relacionamento items criado {
    "parent": "pessoas",
    "child": "comentarios",
    "foreign_key": "autor_id"
}
[2026-01-22 14:38:11] Relacionamento items criado {
    "parent": "pessoas",
    "child": "projetos",
    "foreign_key": "responsavel_id"
}
[2026-01-22 14:38:11] Relacionamento items criado {
    "parent": "pessoas",
    "child": "projetos",
    "foreign_key": "cliente_id"
}
[2026-01-22 14:38:11] Relacionamento items criado {
    "parent": "projetos",
    "child": "tarefas",
    "foreign_key": "projeto_id"
}
[2026-01-22 14:38:11] Relacionamento items criado {
    "parent": "pessoas",
    "child": "tarefas",
    "foreign_key": "atribuido_a"
}
[2026-01-22 14:38:11] Relacionamento items criado {
    "parent": "categorias",
    "child": "tarefas",
    "foreign_key": "categoria_id"
}
[2026-01-22 14:38:11] Relacionamento items criado {
    "parent": "prioridades",
    "child": "tarefas",
    "foreign_key": "prioridade_id"
}
[2026-01-22 14:38:11] Metadata de relatórios gerado/atualizado
[2026-01-28 03:34:52] Arquivo de metadata deletado {
    "file": "C:\\xampp\\htdocs\\skyline2\\metadata\/alocacoes.json"
}
[2026-01-28 03:34:52] Arquivo de metadata deletado {
    "file": "C:\\xampp\\htdocs\\skyline2\\metadata\/categorias.json"
}
[2026-01-28 03:34:52] Arquivo de metadata deletado {
    "file": "C:\\xampp\\htdocs\\skyline2\\metadata\/comentarios.json"
}
[2026-01-28 03:34:52] Arquivo de metadata deletado {
    "file": "C:\\xampp\\htdocs\\skyline2\\metadata\/pessoas.json"
}
[2026-01-28 03:34:52] Arquivo de metadata deletado {
    "file": "C:\\xampp\\htdocs\\skyline2\\metadata\/prioridades.json"
}
[2026-01-28 03:34:52] Arquivo de metadata deletado {
    "file": "C:\\xampp\\htdocs\\skyline2\\metadata\/projetos.json"
}
[2026-01-28 03:34:52] Arquivo de metadata deletado {
    "file": "C:\\xampp\\htdocs\\skyline2\\metadata\/recursos.json"
}
[2026-01-28 03:34:52] Arquivo de metadata deletado {
    "file": "C:\\xampp\\htdocs\\skyline2\\metadata\/tarefas.json"
}
[2026-01-28 03:34:52] Relacionamento items criado {
    "parent": "servicos",
    "child": "itens_servico",
    "foreign_key": "servico_id"
}
[2026-01-28 03:34:52] Relacionamento items criado {
    "parent": "clientes",
    "child": "veiculos",
    "foreign_key": "cliente_id"
}
[2026-01-28 03:34:52] Metadata de relatórios gerado/atualizado
[2026-01-28 03:34:52] Custom metadata órfão removido. {
    "file": "C:\\xampp\\htdocs\\skyline2\\metadata\/custom\/pessoas.json"
}
[2026-01-28 03:34:52] Módulo removido {
    "module": "alocacoes"
}
[2026-01-28 03:34:52] Módulo removido {
    "module": "categorias"
}
[2026-01-28 03:34:52] Módulo removido {
    "module": "comentarios"
}
[2026-01-28 03:34:52] Módulo removido {
    "module": "pessoas"
}
[2026-01-28 03:34:52] Módulo removido {
    "module": "prioridades"
}
[2026-01-28 03:34:52] Módulo removido {
    "module": "projetos"
}
[2026-01-28 03:34:52] Módulo removido {
    "module": "recursos"
}
[2026-01-28 03:34:52] Módulo removido {
    "module": "tarefas"
}
[2026-01-28 03:34:52] Pasta criada {
    "path": "C:\\xampp\\htdocs\\skyline2\/modules\/clientes"
}
[2026-01-28 03:34:52] Pasta criada {
    "path": "C:\\xampp\\htdocs\\skyline2\/modules\/clientes\/views"
}
[2026-01-28 03:34:52] Pasta criada {
    "path": "C:\\xampp\\htdocs\\skyline2\/modules\/clientes\/js"
}
[2026-01-28 03:34:52] Pasta criada {
    "path": "C:\\xampp\\htdocs\\skyline2\/modules\/clientes\/css"
}
[2026-01-28 03:34:52] View criado {
    "file": "C:\\xampp\\htdocs\\skyline2\/modules\/clientes\/views\/edit.php"
}
[2026-01-28 03:34:52] View criado {
    "file": "C:\\xampp\\htdocs\\skyline2\/modules\/clientes\/views\/detail.php"
}
[2026-01-28 03:34:52] Router criado {
    "file": "C:\\xampp\\htdocs\\skyline2\/modules\/clientes\/router.php"
}
[2026-01-28 03:34:52] Index View criado {
    "file": "C:\\xampp\\htdocs\\skyline2\/modules\/clientes\/views\/index.php"
}
[2026-01-28 03:34:52] JS criado {
    "file": "C:\\xampp\\htdocs\\skyline2\/modules\/clientes\/js\/clientes.js"
}
[2026-01-28 03:34:52] CSS criado {
    "file": "C:\\xampp\\htdocs\\skyline2\/modules\/clientes\/css\/clientes.css"
}
[2026-01-28 03:34:52] Módulo gerado {
    "module": "clientes"
}
[2026-01-28 03:34:52] Pasta criada {
    "path": "C:\\xampp\\htdocs\\skyline2\/modules\/itens_servico"
}
[2026-01-28 03:34:52] Pasta criada {
    "path": "C:\\xampp\\htdocs\\skyline2\/modules\/itens_servico\/views"
}
[2026-01-28 03:34:52] Pasta criada {
    "path": "C:\\xampp\\htdocs\\skyline2\/modules\/itens_servico\/js"
}
[2026-01-28 03:34:52] Pasta criada {
    "path": "C:\\xampp\\htdocs\\skyline2\/modules\/itens_servico\/css"
}
[2026-01-28 03:34:52] View criado {
    "file": "C:\\xampp\\htdocs\\skyline2\/modules\/itens_servico\/views\/edit.php"
}
[2026-01-28 03:34:52] View criado {
    "file": "C:\\xampp\\htdocs\\skyline2\/modules\/itens_servico\/views\/detail.php"
}
[2026-01-28 03:34:52] Router criado {
    "file": "C:\\xampp\\htdocs\\skyline2\/modules\/itens_servico\/router.php"
}
[2026-01-28 03:34:52] Index View criado {
    "file": "C:\\xampp\\htdocs\\skyline2\/modules\/itens_servico\/views\/index.php"
}
[2026-01-28 03:34:52] JS criado {
    "file": "C:\\xampp\\htdocs\\skyline2\/modules\/itens_servico\/js\/itens_servico.js"
}
[2026-01-28 03:34:52] CSS criado {
    "file": "C:\\xampp\\htdocs\\skyline2\/modules\/itens_servico\/css\/itens_servico.css"
}
[2026-01-28 03:34:52] Módulo gerado {
    "module": "itens_servico"
}
[2026-01-28 03:34:52] Pasta criada {
    "path": "C:\\xampp\\htdocs\\skyline2\/modules\/servicos"
}
[2026-01-28 03:34:52] Pasta criada {
    "path": "C:\\xampp\\htdocs\\skyline2\/modules\/servicos\/views"
}
[2026-01-28 03:34:52] Pasta criada {
    "path": "C:\\xampp\\htdocs\\skyline2\/modules\/servicos\/js"
}
[2026-01-28 03:34:52] Pasta criada {
    "path": "C:\\xampp\\htdocs\\skyline2\/modules\/servicos\/css"
}
[2026-01-28 03:34:52] View criado {
    "file": "C:\\xampp\\htdocs\\skyline2\/modules\/servicos\/views\/edit.php"
}
[2026-01-28 03:34:52] View criado {
    "file": "C:\\xampp\\htdocs\\skyline2\/modules\/servicos\/views\/detail.php"
}
[2026-01-28 03:34:52] Router criado {
    "file": "C:\\xampp\\htdocs\\skyline2\/modules\/servicos\/router.php"
}
[2026-01-28 03:34:52] Index View criado {
    "file": "C:\\xampp\\htdocs\\skyline2\/modules\/servicos\/views\/index.php"
}
[2026-01-28 03:34:52] JS criado {
    "file": "C:\\xampp\\htdocs\\skyline2\/modules\/servicos\/js\/servicos.js"
}
[2026-01-28 03:34:52] CSS criado {
    "file": "C:\\xampp\\htdocs\\skyline2\/modules\/servicos\/css\/servicos.css"
}
[2026-01-28 03:34:52] Módulo gerado {
    "module": "servicos"
}
[2026-01-28 03:34:52] Pasta criada {
    "path": "C:\\xampp\\htdocs\\skyline2\/modules\/veiculos"
}
[2026-01-28 03:34:52] Pasta criada {
    "path": "C:\\xampp\\htdocs\\skyline2\/modules\/veiculos\/views"
}
[2026-01-28 03:34:52] Pasta criada {
    "path": "C:\\xampp\\htdocs\\skyline2\/modules\/veiculos\/js"
}
[2026-01-28 03:34:52] Pasta criada {
    "path": "C:\\xampp\\htdocs\\skyline2\/modules\/veiculos\/css"
}
[2026-01-28 03:34:52] View criado {
    "file": "C:\\xampp\\htdocs\\skyline2\/modules\/veiculos\/views\/edit.php"
}
[2026-01-28 03:34:52] View criado {
    "file": "C:\\xampp\\htdocs\\skyline2\/modules\/veiculos\/views\/detail.php"
}
[2026-01-28 03:34:52] Router criado {
    "file": "C:\\xampp\\htdocs\\skyline2\/modules\/veiculos\/router.php"
}
[2026-01-28 03:34:52] Index View criado {
    "file": "C:\\xampp\\htdocs\\skyline2\/modules\/veiculos\/views\/index.php"
}
[2026-01-28 03:34:52] JS criado {
    "file": "C:\\xampp\\htdocs\\skyline2\/modules\/veiculos\/js\/veiculos.js"
}
[2026-01-28 03:34:52] CSS criado {
    "file": "C:\\xampp\\htdocs\\skyline2\/modules\/veiculos\/css\/veiculos.css"
}
[2026-01-28 03:34:52] Módulo gerado {
    "module": "veiculos"
}
[2026-01-28 03:35:04] Tentando atualizar registro {
    "modulo": "clientes",
    "data": {
        "id": "7",
        "nome": "NATAAAAAAAALa",
        "telefone": "ta editan",
        "endereco": "ofdasse",
        "bairro": "funcionaaa",
        "cidade": "f",
        "cpf_cnpj": "f"
    }
}
[2026-01-28 03:35:04] UPDATE resultado {
    "modulo": "clientes",
    "id": "7",
    "rows": 1,
    "sql": "UPDATE clientes SET nome = ?, telefone = ?, endereco = ?, bairro = ?, cidade = ?, cpf_cnpj = ? WHERE id = ?",
    "values": [
        "NATAAAAAAAALa",
        "ta editan",
        "ofdasse",
        "funcionaaa",
        "f",
        "f",
        "7"
    ]
}
[2026-01-28 04:01:25] Módulo removido {
    "module": "clientes"
}
[2026-01-28 04:01:25] Módulo removido {
    "module": "itens_servico"
}
[2026-01-28 04:01:25] Módulo removido {
    "module": "servicos"
}
[2026-01-28 04:01:25] Módulo removido {
    "module": "veiculos"
}
[2026-01-28 04:01:25] Pasta criada {
    "path": "C:\\xampp\\htdocs\\skyline2\/modules\/clientes"
}
[2026-01-28 04:01:25] Pasta criada {
    "path": "C:\\xampp\\htdocs\\skyline2\/modules\/clientes\/views"
}
[2026-01-28 04:01:25] Pasta criada {
    "path": "C:\\xampp\\htdocs\\skyline2\/modules\/clientes\/js"
}
[2026-01-28 04:01:25] Pasta criada {
    "path": "C:\\xampp\\htdocs\\skyline2\/modules\/clientes\/css"
}
[2026-01-28 04:01:25] View criado {
    "file": "C:\\xampp\\htdocs\\skyline2\/modules\/clientes\/views\/edit.php"
}
[2026-01-28 04:01:25] View criado {
    "file": "C:\\xampp\\htdocs\\skyline2\/modules\/clientes\/views\/detail.php"
}
[2026-01-28 04:01:25] Router criado {
    "file": "C:\\xampp\\htdocs\\skyline2\/modules\/clientes\/router.php"
}
[2026-01-28 04:01:25] Index View criado {
    "file": "C:\\xampp\\htdocs\\skyline2\/modules\/clientes\/views\/index.php"
}
[2026-01-28 04:01:25] JS criado {
    "file": "C:\\xampp\\htdocs\\skyline2\/modules\/clientes\/js\/clientes.js"
}
[2026-01-28 04:01:25] CSS criado {
    "file": "C:\\xampp\\htdocs\\skyline2\/modules\/clientes\/css\/clientes.css"
}
[2026-01-28 04:01:25] Módulo gerado {
    "module": "clientes"
}
[2026-01-28 04:01:25] Pasta criada {
    "path": "C:\\xampp\\htdocs\\skyline2\/modules\/itens_servico"
}
[2026-01-28 04:01:25] Pasta criada {
    "path": "C:\\xampp\\htdocs\\skyline2\/modules\/itens_servico\/views"
}
[2026-01-28 04:01:25] Pasta criada {
    "path": "C:\\xampp\\htdocs\\skyline2\/modules\/itens_servico\/js"
}
[2026-01-28 04:01:25] Pasta criada {
    "path": "C:\\xampp\\htdocs\\skyline2\/modules\/itens_servico\/css"
}
[2026-01-28 04:01:25] View criado {
    "file": "C:\\xampp\\htdocs\\skyline2\/modules\/itens_servico\/views\/edit.php"
}
[2026-01-28 04:01:25] View criado {
    "file": "C:\\xampp\\htdocs\\skyline2\/modules\/itens_servico\/views\/detail.php"
}
[2026-01-28 04:01:25] Router criado {
    "file": "C:\\xampp\\htdocs\\skyline2\/modules\/itens_servico\/router.php"
}
[2026-01-28 04:01:25] Index View criado {
    "file": "C:\\xampp\\htdocs\\skyline2\/modules\/itens_servico\/views\/index.php"
}
[2026-01-28 04:01:25] JS criado {
    "file": "C:\\xampp\\htdocs\\skyline2\/modules\/itens_servico\/js\/itens_servico.js"
}
[2026-01-28 04:01:25] CSS criado {
    "file": "C:\\xampp\\htdocs\\skyline2\/modules\/itens_servico\/css\/itens_servico.css"
}
[2026-01-28 04:01:25] Módulo gerado {
    "module": "itens_servico"
}
[2026-01-28 04:01:25] Pasta criada {
    "path": "C:\\xampp\\htdocs\\skyline2\/modules\/servicos"
}
[2026-01-28 04:01:25] Pasta criada {
    "path": "C:\\xampp\\htdocs\\skyline2\/modules\/servicos\/views"
}
[2026-01-28 04:01:25] Pasta criada {
    "path": "C:\\xampp\\htdocs\\skyline2\/modules\/servicos\/js"
}
[2026-01-28 04:01:25] Pasta criada {
    "path": "C:\\xampp\\htdocs\\skyline2\/modules\/servicos\/css"
}
[2026-01-28 04:01:25] View criado {
    "file": "C:\\xampp\\htdocs\\skyline2\/modules\/servicos\/views\/edit.php"
}
[2026-01-28 04:01:25] View criado {
    "file": "C:\\xampp\\htdocs\\skyline2\/modules\/servicos\/views\/detail.php"
}
[2026-01-28 04:01:25] Router criado {
    "file": "C:\\xampp\\htdocs\\skyline2\/modules\/servicos\/router.php"
}
[2026-01-28 04:01:25] Index View criado {
    "file": "C:\\xampp\\htdocs\\skyline2\/modules\/servicos\/views\/index.php"
}
[2026-01-28 04:01:25] JS criado {
    "file": "C:\\xampp\\htdocs\\skyline2\/modules\/servicos\/js\/servicos.js"
}
[2026-01-28 04:01:25] CSS criado {
    "file": "C:\\xampp\\htdocs\\skyline2\/modules\/servicos\/css\/servicos.css"
}
[2026-01-28 04:01:25] Módulo gerado {
    "module": "servicos"
}
[2026-01-28 04:01:25] Pasta criada {
    "path": "C:\\xampp\\htdocs\\skyline2\/modules\/veiculos"
}
[2026-01-28 04:01:25] Pasta criada {
    "path": "C:\\xampp\\htdocs\\skyline2\/modules\/veiculos\/views"
}
[2026-01-28 04:01:25] Pasta criada {
    "path": "C:\\xampp\\htdocs\\skyline2\/modules\/veiculos\/js"
}
[2026-01-28 04:01:25] Pasta criada {
    "path": "C:\\xampp\\htdocs\\skyline2\/modules\/veiculos\/css"
}
[2026-01-28 04:01:25] View criado {
    "file": "C:\\xampp\\htdocs\\skyline2\/modules\/veiculos\/views\/edit.php"
}
[2026-01-28 04:01:25] View criado {
    "file": "C:\\xampp\\htdocs\\skyline2\/modules\/veiculos\/views\/detail.php"
}
[2026-01-28 04:01:25] Router criado {
    "file": "C:\\xampp\\htdocs\\skyline2\/modules\/veiculos\/router.php"
}
[2026-01-28 04:01:25] Index View criado {
    "file": "C:\\xampp\\htdocs\\skyline2\/modules\/veiculos\/views\/index.php"
}
[2026-01-28 04:01:25] JS criado {
    "file": "C:\\xampp\\htdocs\\skyline2\/modules\/veiculos\/js\/veiculos.js"
}
[2026-01-28 04:01:25] CSS criado {
    "file": "C:\\xampp\\htdocs\\skyline2\/modules\/veiculos\/css\/veiculos.css"
}
[2026-01-28 04:01:25] Módulo gerado {
    "module": "veiculos"
}
[2026-01-28 04:22:30] Módulo removido {
    "module": "clientes"
}
[2026-01-28 04:22:30] Módulo removido {
    "module": "itens_servico"
}
[2026-01-28 04:22:30] Módulo removido {
    "module": "servicos"
}
[2026-01-28 04:22:30] Módulo removido {
    "module": "veiculos"
}
[2026-01-28 04:22:30] Pasta criada {
    "path": "C:\\xampp\\htdocs\\skyline2\/modules\/clientes"
}
[2026-01-28 04:22:30] Pasta criada {
    "path": "C:\\xampp\\htdocs\\skyline2\/modules\/clientes\/views"
}
[2026-01-28 04:22:30] Pasta criada {
    "path": "C:\\xampp\\htdocs\\skyline2\/modules\/clientes\/js"
}
[2026-01-28 04:22:30] Pasta criada {
    "path": "C:\\xampp\\htdocs\\skyline2\/modules\/clientes\/css"
}
[2026-01-28 04:22:30] View criado {
    "file": "C:\\xampp\\htdocs\\skyline2\/modules\/clientes\/views\/edit.php"
}
[2026-01-28 04:22:30] View criado {
    "file": "C:\\xampp\\htdocs\\skyline2\/modules\/clientes\/views\/detail.php"
}
[2026-01-28 04:22:30] Router criado {
    "file": "C:\\xampp\\htdocs\\skyline2\/modules\/clientes\/router.php"
}
[2026-01-28 04:22:30] Index View criado {
    "file": "C:\\xampp\\htdocs\\skyline2\/modules\/clientes\/views\/index.php"
}
[2026-01-28 04:22:30] JS criado {
    "file": "C:\\xampp\\htdocs\\skyline2\/modules\/clientes\/js\/clientes.js"
}
[2026-01-28 04:22:30] CSS criado {
    "file": "C:\\xampp\\htdocs\\skyline2\/modules\/clientes\/css\/clientes.css"
}
[2026-01-28 04:22:30] Módulo gerado {
    "module": "clientes"
}
[2026-01-28 04:22:30] Pasta criada {
    "path": "C:\\xampp\\htdocs\\skyline2\/modules\/itens_servico"
}
[2026-01-28 04:22:30] Pasta criada {
    "path": "C:\\xampp\\htdocs\\skyline2\/modules\/itens_servico\/views"
}
[2026-01-28 04:22:30] Pasta criada {
    "path": "C:\\xampp\\htdocs\\skyline2\/modules\/itens_servico\/js"
}
[2026-01-28 04:22:30] Pasta criada {
    "path": "C:\\xampp\\htdocs\\skyline2\/modules\/itens_servico\/css"
}
[2026-01-28 04:22:30] View criado {
    "file": "C:\\xampp\\htdocs\\skyline2\/modules\/itens_servico\/views\/edit.php"
}
[2026-01-28 04:22:30] View criado {
    "file": "C:\\xampp\\htdocs\\skyline2\/modules\/itens_servico\/views\/detail.php"
}
[2026-01-28 04:22:30] Router criado {
    "file": "C:\\xampp\\htdocs\\skyline2\/modules\/itens_servico\/router.php"
}
[2026-01-28 04:22:30] Index View criado {
    "file": "C:\\xampp\\htdocs\\skyline2\/modules\/itens_servico\/views\/index.php"
}
[2026-01-28 04:22:30] JS criado {
    "file": "C:\\xampp\\htdocs\\skyline2\/modules\/itens_servico\/js\/itens_servico.js"
}
[2026-01-28 04:22:30] CSS criado {
    "file": "C:\\xampp\\htdocs\\skyline2\/modules\/itens_servico\/css\/itens_servico.css"
}
[2026-01-28 04:22:30] Módulo gerado {
    "module": "itens_servico"
}
[2026-01-28 04:22:30] Pasta criada {
    "path": "C:\\xampp\\htdocs\\skyline2\/modules\/servicos"
}
[2026-01-28 04:22:30] Pasta criada {
    "path": "C:\\xampp\\htdocs\\skyline2\/modules\/servicos\/views"
}
[2026-01-28 04:22:30] Pasta criada {
    "path": "C:\\xampp\\htdocs\\skyline2\/modules\/servicos\/js"
}
[2026-01-28 04:22:30] Pasta criada {
    "path": "C:\\xampp\\htdocs\\skyline2\/modules\/servicos\/css"
}
[2026-01-28 04:22:30] View criado {
    "file": "C:\\xampp\\htdocs\\skyline2\/modules\/servicos\/views\/edit.php"
}
[2026-01-28 04:22:30] View criado {
    "file": "C:\\xampp\\htdocs\\skyline2\/modules\/servicos\/views\/detail.php"
}
[2026-01-28 04:22:30] Router criado {
    "file": "C:\\xampp\\htdocs\\skyline2\/modules\/servicos\/router.php"
}
[2026-01-28 04:22:30] Index View criado {
    "file": "C:\\xampp\\htdocs\\skyline2\/modules\/servicos\/views\/index.php"
}
[2026-01-28 04:22:30] JS criado {
    "file": "C:\\xampp\\htdocs\\skyline2\/modules\/servicos\/js\/servicos.js"
}
[2026-01-28 04:22:30] CSS criado {
    "file": "C:\\xampp\\htdocs\\skyline2\/modules\/servicos\/css\/servicos.css"
}
[2026-01-28 04:22:30] Módulo gerado {
    "module": "servicos"
}
[2026-01-28 04:22:30] Pasta criada {
    "path": "C:\\xampp\\htdocs\\skyline2\/modules\/veiculos"
}
[2026-01-28 04:22:30] Pasta criada {
    "path": "C:\\xampp\\htdocs\\skyline2\/modules\/veiculos\/views"
}
[2026-01-28 04:22:30] Pasta criada {
    "path": "C:\\xampp\\htdocs\\skyline2\/modules\/veiculos\/js"
}
[2026-01-28 04:22:30] Pasta criada {
    "path": "C:\\xampp\\htdocs\\skyline2\/modules\/veiculos\/css"
}
[2026-01-28 04:22:30] View criado {
    "file": "C:\\xampp\\htdocs\\skyline2\/modules\/veiculos\/views\/edit.php"
}
[2026-01-28 04:22:30] View criado {
    "file": "C:\\xampp\\htdocs\\skyline2\/modules\/veiculos\/views\/detail.php"
}
[2026-01-28 04:22:30] Router criado {
    "file": "C:\\xampp\\htdocs\\skyline2\/modules\/veiculos\/router.php"
}
[2026-01-28 04:22:30] Index View criado {
    "file": "C:\\xampp\\htdocs\\skyline2\/modules\/veiculos\/views\/index.php"
}
[2026-01-28 04:22:30] JS criado {
    "file": "C:\\xampp\\htdocs\\skyline2\/modules\/veiculos\/js\/veiculos.js"
}
[2026-01-28 04:22:30] CSS criado {
    "file": "C:\\xampp\\htdocs\\skyline2\/modules\/veiculos\/css\/veiculos.css"
}
[2026-01-28 04:22:30] Módulo gerado {
    "module": "veiculos"
}
[2026-01-28 04:22:50] Módulo removido {
    "module": "clientes"
}
[2026-01-28 04:22:50] Módulo removido {
    "module": "itens_servico"
}
[2026-01-28 04:22:50] Módulo removido {
    "module": "servicos"
}
[2026-01-28 04:22:50] Módulo removido {
    "module": "veiculos"
}
[2026-01-28 04:22:50] Pasta criada {
    "path": "C:\\xampp\\htdocs\\skyline2\/modules\/clientes"
}
[2026-01-28 04:22:50] Pasta criada {
    "path": "C:\\xampp\\htdocs\\skyline2\/modules\/clientes\/views"
}
[2026-01-28 04:22:50] Pasta criada {
    "path": "C:\\xampp\\htdocs\\skyline2\/modules\/clientes\/js"
}
[2026-01-28 04:22:50] Pasta criada {
    "path": "C:\\xampp\\htdocs\\skyline2\/modules\/clientes\/css"
}
[2026-01-28 04:22:50] Pasta criada {
    "path": "C:\\xampp\\htdocs\\skyline2\/modules\/clientes\/pdf"
}
[2026-01-28 04:22:50] View criado {
    "file": "C:\\xampp\\htdocs\\skyline2\/modules\/clientes\/views\/edit.php"
}
[2026-01-28 04:22:50] View criado {
    "file": "C:\\xampp\\htdocs\\skyline2\/modules\/clientes\/views\/detail.php"
}
[2026-01-28 04:22:50] Router criado {
    "file": "C:\\xampp\\htdocs\\skyline2\/modules\/clientes\/router.php"
}
[2026-01-28 04:22:50] Index View criado {
    "file": "C:\\xampp\\htdocs\\skyline2\/modules\/clientes\/views\/index.php"
}
[2026-01-28 04:22:50] JS criado {
    "file": "C:\\xampp\\htdocs\\skyline2\/modules\/clientes\/js\/clientes.js"
}
[2026-01-28 04:22:50] CSS criado {
    "file": "C:\\xampp\\htdocs\\skyline2\/modules\/clientes\/css\/clientes.css"
}
[2026-01-28 04:22:50] PDF Template criado {
    "file": "C:\\xampp\\htdocs\\skyline2\/modules\/clientes\/pdf\/template.php"
}
[2026-01-28 04:22:50] Módulo gerado {
    "module": "clientes"
}
[2026-01-28 04:22:50] Pasta criada {
    "path": "C:\\xampp\\htdocs\\skyline2\/modules\/itens_servico"
}
[2026-01-28 04:22:50] Pasta criada {
    "path": "C:\\xampp\\htdocs\\skyline2\/modules\/itens_servico\/views"
}
[2026-01-28 04:22:50] Pasta criada {
    "path": "C:\\xampp\\htdocs\\skyline2\/modules\/itens_servico\/js"
}
[2026-01-28 04:22:50] Pasta criada {
    "path": "C:\\xampp\\htdocs\\skyline2\/modules\/itens_servico\/css"
}
[2026-01-28 04:22:50] Pasta criada {
    "path": "C:\\xampp\\htdocs\\skyline2\/modules\/itens_servico\/pdf"
}
[2026-01-28 04:22:50] View criado {
    "file": "C:\\xampp\\htdocs\\skyline2\/modules\/itens_servico\/views\/edit.php"
}
[2026-01-28 04:22:50] View criado {
    "file": "C:\\xampp\\htdocs\\skyline2\/modules\/itens_servico\/views\/detail.php"
}
[2026-01-28 04:22:50] Router criado {
    "file": "C:\\xampp\\htdocs\\skyline2\/modules\/itens_servico\/router.php"
}
[2026-01-28 04:22:50] Index View criado {
    "file": "C:\\xampp\\htdocs\\skyline2\/modules\/itens_servico\/views\/index.php"
}
[2026-01-28 04:22:50] JS criado {
    "file": "C:\\xampp\\htdocs\\skyline2\/modules\/itens_servico\/js\/itens_servico.js"
}
[2026-01-28 04:22:50] CSS criado {
    "file": "C:\\xampp\\htdocs\\skyline2\/modules\/itens_servico\/css\/itens_servico.css"
}
[2026-01-28 04:22:50] PDF Template criado {
    "file": "C:\\xampp\\htdocs\\skyline2\/modules\/itens_servico\/pdf\/template.php"
}
[2026-01-28 04:22:50] Módulo gerado {
    "module": "itens_servico"
}
[2026-01-28 04:22:50] Pasta criada {
    "path": "C:\\xampp\\htdocs\\skyline2\/modules\/servicos"
}
[2026-01-28 04:22:50] Pasta criada {
    "path": "C:\\xampp\\htdocs\\skyline2\/modules\/servicos\/views"
}
[2026-01-28 04:22:50] Pasta criada {
    "path": "C:\\xampp\\htdocs\\skyline2\/modules\/servicos\/js"
}
[2026-01-28 04:22:50] Pasta criada {
    "path": "C:\\xampp\\htdocs\\skyline2\/modules\/servicos\/css"
}
[2026-01-28 04:22:50] Pasta criada {
    "path": "C:\\xampp\\htdocs\\skyline2\/modules\/servicos\/pdf"
}
[2026-01-28 04:22:50] View criado {
    "file": "C:\\xampp\\htdocs\\skyline2\/modules\/servicos\/views\/edit.php"
}
[2026-01-28 04:22:50] View criado {
    "file": "C:\\xampp\\htdocs\\skyline2\/modules\/servicos\/views\/detail.php"
}
[2026-01-28 04:22:50] Router criado {
    "file": "C:\\xampp\\htdocs\\skyline2\/modules\/servicos\/router.php"
}
[2026-01-28 04:22:50] Index View criado {
    "file": "C:\\xampp\\htdocs\\skyline2\/modules\/servicos\/views\/index.php"
}
[2026-01-28 04:22:50] JS criado {
    "file": "C:\\xampp\\htdocs\\skyline2\/modules\/servicos\/js\/servicos.js"
}
[2026-01-28 04:22:50] CSS criado {
    "file": "C:\\xampp\\htdocs\\skyline2\/modules\/servicos\/css\/servicos.css"
}
[2026-01-28 04:22:50] PDF Template criado {
    "file": "C:\\xampp\\htdocs\\skyline2\/modules\/servicos\/pdf\/template.php"
}
[2026-01-28 04:22:50] Módulo gerado {
    "module": "servicos"
}
[2026-01-28 04:22:50] Pasta criada {
    "path": "C:\\xampp\\htdocs\\skyline2\/modules\/veiculos"
}
[2026-01-28 04:22:50] Pasta criada {
    "path": "C:\\xampp\\htdocs\\skyline2\/modules\/veiculos\/views"
}
[2026-01-28 04:22:50] Pasta criada {
    "path": "C:\\xampp\\htdocs\\skyline2\/modules\/veiculos\/js"
}
[2026-01-28 04:22:50] Pasta criada {
    "path": "C:\\xampp\\htdocs\\skyline2\/modules\/veiculos\/css"
}
[2026-01-28 04:22:50] Pasta criada {
    "path": "C:\\xampp\\htdocs\\skyline2\/modules\/veiculos\/pdf"
}
[2026-01-28 04:22:50] View criado {
    "file": "C:\\xampp\\htdocs\\skyline2\/modules\/veiculos\/views\/edit.php"
}
[2026-01-28 04:22:50] View criado {
    "file": "C:\\xampp\\htdocs\\skyline2\/modules\/veiculos\/views\/detail.php"
}
[2026-01-28 04:22:50] Router criado {
    "file": "C:\\xampp\\htdocs\\skyline2\/modules\/veiculos\/router.php"
}
[2026-01-28 04:22:50] Index View criado {
    "file": "C:\\xampp\\htdocs\\skyline2\/modules\/veiculos\/views\/index.php"
}
[2026-01-28 04:22:50] JS criado {
    "file": "C:\\xampp\\htdocs\\skyline2\/modules\/veiculos\/js\/veiculos.js"
}
[2026-01-28 04:22:50] CSS criado {
    "file": "C:\\xampp\\htdocs\\skyline2\/modules\/veiculos\/css\/veiculos.css"
}
[2026-01-28 04:22:50] PDF Template criado {
    "file": "C:\\xampp\\htdocs\\skyline2\/modules\/veiculos\/pdf\/template.php"
}
[2026-01-28 04:22:50] Módulo gerado {
    "module": "veiculos"
}
